train_no,station_order,station_id,arrival_time,departure_time
K1258,1,1027,NULL,16:34
K1258,2,1028,17:30,17:45
K1258,3,1019,20:52,20:54
K1258,4,1025,23:17,NULL
K1256,1,1025,NULL,20:00
K1256,2,1019,21:58,22:00
K1256,3,1029,00:08,00:20
K1256,4,1028,00:43,00:58
K1256,5,1027,01:56,NULL
K1047,1,1042,NULL,19:18
K1047,2,1038,22:34,22:40
K1047,3,1004,01:03,01:11
K1047,4,1009,02:31,02:35
K1047,5,1015,03:37,03:42
K1047,6,1001,05:04,NULL
K1558,1,1040,NULL,21:35
K1558,2,1037,23:09,23:15
K1558,3,1004,01:08,01:30
K1558,4,1009,02:58,03:02
K1558,5,1015,04:02,04:06
K1558,6,1001,05:23,NULL
Z378,1,1011,NULL,21:51
Z378,2,1038,23:34,23:39
Z378,3,1004,01:37,01:45
Z378,4,1009,03:06,03:10
Z378,5,1015,04:09,04:14
Z378,6,1001,05:29,NULL
K292,1,1011,NULL,21:57
K292,2,1038,23:40,23:45
K292,3,1004,01:43,01:51
K292,4,1009,03:12,03:17
K292,5,1015,04:25,04:30
K292,6,1001,05:35,NULL
G7072,1,1001,NULL,05:48
G7072,2,1015,06:15,06:17
G7072,3,1009,06:49,06:51
G7072,4,1005,07:50,07:54
G7072,5,1037,08:37,08:39
G7072,6,1040,09:17,09:19
G7072,7,1032,10:00,NULL
G7032,1,1001,NULL,05:53
G7032,2,1015,06:25,06:27
G7032,3,1009,06:59,07:01
G7032,4,1004,07:53,NULL
K359,1,1011,NULL,22:13
K359,2,1004,02:04,02:12
K359,3,1009,03:39,03:43
K359,4,1015,04:42,04:46
K359,5,1001,05:56,NULL
K8484,1,1042,NULL,20:30
K8484,2,1038,00:04,00:10
K8484,3,1004,02:10,02:18
K8484,4,1009,03:45,03:49
K8484,5,1015,04:48,04:52
K8484,6,1001,06:03,NULL
D308,1,1011,NULL,00:38
D308,2,1004,03:28,03:34
D308,3,1009,04:35,04:37
D308,4,1015,05:22,05:24
D308,5,1001,06:20,NULL
G7076,1,1001,NULL,06:20
G7076,2,1015,06:52,06:54
G7076,3,1009,07:31,07:33
G7076,4,1005,08:34,08:36
G7076,5,1037,09:13,09:15
G7076,6,1040,09:47,09:49
G7076,7,1032,10:30,NULL
D312,1,1011,NULL,00:46
D312,2,1004,03:34,03:40
D312,3,1009,04:41,04:43
D312,4,1015,05:28,05:30
D312,5,1001,06:26,NULL
K8431,1,1038,NULL,23:52
K8431,2,1004,01:50,01:58
K8431,3,1015,04:54,04:58
K8431,4,1001,06:33,NULL
G8266,1,1001,NULL,06:38
G8266,2,1015,07:33,07:35
G8266,3,1009,08:06,08:08
G8266,4,1017,10:45,NULL
K154,1,1004,NULL,02:50
K154,2,1009,04:13,04:17
K154,3,1015,05:15,05:18
K154,4,1001,06:40,NULL
G7002,1,1001,NULL,06:48
G7002,2,1015,07:20,07:22
G7002,3,1009,07:54,07:56
G7002,4,1004,08:41,NULL
1461,1,1011,NULL,22:57
1461,2,1038,00:47,00:51
1461,3,1004,02:56,03:03
1461,4,1009,04:23,04:26
1461,5,1015,05:50,05:54
1461,6,1001,07:00,NULL
G6,1,1001,NULL,07:00
G6,2,1016,07:25,07:27
G6,3,1005,08:11,NULL
G222,1,1001,NULL,07:05
G222,2,1016,07:33,07:35
G222,3,1005,08:23,08:25
G222,4,1012,09:41,NULL
K284,1,1011,NULL,23:40
K284,2,1038,01:23,01:27
K284,3,1004,03:44,03:53
K284,4,1001,07:07,NULL
G7034,1,1001,NULL,07:10
G7034,2,1015,07:43,07:45
G7034,3,1009,08:25,08:27
G7034,4,1004,09:19,NULL
G7213,1,1015,NULL,06:40
G7213,2,1001,07:19,NULL
G7203,1,1015,NULL,06:53
G7203,2,1001,07:25,NULL
G7029,1,1004,NULL,05:36
G7029,2,1009,06:28,06:30
G7029,3,1015,07:01,07:03
G7029,4,1001,07:30,NULL
G7080,1,1001,NULL,07:31
G7080,2,1015,08:09,08:11
G7080,3,1009,08:42,08:44
G7080,4,1005,09:42,09:45
G7080,5,1037,10:28,10:30
G7080,6,1040,11:08,11:10
G7080,7,1032,11:51,NULL
G7358,1,1022,NULL,06:10
G7358,2,1020,06:39,06:41
G7358,3,1003,07:08,07:10
G7358,4,1001,07:37,NULL
G7211,1,1009,NULL,06:35
G7211,2,1015,07:06,07:08
G7211,3,1001,07:42,NULL
G8268,1,1001,NULL,07:42
G8268,2,1015,08:14,08:16
G8268,3,1009,08:47,NULL
D709,1,1004,NULL,05:16
D709,2,1009,06:18,06:20
D709,3,1001,07:44,NULL
C3804,1,1006,NULL,06:15
C3804,2,1001,07:49,NULL
G7031,1,1004,NULL,06:00
G7031,2,1001,07:54,NULL
C3852,1,1001,NULL,07:55
C3852,2,1007,09:24,09:26
C3852,3,1004,11:51,NULL
G7004,1,1001,NULL,08:00
G7004,2,1015,08:25,08:27
G7004,3,1009,08:59,09:01
G7004,4,1004,09:40,NULL
G7268,1,1001,NULL,08:05
G7268,2,1015,08:37,08:39
G7268,3,1009,09:10,09:12
G7268,4,1005,10:05,10:08
G7268,5,1030,10:59,11:05
G7268,6,1036,11:44,NULL
G7317,1,1001,NULL,08:05
G7317,2,1003,08:34,08:36
G7317,3,1020,09:04,09:11
G7317,4,1023,09:36,09:41
G7317,5,1045,11:30,NULL
K8361,1,1042,NULL,18:30
K8361,2,1030,22:15,22:35
K8361,3,1037,00:13,00:38
K8361,4,1004,02:52,03:10
K8361,5,1009,04:50,04:59
K8361,6,1015,06:03,06:13
K8361,7,1001,08:05,NULL
G7209,1,1015,NULL,07:26
G7209,2,1001,08:07,NULL
G7036,1,1001,NULL,08:10
G7036,2,1015,08:42,08:44
G7036,3,1004,10:14,NULL
Z94,1,1015,NULL,07:18
Z94,2,1001,08:11,NULL
G7232,1,1001,NULL,08:15
G7232,2,1009,09:31,09:33
G7232,3,1005,10:25,10:32
G7232,4,1031,11:27,NULL
G7033,1,1009,NULL,07:00
G7033,2,1015,07:34,07:36
G7033,3,1001,08:18,NULL
C3808,1,1006,NULL,06:47
C3808,2,1001,08:20,NULL
G8276,1,1001,NULL,08:25
G8276,2,1015,09:06,09:08
G8276,3,1009,09:38,NULL
K8358,1,1018,NULL,19:30
K8358,2,1017,19:58,20:03
K8358,3,1013,21:02,21:06
K8358,4,1011,22:30,22:39
K8358,5,1038,01:09,01:13
K8358,6,1004,03:12,03:20
K8358,7,1009,05:05,05:17
K8358,8,1015,07:06,07:09
K8358,9,1001,08:28,NULL
D952,1,1001,NULL,08:30
D952,2,1005,10:12,10:16
D952,3,1031,11:06,NULL
G7035,1,1004,NULL,06:30
G7035,2,1009,07:15,07:17
G7035,3,1015,07:55,07:57
G7035,4,1001,08:35,NULL
G7084,1,1001,NULL,08:37
G7084,2,1015,09:11,09:13
G7084,3,1009,09:43,09:45
G7084,4,1005,10:40,10:46
G7084,5,1037,11:23,11:25
G7084,6,1040,12:03,12:05
G7084,7,1032,12:46,NULL
G7001,1,1004,NULL,07:00
G7001,2,1009,07:39,07:41
G7001,3,1015,08:12,08:14
G7001,4,1001,08:39,NULL
K290,1,1001,NULL,08:45
K290,2,1015,09:54,09:58
K290,3,1009,11:09,11:13
K290,4,1004,12:47,12:59
K290,5,1038,15:05,15:14
K290,6,1011,17:17,NULL
C3856,1,1001,NULL,08:51
C3856,2,1007,10:15,10:17
C3856,3,1004,12:48,NULL
Z376,1,1001,NULL,08:57
Z376,2,1015,10:01,10:04
Z376,3,1009,10:57,11:01
Z376,4,1004,12:41,12:47
Z376,5,1038,14:58,15:08
Z376,6,1011,16:55,NULL
G7037,1,1005,NULL,06:40
G7037,2,1009,07:33,07:35
G7037,3,1015,08:06,08:08
G7037,4,1001,08:58,NULL
K1101,1,1011,NULL,00:14
K1101,2,1038,02:16,02:21
K1101,3,1004,04:20,04:28
K1101,4,1009,06:42,06:46
K1101,5,1015,07:45,07:49
K1101,6,1001,08:59,NULL
G7006,1,1001,NULL,09:00
G7006,2,1015,09:25,09:27
G7006,3,1009,09:58,10:00
G7006,4,1004,10:41,NULL
K516,1,1001,NULL,09:03
K516,2,1015,10:19,10:23
K516,3,1009,11:22,11:25
K516,4,1004,12:53,13:05
K516,5,1038,15:18,15:22
K516,6,1011,17:58,NULL
K233,1,1011,NULL,23:31
K233,2,1004,03:18,03:47
K233,3,1009,05:25,05:29
K233,4,1015,07:23,07:27
K233,5,1001,09:05,NULL
G7038,1,1001,NULL,09:08
G7038,2,1015,09:48,09:50
G7038,3,1009,10:21,10:23
G7038,4,1004,11:19,NULL
G8262,1,1001,NULL,09:08
G8262,2,1015,09:48,09:50
G8262,3,1009,10:21,10:23
G8262,4,1017,13:12,NULL
G7039,1,1004,NULL,07:15
G7039,2,1015,08:40,08:42
G7039,3,1001,09:15,NULL
G8272,1,1001,NULL,09:17
G8272,2,1015,09:53,09:55
G8272,3,1009,10:41,10:48
G8272,4,1012,13:33,NULL
D705,1,1004,NULL,06:52
D705,2,1001,09:21,NULL
K360,1,1001,NULL,09:23
K360,2,1015,10:25,10:29
K360,3,1009,11:28,11:31
K360,4,1004,13:08,13:14
K360,5,1038,15:24,15:28
K360,6,1011,17:45,NULL
G7274,1,1037,NULL,06:42
G7274,2,1005,07:19,07:24
G7274,3,1009,08:22,08:24
G7274,4,1015,08:56,08:58
G7274,5,1001,09:30,NULL
G7043,1,1005,NULL,07:12
G7043,2,1015,08:45,08:47
G7043,3,1001,09:35,NULL
G7319,1,1001,NULL,09:38
G7319,2,1003,10:05,10:08
G7319,3,1020,10:37,10:39
G7319,4,1023,11:03,11:14
G7319,5,1045,12:46,NULL
G7003,1,1004,NULL,08:00
G7003,2,1009,08:39,08:41
G7003,3,1015,09:12,09:14
G7003,4,1001,09:39,NULL
G7040,1,1001,NULL,09:53
G7040,2,1015,10:30,10:32
G7040,3,1009,11:03,11:05
G7040,4,1004,11:51,NULL
C3854,1,1004,NULL,06:15
C3854,2,1007,08:33,08:35
C3854,3,1001,09:54,NULL
C3860,1,1001,NULL,09:56
C3860,2,1007,11:26,11:28
C3860,3,1004,13:53,NULL
G7008,1,1001,NULL,10:00
G7008,2,1015,10:25,10:27
G7008,3,1009,10:58,11:00
G7008,4,1004,11:40,NULL
Z198,1,1004,NULL,07:20
Z198,2,1001,10:00,NULL
G7042,1,1001,NULL,10:05
G7042,2,1015,10:45,10:47
G7042,3,1009,11:14,11:16
G7042,4,1004,12:07,NULL
G7262,1,1030,NULL,08:03
G7262,2,1005,08:54,08:58
G7262,3,1001,10:13,NULL
K1556,1,1001,NULL,10:15
K1556,2,1015,11:17,11:21
K1556,3,1009,12:26,12:29
K1556,4,1004,14:24,14:36
K1556,5,1037,16:30,16:36
K1556,6,1040,18:03,NULL
G7228,1,1037,NULL,07:28
G7228,2,1005,08:06,08:10
G7228,3,1009,09:09,09:11
G7228,4,1015,09:43,09:45
G7228,5,1001,10:18,NULL
K462,1,1042,NULL,21:56
K462,2,1004,05:25,05:31
K462,3,1009,07:18,07:22
K462,4,1015,08:48,08:53
K462,5,1001,10:19,NULL
C3864,1,1001,NULL,10:22
C3864,2,1007,11:50,11:52
C3864,3,1004,14:16,NULL
G7236,1,1001,NULL,10:28
G7236,2,1015,11:00,11:02
G7236,3,1009,11:41,11:43
G7236,4,1005,12:38,12:44
G7236,5,1031,13:35,NULL
Z100,1,1028,NULL,07:25
Z100,2,1001,10:37,NULL
G7005,1,1004,NULL,09:00
G7005,2,1009,09:39,09:41
G7005,3,1015,10:12,10:14
G7005,4,1001,10:39,NULL
G7060,1,1001,NULL,10:40
G7060,2,1009,11:46,11:48
G7060,3,1005,12:42,12:45
G7060,4,1037,13:28,13:31
G7060,5,1040,14:09,14:11
G7060,6,1032,14:52,NULL
C3816,1,1006,NULL,09:04
C3816,2,1001,10:46,NULL
D9508,1,1001,NULL,10:46
D9508,2,1015,11:19,11:21
D9508,3,1009,11:53,11:55
D9508,4,1017,15:03,NULL
G7289,1,1012,NULL,07:28
G7289,2,1039,08:11,08:13
G7289,3,1005,09:02,09:07
G7289,4,1001,10:52,NULL
G7240,1,1001,NULL,10:54
G7240,2,1015,11:30,11:32
G7240,3,1009,12:03,12:07
G7240,4,1005,12:59,13:05
G7240,5,1031,13:53,NULL
G7258,1,1031,NULL,07:36
G7258,2,1005,08:31,08:34
G7258,3,1009,09:44,09:46
G7258,4,1015,10:17,10:19
G7258,5,1001,10:57,NULL
G7010,1,1001,NULL,11:00
G7010,2,1015,11:25,11:27
G7010,3,1009,11:58,12:00
G7010,4,1004,12:39,NULL
T109,1,1011,NULL,04:11
T109,2,1004,07:43,07:50
T109,3,1009,09:03,09:07
T109,4,1015,10:02,10:06
T109,5,1001,11:00,NULL
G7294,1,1012,NULL,07:53
G7294,2,1039,08:36,08:38
G7294,3,1005,09:34,09:37
G7294,4,1010,10:08,10:10
G7294,5,1016,10:33,10:35
G7294,6,1001,11:03,NULL
K2186,1,1001,NULL,11:03
K2186,2,1015,12:04,12:13
K2186,3,1009,13:12,13:17
K2186,4,1004,15:06,15:15
K2186,5,1038,17:34,17:38
K2186,6,1011,20:05,NULL
K234,1,1001,NULL,11:09
K234,2,1015,12:16,12:20
K234,3,1009,13:19,13:23
K234,4,1004,15:00,15:09
K234,5,1038,17:16,17:22
K234,6,1011,19:59,NULL
G130,1,1001,NULL,11:15
G130,2,1005,12:48,12:50
G130,3,1012,14:23,NULL
K1156,1,1001,NULL,11:16
K1156,2,1015,12:25,12:28
K1156,3,1009,13:27,13:31
K1156,4,1004,15:12,15:29
K1156,5,1037,17:23,17:50
K1156,6,1030,19:20,NULL
G7264,1,1001,NULL,11:20
G7264,2,1015,11:47,11:49
G7264,3,1009,12:20,12:22
G7264,4,1005,13:09,13:13
G7264,5,1031,14:03,NULL
D9482,1,1001,NULL,11:28
D9482,2,1007,12:59,NULL
G8263,1,1017,NULL,07:22
G8263,2,1009,10:01,10:03
G8263,3,1015,10:48,10:50
G8263,4,1001,11:31,NULL
K174,1,1011,NULL,01:25
K174,2,1038,04:11,04:15
K174,3,1004,06:21,06:27
K174,4,1009,08:42,08:47
K174,5,1015,09:52,09:57
K174,6,1001,11:31,NULL
G7282,1,1001,NULL,11:33
G7282,2,1015,12:06,12:08
G7282,3,1005,13:34,13:37
G7282,4,1037,14:14,14:16
G7282,5,1033,14:45,NULL
G7045,1,1004,NULL,09:28
G7045,2,1009,10:27,10:29
G7045,3,1015,11:00,11:02
G7045,4,1001,11:35,NULL
C3891,1,1007,NULL,10:11
C3891,2,1001,11:37,NULL
G5,1,1005,NULL,10:32
G5,2,1001,11:40,NULL
K784,1,1037,NULL,03:59
K784,2,1004,06:34,07:05
K784,3,1009,08:48,08:53
K784,4,1015,10:23,10:28
K784,5,1001,11:45,NULL
G7007,1,1004,NULL,10:00
G7007,2,1009,10:39,10:41
G7007,3,1015,11:12,11:14
G7007,4,1001,11:47,NULL
K464,1,1001,NULL,11:48
K464,2,1015,13:15,13:19
K464,3,1009,14:18,14:23
K464,4,1004,16:18,16:28
K464,5,1038,18:48,19:00
K464,6,1042,22:32,NULL
Z166,1,1011,NULL,05:56
Z166,2,1038,07:15,07:20
Z166,3,1004,08:53,09:00
Z166,4,1015,10:53,10:57
Z166,5,1001,11:51,NULL
G7244,1,1001,NULL,11:53
G7244,2,1015,12:19,12:21
G7244,3,1005,13:40,13:43
G7244,4,1031,14:42,NULL
Z42,1,1011,NULL,06:02
Z42,2,1038,07:21,07:26
Z42,3,1004,08:59,09:06
Z42,4,1009,10:09,10:13
Z42,5,1015,11:00,11:04
Z42,6,1001,11:59,NULL
G12,1,1001,NULL,12:00
G12,2,1005,13:08,NULL
G7012,1,1001,NULL,12:05
G7012,2,1015,12:30,12:32
G7012,3,1009,13:03,13:05
G7012,4,1004,13:45,NULL
Z267,1,1011,NULL,06:08
Z267,2,1038,07:27,07:32
Z267,3,1004,09:05,09:12
Z267,4,1009,10:15,10:19
Z267,5,1015,11:06,11:10
Z267,6,1001,12:05,NULL
G7047,1,1004,NULL,10:12
G7047,2,1009,10:57,10:59
G7047,3,1015,11:33,11:35
G7047,4,1001,12:07,NULL
G7046,1,1001,NULL,12:10
G7046,2,1015,12:46,12:48
G7046,3,1004,14:13,NULL
1462,1,1001,NULL,12:15
1462,2,1015,13:21,13:26
1462,3,1009,14:25,14:29
1462,4,1004,16:12,16:22
1462,5,1038,18:36,18:42
1462,6,1011,20:48,NULL
G7221,1,1043,NULL,07:29
G7221,2,1036,08:26,08:28
G7221,3,1030,08:55,09:00
G7221,4,1005,09:51,09:56
G7221,5,1009,11:02,11:04
G7221,6,1015,11:43,11:45
G7221,7,1001,12:17,NULL
G415,1,1012,NULL,09:39
G415,2,1039,10:15,10:17
G415,3,1005,10:59,11:04
G415,4,1001,12:23,NULL
G7299,1,1012,NULL,09:07
G7299,2,1039,09:50,09:55
G7299,3,1005,10:44,10:48
G7299,4,1010,11:20,11:25
G7299,5,1016,11:55,12:00
G7299,6,1001,12:27,NULL
G7048,1,1001,NULL,12:28
G7048,2,1015,13:02,13:04
G7048,3,1009,13:41,13:43
G7048,4,1004,14:35,NULL
D9486,1,1001,NULL,12:32
D9486,2,1007,14:01,14:03
D9486,3,1004,16:28,NULL
G7074,1,1032,NULL,08:22
G7074,2,1040,09:03,09:05
G7074,3,1037,09:42,09:44
G7074,4,1005,10:28,10:34
G7074,5,1009,11:26,11:28
G7074,6,1015,11:59,12:01
G7074,7,1001,12:35,NULL
K736,1,1011,NULL,02:41
K736,2,1038,04:37,04:41
K736,3,1004,07:26,07:41
K736,4,1009,09:18,09:22
K736,5,1015,10:30,10:34
K736,6,1001,12:35,NULL
G7009,1,1004,NULL,11:00
G7009,2,1009,11:39,11:41
G7009,3,1015,12:12,12:14
G7009,4,1001,12:39,NULL
G7296,1,1001,NULL,12:40
G7296,2,1016,13:08,13:10
G7296,3,1005,14:13,14:16
G7296,4,1039,14:58,15:00
G7296,5,1012,15:38,NULL
T131,1,1011,NULL,06:14
T131,2,1004,09:20,09:28
T131,3,1009,10:48,10:52
T131,4,1015,11:45,11:49
T131,5,1001,12:44,NULL
G416,1,1001,NULL,12:45
G416,2,1016,13:13,13:15
G416,3,1010,13:47,13:54
G416,4,1005,14:32,14:37
G416,5,1012,16:02,NULL
Z254,1,1011,NULL,06:50
Z254,2,1038,08:16,08:20
Z254,3,1004,09:53,10:00
Z254,4,1009,11:04,11:08
Z254,5,1015,11:55,11:59
Z254,6,1001,12:50,NULL
G7088,1,1001,NULL,12:54
G7088,2,1015,13:30,13:32
G7088,3,1009,14:03,14:05
G7088,4,1005,14:51,14:53
G7088,5,1037,15:30,15:32
G7088,6,1040,16:04,16:06
G7088,7,1032,16:47,NULL
Z174,1,1011,NULL,07:10
Z174,2,1004,09:59,10:06
Z174,3,1009,11:10,11:14
Z174,4,1015,12:01,12:05
Z174,5,1001,12:56,NULL
G7014,1,1001,NULL,13:00
G7014,2,1015,13:25,13:27
G7014,3,1009,13:58,14:00
G7014,4,1004,14:40,NULL
C3858,1,1004,NULL,09:15
C3858,2,1007,11:33,11:35
C3858,3,1001,13:07,NULL
G7248,1,1001,NULL,13:14
G7248,2,1015,13:50,13:52
G7248,3,1005,15:18,15:23
G7248,4,1031,16:11,NULL
G7078,1,1032,NULL,09:10
G7078,2,1040,09:51,09:53
G7078,3,1037,10:24,10:26
G7078,4,1005,11:04,11:09
G7078,5,1009,11:55,11:57
G7078,6,1015,12:31,12:33
G7078,7,1001,13:21,NULL
K172,1,1001,NULL,13:22
K172,2,1015,14:38,14:43
K172,3,1009,15:43,15:48
K172,4,1004,17:30,17:38
K172,5,1038,20:34,20:39
K172,6,1011,22:55,NULL
K782,1,1001,NULL,13:28
K782,2,1015,14:30,14:35
K782,3,1009,15:35,15:39
K782,4,1004,17:23,17:43
K782,5,1037,20:11,20:17
K782,6,1040,21:48,NULL
T118,1,1011,NULL,06:40
T118,2,1038,08:23,08:32
T118,3,1004,10:14,10:25
T118,4,1015,12:30,12:34
T118,5,1001,13:30,NULL
C3868,1,1001,NULL,13:34
C3868,2,1007,15:04,15:06
C3868,3,1004,17:34,NULL
G7011,1,1004,NULL,12:00
G7011,2,1009,12:39,12:41
G7011,3,1015,13:12,13:14
G7011,4,1001,13:40,NULL
G7092,1,1001,NULL,13:41
G7092,2,1015,14:20,14:22
G7092,3,1009,14:53,14:55
G7092,4,1005,15:51,15:54
G7092,5,1037,16:31,16:33
G7092,6,1040,17:11,17:13
G7092,7,1032,17:54,NULL
K1102,1,1001,NULL,13:44
K1102,2,1015,14:47,14:50
K1102,3,1009,15:50,15:55
K1102,4,1004,17:56,18:06
K1102,5,1038,20:28,20:32
K1102,6,1011,22:35,NULL
G8273,1,1012,NULL,09:35
G8273,2,1009,12:22,12:27
G8273,3,1015,13:07,13:09
G8273,4,1001,13:48,NULL
K559,1,1011,NULL,04:48
K559,2,1038,06:31,06:47
K559,3,1004,09:38,09:45
K559,4,1009,11:34,11:43
K559,5,1015,12:42,12:46
K559,6,1001,13:48,NULL
G7016,1,1001,NULL,14:00
G7016,2,1015,14:25,14:27
G7016,3,1009,14:58,15:00
G7016,4,1004,15:41,NULL
K738,1,1001,NULL,14:04
K738,2,1015,15:11,15:14
K738,3,1009,16:13,16:16
K738,4,1004,18:05,18:19
K738,5,1038,21:05,21:10
K738,6,1011,23:01,NULL
G7051,1,1004,NULL,12:08
G7051,2,1009,12:54,12:56
G7051,3,1015,13:33,13:35
G7051,4,1001,14:12,NULL
T132,1,1001,NULL,14:13
T132,2,1015,15:02,15:06
T132,3,1009,16:00,16:04
T132,4,1004,17:37,17:45
T132,5,1038,19:27,19:31
T132,6,1011,21:20,NULL
G7276,1,1001,NULL,14:19
G7276,2,1015,14:44,14:46
G7276,3,1009,15:17,15:19
G7276,4,1005,16:13,16:15
G7276,5,1030,17:08,17:13
G7276,6,1036,17:40,17:45
G7276,7,1043,18:40,NULL
G8267,1,1009,NULL,13:01
G8267,2,1015,13:50,13:52
G8267,3,1001,14:29,NULL
G7050,1,1001,NULL,14:30
G7050,2,1015,15:07,15:09
G7050,3,1004,16:29,NULL
G7013,1,1004,NULL,13:00
G7013,2,1009,13:39,13:41
G7013,3,1015,14:12,14:14
G7013,4,1001,14:39,NULL
K1158,1,1030,NULL,05:46
K1158,2,1037,07:21,07:41
K1158,3,1004,09:36,10:12
K1158,4,1009,11:55,11:59
K1158,5,1015,12:58,13:02
K1158,6,1001,14:40,NULL
G7100,1,1001,NULL,14:45
G7100,2,1015,15:19,15:21
G7100,3,1009,16:03,16:05
G7100,4,1004,16:57,NULL
K374,1,1011,NULL,05:12
K374,2,1038,07:53,08:00
K374,3,1004,10:29,10:37
K374,4,1009,12:05,12:09
K374,5,1015,13:08,13:12
K374,6,1001,14:46,NULL
K560,1,1001,NULL,14:48
K560,2,1015,15:56,15:59
K560,3,1009,16:58,17:02
K560,4,1004,19:02,19:10
K560,5,1038,21:21,21:26
K560,6,1011,23:28,NULL
Z218,1,1011,NULL,08:40
Z218,2,1038,10:05,10:11
Z218,3,1004,12:03,12:11
Z218,4,1015,13:57,14:01
Z218,5,1001,14:54,NULL
Z268,1,1001,NULL,14:54
Z268,2,1015,15:44,15:48
Z268,3,1009,16:34,16:37
Z268,4,1004,17:46,17:53
Z268,5,1038,19:33,19:38
Z268,6,1011,21:08,NULL
G441,1,1012,NULL,11:37
G441,2,1039,12:14,12:19
G441,3,1005,13:00,13:06
G441,4,1010,13:38,13:57
G441,5,1016,14:19,14:29
G441,6,1001,14:57,NULL
G7018,1,1001,NULL,15:00
G7018,2,1015,15:25,15:27
G7018,3,1009,15:58,16:00
G7018,4,1004,16:45,NULL
G7229,1,1005,NULL,12:59
G7229,2,1009,13:51,13:53
G7229,3,1015,14:24,14:26
G7229,4,1001,15:02,NULL
G7800,1,1001,NULL,15:05
G7800,2,1015,15:40,NULL
G8270,1,1001,NULL,15:10
G8270,2,1015,15:45,15:47
G8270,3,1009,16:18,NULL
G7053,1,1004,NULL,13:08
G7053,2,1009,14:01,14:03
G7053,3,1015,14:35,14:37
G7053,4,1001,15:15,NULL
G7082,1,1032,NULL,11:00
G7082,2,1040,11:41,11:43
G7082,3,1037,12:20,12:22
G7082,4,1005,13:06,13:14
G7082,5,1009,14:06,14:08
G7082,6,1015,14:45,14:47
G7082,7,1001,15:20,NULL
G442,1,1001,NULL,15:22
G442,2,1016,15:50,15:52
G442,3,1010,16:14,16:16
G442,4,1005,16:48,16:51
G442,5,1039,17:32,17:34
G442,6,1012,18:18,NULL
D5591,1,1043,NULL,09:40
D5591,2,1036,10:18,10:20
D5591,3,1030,10:49,10:53
D5591,4,1007,14:00,14:02
D5591,5,1001,15:28,NULL
G7218,1,1001,NULL,15:29
G7218,2,1015,15:55,15:57
G7218,3,1005,17:13,17:15
G7218,4,1037,17:52,NULL
T116,1,1001,NULL,15:33
T116,2,1015,16:31,16:35
T116,3,1009,17:26,17:30
T116,4,1004,18:47,18:55
T116,5,1038,20:42,20:47
T116,6,1011,22:18,NULL
G7052,1,1001,NULL,15:39
G7052,2,1015,16:10,16:12
G7052,3,1009,16:43,16:45
G7052,4,1004,17:44,NULL
G7015,1,1004,NULL,14:00
G7015,2,1009,14:39,14:41
G7015,3,1015,15:12,15:14
G7015,4,1001,15:40,NULL
G7252,1,1001,NULL,15:44
G7252,2,1005,16:57,17:00
G7252,3,1031,17:48,NULL
C3802,1,1001,NULL,15:46
C3802,2,1006,17:26,NULL
G8275,1,1009,NULL,14:46
G8275,2,1015,15:17,15:19
G8275,3,1001,15:51,NULL
Z252,1,1001,NULL,15:52
Z252,2,1015,16:37,16:43
Z252,3,1009,17:32,17:36
Z252,4,1004,18:53,19:03
Z252,5,1038,20:48,20:54
Z252,6,1011,22:24,NULL
K190,1,1011,NULL,08:11
K190,2,1038,09:53,09:58
K190,3,1004,12:10,12:18
K190,4,1015,14:50,14:53
K190,5,1001,15:58,NULL
G7020,1,1001,NULL,16:00
G7020,2,1015,16:25,16:27
G7020,3,1009,16:58,17:00
G7020,4,1004,17:39,NULL
K372,1,1001,NULL,16:03
K372,2,1015,17:16,17:20
K372,3,1009,18:12,18:16
K372,4,1004,19:42,19:49
K372,5,1038,21:54,22:00
K372,6,1011,23:43,NULL
G7234,1,1031,NULL,13:08
G7234,2,1005,13:56,13:58
G7234,3,1009,14:50,14:52
G7234,4,1015,15:27,15:29
G7234,5,1001,16:09,NULL
C3806,1,1001,NULL,16:10
C3806,2,1006,17:44,NULL
Z306,1,1011,NULL,09:16
Z306,2,1038,10:46,10:51
Z306,3,1004,12:39,12:51
Z306,4,1009,14:10,14:13
Z306,5,1015,15:06,15:11
Z306,6,1001,16:10,NULL
G8277,1,1012,NULL,12:06
G8277,2,1015,15:41,15:43
G8277,3,1001,16:16,NULL
K1331,1,1011,NULL,08:17
K1331,2,1038,09:59,10:04
K1331,3,1004,12:16,12:24
K1331,4,1009,13:56,14:00
K1331,5,1015,15:00,15:03
K1331,6,1001,16:16,NULL
Z40,1,1001,NULL,16:17
Z40,2,1015,17:09,17:13
Z40,3,1009,18:00,18:04
Z40,4,1004,19:13,19:19
Z40,5,1038,20:54,21:00
Z40,6,1011,22:48,NULL
G8274,1,1001,NULL,16:20
G8274,2,1015,16:52,16:54
G8274,3,1009,17:31,17:33
G8274,4,1012,20:24,NULL
C3895,1,1007,NULL,14:42
C3895,2,1001,16:23,NULL
G7057,1,1004,NULL,14:28
G7057,2,1015,15:52,15:54
G7057,3,1001,16:28,NULL
G8291,1,1017,NULL,12:04
G8291,2,1014,13:37,13:39
G8291,3,1007,14:49,14:51
G8291,4,1001,16:29,NULL
K152,1,1001,NULL,16:31
K152,2,1015,17:34,17:39
K152,3,1009,18:39,18:44
K152,4,1004,20:33,20:42
K152,5,1038,00:04,NULL
G7799,1,1015,NULL,16:03
G7799,2,1001,16:35,NULL
G7017,1,1004,NULL,15:00
G7017,2,1009,15:39,15:41
G7017,3,1015,16:12,16:14
G7017,4,1001,16:40,NULL
G8278,1,1001,NULL,16:41
G8278,2,1015,17:13,17:15
G8278,3,1009,17:47,17:49
G8278,4,1012,20:36,NULL
G7222,1,1001,NULL,16:52
G7222,2,1015,17:30,17:32
G7222,3,1009,18:03,18:05
G7222,4,1005,18:52,18:55
G7222,5,1030,19:46,NULL
G7059,1,1004,NULL,15:05
G7059,2,1015,16:19,16:22
G7059,3,1001,16:59,NULL
G7022,1,1001,NULL,17:00
G7022,2,1015,17:25,17:27
G7022,3,1009,17:58,18:00
G7022,4,1004,18:41,NULL
C3810,1,1001,NULL,17:04
C3810,2,1006,18:51,NULL
C3862,1,1004,NULL,13:20
C3862,2,1007,15:46,15:48
C3862,3,1001,17:14,NULL
G8292,1,1001,NULL,17:15
G8292,2,1014,19:31,19:33
G8292,3,1017,21:07,NULL
G7318,1,1045,NULL,13:48
G7318,2,1023,15:43,15:49
G7318,3,1020,16:13,16:15
G7318,4,1003,16:50,16:53
G7318,5,1001,17:19,NULL
G7266,1,1031,NULL,14:44
G7266,2,1005,15:32,15:36
G7266,3,1009,16:21,16:23
G7266,4,1015,16:48,16:50
G7266,5,1001,17:21,NULL
G8264,1,1001,NULL,17:21
G8264,2,1015,18:04,18:06
G8264,3,1009,18:37,18:39
G8264,4,1017,21:17,NULL
G7056,1,1001,NULL,17:26
G7056,2,1015,18:10,18:12
G7056,3,1009,18:49,18:51
G7056,4,1004,19:36,NULL
G7067,1,1015,NULL,16:55
G7067,2,1001,17:32,NULL
G7256,1,1001,NULL,17:33
G7256,2,1010,18:25,18:27
G7256,3,1005,19:00,19:02
G7256,4,1030,19:53,NULL
K518,1,1011,NULL,09:51
K518,2,1038,11:33,11:37
K518,3,1004,13:35,13:41
K518,4,1009,15:01,15:04
K518,5,1015,16:02,16:06
K518,6,1001,17:33,NULL
C3872,1,1001,NULL,17:40
C3872,2,1007,19:03,19:05
C3872,3,1004,21:28,NULL
G7019,1,1004,NULL,16:00
G7019,2,1009,16:39,16:41
G7019,3,1015,17:12,17:14
G7019,4,1001,17:40,NULL
G7292,1,1001,NULL,17:43
G7292,2,1016,18:14,18:19
G7292,3,1010,18:48,18:50
G7292,4,1005,19:23,19:31
G7292,5,1039,20:12,20:14
G7292,6,1012,20:58,NULL
Z99,1,1001,NULL,17:45
Z99,2,1028,20:55,NULL
G7041,1,1004,NULL,15:47
G7041,2,1015,17:06,17:08
G7041,3,1001,17:50,NULL
G7359,1,1001,NULL,17:51
G7359,2,1003,18:20,18:23
G7359,3,1020,18:51,18:53
G7359,4,1022,19:31,NULL
G18,1,1001,NULL,17:55
G18,2,1005,19:06,NULL
T110,1,1001,NULL,17:57
T110,2,1015,18:48,18:52
T110,3,1009,19:44,20:13
T110,4,1004,22:00,22:07
T110,5,1011,01:30,NULL
G7024,1,1001,NULL,18:00
G7024,2,1015,18:25,18:27
G7024,3,1009,18:58,19:00
G7024,4,1004,19:45,NULL
K2188,1,1011,NULL,09:57
K2188,2,1038,11:39,11:43
K2188,3,1004,13:41,13:47
K2188,4,1009,15:07,15:11
K2188,5,1015,16:10,16:14
K2188,6,1001,18:01,NULL
G7284,1,1033,NULL,15:05
G7284,2,1037,15:31,15:33
G7284,3,1005,16:12,16:14
G7284,4,1009,16:58,17:00
G7284,5,1015,17:32,17:34
G7284,6,1001,18:02,NULL
Z92,1,1001,NULL,18:03
Z92,2,1015,18:54,18:58
Z92,3,1004,20:54,NULL
G129,1,1012,NULL,15:03
G129,2,1005,16:26,16:29
G129,3,1010,17:08,17:10
G129,4,1016,17:32,17:34
G129,5,1001,18:07,NULL
K188,1,1001,NULL,18:09
K188,2,1015,19:32,19:36
K188,3,1009,21:06,21:10
K188,4,1004,23:06,23:13
K188,5,1038,01:58,02:02
K188,6,1011,03:57,NULL
G7058,1,1001,NULL,18:14
G7058,2,1015,18:52,18:54
G7058,3,1009,19:32,19:34
G7058,4,1004,20:20,NULL
K1332,1,1001,NULL,18:17
K1332,2,1015,20:10,20:14
K1332,3,1009,21:30,21:34
K1332,4,1004,23:18,23:24
K1332,5,1038,02:08,02:18
K1332,6,1011,04:03,NULL
G7063,1,1004,NULL,16:14
G7063,2,1009,17:03,17:05
G7063,3,1001,18:21,NULL
Z196,1,1001,NULL,18:24
Z196,2,1004,21:00,NULL
1230,1,1011,NULL,10:09
1230,2,1038,11:58,12:01
1230,3,1004,14:06,14:16
1230,4,1009,15:48,15:51
1230,5,1015,17:08,17:12
1230,6,1001,18:26,NULL
G7290,1,1001,NULL,18:31
G7290,2,1016,19:06,19:08
G7290,3,1010,19:42,19:44
G7290,4,1005,20:31,20:37
G7290,5,1039,21:25,21:31
G7290,6,1012,22:16,NULL
G7246,1,1031,NULL,15:34
G7246,2,1005,16:24,16:28
G7246,3,1015,17:57,17:59
G7246,4,1001,18:34,NULL
Z216,1,1001,NULL,18:36
Z216,2,1015,19:21,19:24
Z216,3,1004,21:13,21:21
Z216,4,1011,00:12,NULL
G7021,1,1004,NULL,17:00
G7021,2,1009,17:39,17:41
G7021,3,1015,18:12,18:14
G7021,4,1001,18:39,NULL
G7272,1,1001,NULL,18:42
G7272,2,1015,19:21,19:23
G7272,3,1009,19:54,19:56
G7272,4,1005,20:45,20:47
G7272,5,1037,21:24,21:26
G7272,6,1040,21:58,22:00
G7272,7,1032,22:41,NULL
C3866,1,1004,NULL,14:48
C3866,2,1007,17:07,17:09
C3866,3,1001,18:48,NULL
G7096,1,1001,NULL,18:53
G7096,2,1015,19:31,NULL
Z172,1,1001,NULL,18:54
Z172,2,1015,19:44,20:05
Z172,3,1009,20:52,20:55
Z172,4,1004,22:06,22:13
Z172,5,1038,23:54,23:57
Z172,6,1011,01:15,NULL
G7026,1,1001,NULL,19:00
G7026,2,1015,19:26,19:28
G7026,3,1009,19:59,20:01
G7026,4,1004,20:46,NULL
G8271,1,1012,NULL,14:42
G8271,2,1009,17:44,17:47
G8271,3,1015,18:18,18:26
G8271,4,1001,19:07,NULL
G7267,1,1036,NULL,15:37
G7267,2,1030,16:04,16:12
G7267,3,1005,17:07,17:10
G7267,4,1009,18:02,18:04
G7267,5,1015,18:35,18:37
G7267,6,1001,19:11,NULL
G7260,1,1001,NULL,19:12
G7260,2,1015,19:48,19:50
G7260,3,1009,20:21,20:23
G7260,4,1005,21:16,21:20
G7260,5,1031,22:08,NULL
C3894,1,1001,NULL,19:14
C3894,2,1007,20:46,NULL
G7242,1,1031,NULL,15:55
G7242,2,1005,16:44,16:47
G7242,3,1009,17:50,17:52
G7242,4,1015,18:40,18:42
G7242,5,1001,19:18,NULL
D9481,1,1007,NULL,17:57
D9481,2,1001,19:26,NULL
G7298,1,1012,NULL,16:44
G7298,2,1039,17:22,17:24
G7298,3,1005,18:05,18:09
G7298,4,1010,18:42,18:43
G7298,5,1001,19:27,NULL
G7062,1,1001,NULL,19:29
G7062,2,1015,20:01,20:03
G7062,3,1009,20:45,20:47
G7062,4,1004,21:32,NULL
G7086,1,1032,NULL,15:21
G7086,2,1040,16:02,16:04
G7086,3,1037,16:41,16:43
G7086,4,1005,17:21,17:24
G7086,5,1009,18:21,18:23
G7086,6,1015,18:56,18:58
G7086,7,1001,19:36,NULL
G7226,1,1001,NULL,19:37
G7226,2,1015,20:18,20:20
G7226,3,1009,20:51,20:53
G7226,4,1005,21:45,21:50
G7226,5,1037,22:28,NULL
G7023,1,1004,NULL,18:00
G7023,2,1009,18:39,18:41
G7023,3,1015,19:12,19:14
G7023,4,1001,19:40,NULL
G7288,1,1037,NULL,16:52
G7288,2,1005,17:36,17:39
G7288,3,1009,18:31,18:33
G7288,4,1015,19:04,19:06
G7288,5,1001,19:50,NULL
G7300,1,1001,NULL,19:51
G7300,2,1016,20:26,20:28
G7300,3,1005,21:30,21:35
G7300,4,1039,22:17,22:19
G7300,5,1012,22:56,NULL
K8356,1,1001,NULL,19:54
K8356,2,1015,20:48,20:51
K8356,3,1009,22:01,22:05
K8356,4,1004,23:30,23:36
K8356,5,1038,02:29,02:35
K8356,6,1011,05:00,05:07
K8356,7,1013,06:31,06:34
K8356,8,1017,07:32,07:36
K8356,9,1018,08:04,NULL
G7238,1,1031,NULL,16:59
G7238,2,1005,17:47,17:49
G7238,3,1009,18:50,18:52
G7238,4,1015,19:29,19:32
G7238,5,1001,19:59,NULL
G7028,1,1001,NULL,20:00
G7028,2,1015,20:25,20:27
G7028,3,1009,20:58,21:00
G7028,4,1004,21:45,NULL
G7250,1,1031,NULL,16:54
G7250,2,1005,17:42,17:44
G7250,3,1009,18:44,18:46
G7250,4,1015,19:17,19:19
G7250,5,1001,20:07,NULL
Z164,1,1001,NULL,20:08
Z164,2,1015,20:54,20:58
Z164,3,1004,22:54,23:01
Z164,4,1038,00:34,00:39
Z164,5,1011,02:04,NULL
G7065,1,1004,NULL,18:09
G7065,2,1009,19:01,19:03
G7065,3,1015,19:34,19:37
G7065,4,1001,20:14,NULL
K282,1,1001,NULL,20:14
K282,2,1015,21:21,21:25
K282,3,1009,22:23,22:26
K282,4,1004,00:41,00:49
K282,5,1038,02:47,02:53
K282,6,1011,04:45,NULL
G7066,1,1001,NULL,20:15
G7066,2,1015,20:48,20:50
G7066,3,1009,21:21,21:23
G7066,4,1004,22:08,NULL
1228,1,1001,NULL,20:20
1228,2,1015,21:15,21:19
1228,3,1009,22:17,22:20
1228,4,1004,00:23,00:29
1228,5,1038,02:41,02:47
1228,6,1011,04:39,NULL
D954,1,1031,NULL,17:43
D954,2,1005,18:31,18:37
D954,3,1009,19:26,19:28
D954,4,1015,19:55,19:57
D954,5,1001,20:27,NULL
G7064,1,1001,NULL,20:28
G7064,2,1015,21:02,21:04
G7064,3,1009,21:35,21:37
G7064,4,1005,22:33,NULL
G7286,1,1001,NULL,20:35
G7286,2,1015,21:07,21:09
G7286,3,1009,21:40,21:42
G7286,4,1005,22:27,22:30
G7286,5,1037,23:07,NULL
G7025,1,1004,NULL,19:00
G7025,2,1009,19:39,19:41
G7025,3,1015,20:12,20:14
G7025,4,1001,20:40,NULL
G7070,1,1001,NULL,20:40
G7070,2,1015,21:12,21:14
G7070,3,1009,21:45,21:47
G7070,4,1005,22:40,NULL
G8261,1,1017,NULL,16:45
G8261,2,1009,19:34,19:36
G8261,3,1015,20:07,20:09
G8261,4,1001,20:44,NULL
C3818,1,1001,NULL,20:48
C3818,2,1006,22:22,NULL
D9507,1,1017,NULL,16:20
D9507,2,1009,19:15,19:17
D9507,3,1015,19:49,19:51
D9507,4,1001,20:48,NULL
G7099,1,1004,NULL,18:54
G7099,2,1009,19:49,19:51
G7099,3,1015,20:22,20:24
G7099,4,1001,20:59,NULL
G7030,1,1001,NULL,21:00
G7030,2,1015,21:32,21:34
G7030,3,1009,22:05,22:07
G7030,4,1005,22:59,NULL
G7098,1,1001,NULL,21:05
G7098,2,1015,21:37,21:39
G7098,3,1009,22:10,22:12
G7098,4,1004,22:58,NULL
Z304,1,1001,NULL,21:05
Z304,2,1015,21:50,21:53
Z304,3,1004,23:44,23:50
Z304,4,1038,01:23,01:50
Z304,5,1011,03:09,NULL
G7090,1,1032,NULL,17:11
G7090,2,1040,17:52,17:54
G7090,3,1037,18:25,18:27
G7090,4,1005,19:05,19:07
G7090,5,1009,19:57,19:59
G7090,6,1015,20:32,20:34
G7090,7,1001,21:09,NULL
G7095,1,1015,NULL,20:29
G7095,2,1001,21:13,NULL
G7214,1,1001,NULL,21:19
G7214,2,1015,22:02,NULL
D710,1,1001,NULL,21:23
D710,2,1015,22:08,22:10
D710,3,1004,23:56,NULL
D9488,1,1004,NULL,17:27
D9488,2,1007,19:58,20:00
D9488,3,1001,21:26,NULL
G7254,1,1031,NULL,18:42
G7254,2,1005,19:30,19:34
G7254,3,1009,20:19,20:21
G7254,4,1015,20:53,20:55
G7254,5,1001,21:30,NULL
G7360,1,1022,NULL,20:00
G7360,2,1020,20:29,20:31
G7360,3,1003,21:01,21:03
G7360,4,1001,21:34,NULL
G7027,1,1004,NULL,20:00
G7027,2,1009,20:45,20:47
G7027,3,1015,21:18,21:20
G7027,4,1001,21:49,NULL
G7068,1,1001,NULL,21:50
G7068,2,1015,22:16,22:18
G7068,3,1009,22:49,22:51
G7068,4,1004,23:30,NULL
C3870,1,1004,NULL,17:59
C3870,2,1001,21:51,NULL
G7275,1,1043,NULL,18:24
G7275,2,1036,19:05,19:07
G7275,3,1030,19:34,19:39
G7275,4,1005,20:30,20:34
G7275,5,1016,21:25,21:27
G7275,6,1001,21:55,NULL
G7220,1,1037,NULL,19:16
G7220,2,1005,20:00,20:04
G7220,3,1009,20:50,20:52
G7220,4,1015,21:23,21:25
G7220,5,1001,21:59,NULL
K8482,1,1001,NULL,22:04
K8482,2,1015,22:59,23:02
K8482,3,1009,23:59,00:03
K8482,4,1004,01:29,01:37
K8482,5,1038,03:55,04:02
K8482,6,1042,07:23,NULL
K1048,1,1001,NULL,22:12
K1048,2,1015,23:05,23:09
K1048,3,1009,00:07,00:11
K1048,4,1004,02:09,02:18
K1048,5,1038,04:16,04:22
K1048,6,1042,07:53,NULL
G7210,1,1001,NULL,22:13
G7210,2,1015,22:47,NULL
K1505,1,1042,NULL,12:19
K1505,2,1034,13:41,13:45
K1505,3,1038,15:54,16:15
K1505,4,1004,18:21,18:29
K1505,5,1009,20:08,20:12
K1505,6,1015,21:12,21:15
K1505,7,1001,22:22,NULL
G7212,1,1001,NULL,22:23
G7212,2,1015,22:52,22:54
G7212,3,1009,23:20,NULL
G7069,1,1004,NULL,20:39
G7069,2,1009,21:24,21:26
G7069,3,1015,21:57,21:59
G7069,4,1001,22:33,NULL
K8365,1,1042,NULL,12:55
K8365,2,1034,14:30,14:36
K8365,3,1038,16:31,16:47
K8365,4,1004,18:53,19:08
K8365,5,1009,20:33,20:36
K8365,6,1015,21:30,21:34
K8365,7,1001,22:36,NULL
G15,1,1005,NULL,21:34
G15,2,1001,22:43,NULL
D310,1,1001,NULL,22:44
D310,2,1015,23:28,23:31
D310,3,1009,00:16,00:19
D310,4,1004,01:41,01:49
D310,5,1011,05:12,NULL
G7094,1,1032,NULL,18:48
G7094,2,1040,19:29,19:31
G7094,3,1037,20:08,20:10
G7094,4,1005,20:54,20:57
G7094,5,1009,21:47,21:49
G7094,6,1015,22:20,22:22
G7094,7,1001,22:48,NULL
D306,1,1001,NULL,22:50
D306,2,1015,23:34,23:37
D306,3,1009,00:22,00:25
D306,4,1004,01:47,01:55
D306,5,1011,05:18,NULL
K8427,1,1038,NULL,16:53
K8427,2,1004,18:59,19:14
K8427,3,1015,21:42,21:46
K8427,4,1001,22:53,NULL
G8269,1,1009,NULL,21:41
G8269,2,1015,22:12,22:14
G8269,3,1001,22:57,NULL
G236,1,1012,NULL,20:28
G236,2,1005,21:48,21:51
G236,3,1001,23:10,NULL
K8432,1,1001,NULL,23:18
K8432,2,1015,00:21,00:25
K8432,3,1009,01:24,01:27
K8432,4,1004,02:58,03:06
K8432,5,1038,05:24,05:40
K8432,6,1011,09:22,NULL
G8265,1,1017,NULL,19:40
G8265,2,1009,22:10,22:12
G8265,3,1015,22:44,22:46
G8265,4,1001,23:19,NULL
K8362,1,1001,NULL,23:24
K8362,2,1015,00:27,00:31
K8362,3,1009,01:36,01:45
K8362,4,1004,03:10,03:27
K8362,5,1037,05:09,05:35
K8362,6,1030,07:11,07:33
K8362,7,1042,11:05,NULL
K8366,1,1001,NULL,23:33
K8366,2,1015,00:36,00:40
K8366,3,1004,03:04,03:12
K8366,4,1038,05:12,05:26
K8366,5,1034,06:38,06:41
K8366,6,1042,08:22,NULL
K1506,1,1001,NULL,23:41
K1506,2,1015,00:43,00:47
K1506,3,1009,01:48,01:52
K1506,4,1004,03:26,03:34
K1506,5,1038,05:41,06:09
K1506,6,1034,07:21,07:24
K1506,7,1042,09:37,NULL
K8428,1,1001,NULL,23:49
K8428,2,1015,00:52,00:56
K8428,3,1009,01:58,02:02
K8428,4,1004,03:35,03:46
K8428,5,1038,05:47,NULL
K1372,1,1028,NULL,00:34
K1372,2,1024,02:08,02:12
K1372,3,1002,04:15,NULL
K1805,1,1011,NULL,16:20
K1805,2,1038,19:12,19:20
K1805,3,1004,22:08,22:25
K1805,4,1009,00:56,01:00
K1805,5,1015,02:24,02:29
K1805,6,1002,03:51,04:22
K1805,7,1022,06:29,NULL
K528,1,1027,NULL,23:13
K528,2,1028,00:09,00:15
K528,3,1024,01:59,02:03
K528,4,1002,04:06,04:28
K528,5,1015,05:38,05:42
K528,6,1009,06:41,06:44
K528,7,1004,08:16,NULL
K1511,1,1011,NULL,20:04
K1511,2,1038,22:12,22:28
K1511,3,1004,00:39,00:46
K1511,4,1009,02:06,02:09
K1511,5,1015,03:07,03:11
K1511,6,1002,04:21,04:56
K1511,7,1024,06:58,07:05
K1511,8,1028,08:49,NULL
K335,1,1011,NULL,21:01
K335,2,1038,22:47,22:52
K335,3,1004,00:57,01:04
K335,4,1009,02:24,02:27
K335,5,1015,03:25,03:28
K335,6,1002,04:41,05:02
K335,7,1024,07:11,07:17
K335,8,1021,09:37,NULL
K752,1,1027,NULL,23:38
K752,2,1028,00:34,00:41
K752,3,1024,02:40,02:46
K752,4,1002,05:28,NULL
K80,1,1027,NULL,00:22
K80,2,1028,01:18,01:25
K80,3,1024,03:10,03:17
K80,4,1002,05:35,NULL
K8354,1,1018,NULL,16:25
K8354,2,1017,16:53,16:58
K8354,3,1013,18:07,18:10
K8354,4,1011,19:34,19:46
K8354,5,1038,22:40,22:46
K8354,6,1004,00:51,00:58
K8354,7,1009,02:18,02:21
K8354,8,1015,03:31,03:35
K8354,9,1002,05:22,05:46
K8354,10,1022,08:02,NULL
T135,1,1011,NULL,21:21
T135,2,1038,23:10,23:16
T135,3,1004,01:15,01:21
T135,4,1009,02:39,02:43
T135,5,1015,03:43,03:48
T135,6,1002,05:48,06:16
T135,7,1024,08:16,08:27
T135,8,1021,11:06,NULL
K288,1,1024,NULL,04:05
K288,2,1002,06:27,NULL
D3072,1,1002,NULL,06:27
D3072,2,1003,06:51,07:03
D3072,3,1015,07:38,07:40
D3072,4,1009,08:12,08:14
D3072,5,1005,09:10,09:17
D3072,6,1031,10:16,NULL
K50,1,1011,NULL,21:45
K50,2,1038,23:28,23:33
K50,3,1004,01:31,01:38
K50,4,1009,03:18,03:23
K50,5,1015,04:31,04:36
K50,6,1002,05:58,06:33
K50,7,1022,09:11,NULL
Z245,1,1028,NULL,03:21
Z245,2,1024,04:33,04:39
Z245,3,1002,06:44,NULL
D5401,1,1002,NULL,06:53
D5401,2,1022,08:39,NULL
K1187,1,1027,NULL,01:01
K1187,2,1028,02:00,02:09
K1187,3,1024,04:09,04:15
K1187,4,1002,07:06,NULL
K833,1,1002,NULL,07:07
K833,2,1024,09:32,09:38
K833,3,1028,12:01,12:07
K833,4,1027,12:59,NULL
K1091,1,1011,NULL,18:42
K1091,2,1038,22:06,22:22
K1091,3,1004,00:45,00:52
K1091,4,1009,02:12,02:15
K1091,5,1015,03:49,03:54
K1091,6,1002,06:50,07:21
K1091,7,1022,10:07,10:38
K1091,8,1028,13:16,13:30
K1091,9,1027,14:40,NULL
K751,1,1002,NULL,07:31
K751,2,1024,10:03,10:08
K751,3,1028,12:16,12:22
K751,4,1027,13:14,NULL
K1128,1,1027,NULL,01:22
K1128,2,1028,02:32,02:42
K1128,3,1022,05:15,05:30
K1128,4,1002,07:58,NULL
T212,1,1027,NULL,02:43
T212,2,1028,03:37,03:45
T212,3,1024,05:16,05:22
T212,4,1002,08:18,NULL
D771,1,1002,NULL,08:18
D771,2,1023,09:56,09:59
D771,3,1024,10:14,10:20
D771,4,1028,11:37,11:43
D771,5,1027,12:22,NULL
K512,1,1028,NULL,03:06
K512,2,1024,05:04,05:09
K512,3,1002,08:32,NULL
D3022,1,1002,NULL,08:44
D3022,2,1003,09:04,09:14
D3022,3,1015,09:42,09:44
D3022,4,1009,10:32,10:34
D3022,5,1005,11:43,11:48
D3022,6,1031,12:37,NULL
T170,1,1028,NULL,04:36
T170,2,1024,06:19,06:29
T170,3,1002,08:47,NULL
K1185,1,1002,NULL,08:51
K1185,2,1023,10:46,10:51
K1185,3,1024,11:07,11:13
K1185,4,1028,13:48,13:54
K1185,5,1027,14:47,NULL
D3060,1,1002,NULL,09:05
D3060,2,1003,09:26,09:46
D3060,3,1015,10:35,10:37
D3060,4,1009,11:19,11:21
D3060,5,1005,12:22,12:26
D3060,6,1031,13:14,NULL
D5402,1,1022,NULL,07:28
D5402,2,1002,09:06,NULL
Z258,1,1028,NULL,05:12
Z258,2,1024,06:47,06:51
Z258,3,1002,09:12,NULL
D5403,1,1002,NULL,09:32
D5403,2,1022,11:13,NULL
D3068,1,1002,NULL,09:38
D3068,2,1003,10:01,10:10
D3068,3,1015,10:50,10:52
D3068,4,1009,11:24,11:26
D3068,5,1005,12:27,12:31
D3068,6,1031,13:19,NULL
K470,1,1028,NULL,04:22
K470,2,1024,06:10,06:14
K470,3,1002,09:26,09:52
K470,4,1015,11:26,NULL
D5483,1,1002,NULL,10:13
D5483,2,1023,11:52,11:56
D5483,3,1024,12:11,12:13
D5483,4,1028,13:42,13:48
D5483,5,1027,14:27,NULL
T78,1,1027,NULL,05:15
T78,2,1028,06:04,06:10
T78,3,1024,07:38,07:42
T78,4,1002,10:18,NULL
Z284,1,1011,NULL,02:35
Z284,2,1038,03:54,03:57
Z284,3,1004,05:31,05:37
Z284,4,1009,06:55,07:00
Z284,5,1015,07:58,08:01
Z284,6,1002,09:51,10:20
Z284,7,1022,12:15,NULL
D5404,1,1022,NULL,08:58
D5404,2,1002,10:38,NULL
T169,1,1002,NULL,10:42
T169,2,1024,12:35,12:41
T169,3,1028,14:23,14:31
T169,4,1027,15:18,NULL
D5405,1,1002,NULL,10:59
D5405,2,1022,12:40,NULL
T102,1,1028,NULL,07:15
T102,2,1024,09:00,09:06
T102,3,1002,11:05,NULL
K124,1,1028,NULL,05:22
K124,2,1024,07:16,07:22
K124,3,1002,11:18,NULL
T77,1,1002,NULL,11:25
T77,2,1024,13:25,13:34
T77,3,1028,15:05,NULL
T382,1,1028,NULL,07:22
T382,2,1024,09:07,09:13
T382,3,1002,11:32,NULL
K576,1,1028,NULL,06:28
K576,2,1024,08:19,08:24
K576,3,1002,11:38,NULL
T211,1,1002,NULL,11:41
T211,2,1024,13:47,13:52
T211,3,1028,15:25,15:33
T211,4,1027,16:24,NULL
K1371,1,1002,NULL,11:49
K1371,2,1024,13:59,14:05
K1371,3,1028,15:47,15:54
K1371,4,1027,16:46,NULL
K759,1,1002,NULL,12:01
K759,2,1024,14:33,14:42
K759,3,1028,16:34,16:40
K759,4,1027,17:41,NULL
K760,1,1028,NULL,06:50
K760,2,1024,08:54,09:00
K760,3,1002,12:09,NULL
D5407,1,1002,NULL,12:13
D5407,2,1022,13:56,NULL
K73,1,1027,NULL,05:56
K73,2,1028,06:52,07:00
K73,3,1024,09:15,09:21
K73,4,1002,12:15,NULL
K352,1,1027,NULL,05:28
K352,2,1028,06:28,06:36
K352,3,1024,08:31,08:43
K352,4,1023,08:59,09:07
K352,5,1002,12:34,NULL
K1108,1,1030,NULL,03:32
K1108,2,1037,05:15,05:21
K1108,3,1033,06:18,06:23
K1108,4,1022,09:17,09:45
K1108,5,1002,12:40,NULL
K112,1,1027,NULL,07:25
K112,2,1028,08:29,08:35
K112,3,1024,10:16,10:20
K112,4,1023,10:36,10:41
K112,5,1002,12:46,NULL
D5484,1,1027,NULL,09:07
D5484,2,1028,09:51,09:53
D5484,3,1023,11:23,11:29
D5484,4,1002,13:04,NULL
T101,1,1002,NULL,13:13
T101,2,1024,15:16,15:22
T101,3,1028,17:09,NULL
K808,1,1028,NULL,08:00
K808,2,1024,09:56,10:07
K808,3,1023,10:23,10:32
K808,4,1002,12:58,13:26
K808,5,1015,14:54,NULL
T82,1,1027,NULL,08:43
T82,2,1028,09:32,09:38
T82,3,1024,11:22,11:28
T82,4,1002,13:27,NULL
D5409,1,1002,NULL,13:34
D5409,2,1022,15:14,NULL
K123,1,1002,NULL,13:40
K123,2,1024,16:02,16:10
K123,3,1028,17:52,17:58
K123,4,1027,19:06,NULL
K254,1,1027,NULL,07:13
K254,2,1028,08:17,08:28
K254,3,1024,10:23,10:27
K254,4,1023,10:43,10:48
K254,5,1002,13:47,NULL
D5406,1,1022,NULL,12:25
D5406,2,1002,14:05,NULL
K1107,1,1002,NULL,14:06
K1107,2,1022,16:06,16:28
K1107,3,1033,18:54,18:57
K1107,4,1037,19:50,19:56
K1107,5,1030,21:26,NULL
K575,1,1002,NULL,14:12
K575,2,1024,16:27,16:33
K575,3,1028,18:28,18:39
K575,4,1027,19:34,NULL
K1806,1,1022,NULL,11:34
K1806,2,1002,13:59,14:26
K1806,3,1015,15:33,15:37
K1806,4,1009,16:48,16:51
K1806,5,1004,18:24,18:32
K1806,6,1038,21:27,21:32
K1806,7,1011,23:22,NULL
K71,1,1002,NULL,14:34
K71,2,1024,16:55,17:01
K71,3,1028,18:59,19:05
K71,4,1027,19:57,NULL
D5495,1,1002,NULL,14:45
D5495,2,1022,16:24,16:30
D5495,3,1028,18:04,18:10
D5495,4,1027,18:50,NULL
D5408,1,1022,NULL,13:10
D5408,2,1002,14:52,NULL
K111,1,1002,NULL,15:05
K111,2,1024,17:28,17:36
K111,3,1028,19:35,19:42
K111,4,1027,20:44,NULL
T26,1,1027,NULL,09:40
T26,2,1028,10:32,10:38
T26,3,1024,12:29,12:33
T26,4,1002,15:06,NULL
K1374,1,1027,NULL,09:21
K1374,2,1028,10:17,10:32
K1374,3,1024,12:17,12:23
K1374,4,1023,12:39,12:52
K1374,5,1002,15:12,NULL
K253,1,1002,NULL,15:13
K253,2,1023,17:46,17:55
K253,3,1024,18:11,18:16
K253,4,1028,20:02,20:12
K253,5,1027,21:25,NULL
D5496,1,1027,NULL,11:22
D5496,2,1028,12:05,12:11
D5496,3,1022,13:46,13:55
D5496,4,1002,15:34,NULL
K351,1,1002,NULL,15:36
K351,2,1024,18:34,18:39
K351,3,1028,20:21,20:27
K351,4,1027,21:53,NULL
D5411,1,1002,NULL,15:46
D5411,2,1022,17:25,NULL
D5485,1,1002,NULL,15:57
D5485,2,1023,17:35,17:39
D5485,3,1028,19:13,19:19
D5485,4,1027,20:04,NULL
D5410,1,1022,NULL,14:16
D5410,2,1002,15:59,NULL
T81,1,1002,NULL,16:05
T81,2,1024,18:05,18:10
T81,3,1028,19:54,20:02
T81,4,1027,20:50,NULL
K1512,1,1028,NULL,10:45
K1512,2,1024,12:36,12:44
K1512,3,1002,15:47,16:17
K1512,4,1015,17:40,17:45
K1512,5,1009,18:45,18:50
K1512,6,1004,20:23,20:36
K1512,7,1011,01:45,NULL
D5413,1,1002,NULL,16:28
D5413,2,1022,18:07,NULL
K48,1,1022,NULL,13:37
K48,2,1002,16:14,16:34
K48,3,1015,17:53,17:56
K48,4,1009,18:54,18:57
K48,5,1004,20:39,20:48
K48,6,1038,00:42,00:46
K48,7,1011,02:35,NULL
K1373,1,1002,NULL,16:49
K1373,2,1023,19:01,19:05
K1373,3,1024,19:21,19:29
K1373,4,1028,21:28,21:35
K1373,5,1027,22:27,NULL
T381,1,1002,NULL,16:55
T381,2,1024,18:57,19:03
T381,3,1028,20:38,20:44
T381,4,1027,21:45,NULL
K496,1,1028,NULL,11:44
K496,2,1024,13:53,13:58
K496,3,1023,14:14,14:20
K496,4,1002,16:56,NULL
D5412,1,1022,NULL,15:35
D5412,2,1002,17:14,NULL
K469,1,1015,NULL,15:23
K469,2,1002,16:49,17:20
K469,3,1023,19:26,19:35
K469,4,1024,19:51,19:55
K469,5,1028,21:56,22:02
K469,6,1027,22:54,NULL
K1127,1,1002,NULL,17:28
K1127,2,1022,20:07,20:31
K1127,3,1028,22:54,23:12
K1127,4,1027,00:15,NULL
D5415,1,1002,NULL,17:42
D5415,2,1022,19:22,NULL
T25,1,1002,NULL,17:49
T25,2,1024,20:03,20:10
T25,3,1028,21:43,21:51
T25,4,1027,22:39,NULL
K79,1,1002,NULL,18:26
K79,2,1024,20:52,20:58
K79,3,1028,23:00,23:06
K79,4,1027,00:08,NULL
K807,1,1015,NULL,16:59
K807,2,1002,18:27,18:51
K807,3,1023,20:48,20:57
K807,4,1024,21:13,21:19
K807,5,1028,23:21,23:33
K807,6,1027,00:36,NULL
K495,1,1002,NULL,19:03
K495,2,1024,21:20,21:25
K495,3,1028,23:13,NULL
Z257,1,1002,NULL,19:09
Z257,2,1024,21:07,21:13
Z257,3,1028,22:31,NULL
K527,1,1004,NULL,14:38
K527,2,1009,16:13,16:16
K527,3,1015,17:15,17:19
K527,4,1002,18:48,19:15
K527,5,1024,21:26,21:32
K527,6,1028,23:28,23:40
K527,7,1027,01:26,NULL
D3074,1,1031,NULL,15:15
D3074,2,1005,16:14,16:18
D3074,3,1015,18:06,18:08
D3074,4,1003,18:47,19:00
D3074,5,1002,19:21,NULL
K511,1,1002,NULL,19:21
K511,2,1024,21:36,21:42
K511,3,1028,23:35,23:47
K511,4,1027,01:33,NULL
Z282,1,1022,NULL,17:04
Z282,2,1002,18:54,19:30
Z282,3,1015,20:25,20:30
Z282,4,1009,21:17,21:21
Z282,5,1004,22:48,22:55
Z282,6,1038,00:28,00:33
Z282,7,1011,02:10,NULL
D5414,1,1022,NULL,17:57
D5414,2,1002,19:37,NULL
D5417,1,1002,NULL,20:02
D5417,2,1022,21:46,NULL
D5416,1,1022,NULL,18:27
D5416,2,1002,20:07,NULL
K287,1,1002,NULL,20:24
K287,2,1024,23:03,23:08
K287,3,1028,00:51,NULL
K8352,1,1022,NULL,17:42
K8352,2,1002,19:58,20:30
K8352,3,1015,21:42,21:45
K8352,4,1009,23:34,23:38
K8352,5,1004,01:35,01:43
K8352,6,1038,04:01,04:08
K8352,7,1011,06:57,07:03
K8352,8,1013,08:27,08:30
K8352,9,1017,09:28,09:31
K8352,10,1018,09:59,NULL
D5486,1,1027,NULL,16:26
D5486,2,1028,17:07,17:13
D5486,3,1024,18:40,18:42
D5486,4,1023,18:54,19:00
D5486,5,1002,20:31,NULL
Z247,1,1002,NULL,20:42
Z247,2,1024,22:31,22:40
Z247,3,1028,00:05,NULL
K336,1,1021,NULL,15:43
K336,2,1024,17:48,17:54
K336,3,1002,20:45,21:16
K336,4,1015,22:53,22:56
K336,5,1009,23:47,23:50
K336,6,1004,01:23,01:31
K336,7,1038,03:29,03:44
K336,8,1011,05:27,NULL
D3070,1,1031,NULL,18:08
D3070,2,1005,19:09,19:13
D3070,3,1009,20:08,20:10
D3070,4,1015,20:48,20:50
D3070,5,1003,21:24,21:34
D3070,6,1002,21:56,NULL
K1092,1,1027,NULL,15:34
K1092,2,1028,16:30,16:36
K1092,3,1022,18:47,19:08
K1092,4,1002,21:31,22:00
K1092,5,1015,23:11,23:15
K1092,6,1009,00:31,00:35
K1092,7,1004,02:36,02:43
K1092,8,1038,04:48,04:55
K1092,9,1011,08:42,NULL
D5418,1,1022,NULL,20:18
D5418,2,1002,22:07,NULL
T136,1,1021,NULL,17:36
T136,2,1024,19:45,19:53
T136,3,1023,20:09,20:15
T136,4,1002,22:16,22:40
T136,5,1015,23:59,00:02
T136,6,1009,00:59,01:03
T136,7,1004,02:24,02:32
T136,8,1011,06:16,NULL
D772,1,1027,NULL,19:15
D772,2,1028,19:58,20:04
D772,3,1024,21:27,21:30
D772,4,1023,21:46,21:49
D772,5,1002,23:18,NULL
K834,1,1027,NULL,18:25
K834,2,1028,19:27,19:33
K834,3,1024,21:15,21:24
K834,4,1002,23:33,NULL
G7541,1,1003,NULL,05:49
G7541,2,1023,06:48,06:50
G7541,3,1024,06:59,07:01
G7541,4,1021,07:50,NULL
D2206,1,1003,NULL,06:00
D2206,2,1007,07:10,07:13
D2206,3,1031,10:11,NULL
G1786,1,1003,NULL,06:00
G1786,2,1010,06:47,06:49
G1786,3,1005,07:29,07:34
G1786,4,1031,08:34,NULL
G456,1,1003,NULL,06:05
G456,2,1010,06:52,06:54
G456,3,1005,07:32,07:34
G456,4,1039,08:16,08:18
G456,5,1012,08:56,NULL
G1321,1,1003,NULL,06:10
G1321,2,1023,06:56,07:00
G1321,3,1028,07:57,07:59
G1321,4,1027,08:20,NULL
G1970,1,1003,NULL,06:10
G1970,2,1016,06:33,06:35
G1970,3,1010,06:57,06:59
G1970,4,1005,07:37,07:39
G1970,5,1039,08:21,08:23
G1970,6,1012,09:01,NULL
D352,1,1003,NULL,06:13
D352,2,1015,06:47,06:49
D352,3,1009,07:26,07:28
D352,4,1005,08:30,08:37
D352,5,1031,09:25,NULL
G1802,1,1003,NULL,06:15
G1802,2,1016,06:38,06:40
G1802,3,1005,07:42,07:44
G1802,4,1012,09:12,NULL
G7331,1,1003,NULL,06:15
G7331,2,1023,07:07,07:18
G7331,3,1029,08:16,08:18
G7331,4,1019,09:04,09:06
G7331,5,1026,09:41,NULL
G7333,1,1003,NULL,06:27
G7333,2,1023,07:22,07:26
G7333,3,1029,08:25,08:27
G7333,4,1019,09:13,09:15
G7333,5,1026,09:56,NULL
G9232,1,1003,NULL,06:27
G9232,2,1009,07:36,NULL
D636,1,1003,NULL,06:32
D636,2,1009,07:41,07:43
D636,3,1005,08:46,08:52
D636,4,1031,09:46,NULL
G3176,1,1003,NULL,06:32
G3176,2,1005,07:52,07:56
G3176,3,1030,08:47,08:52
G3176,4,1036,09:19,09:21
G3176,5,1043,10:01,NULL
G104,1,1003,NULL,06:37
G104,2,1005,07:59,08:02
G104,3,1039,08:44,08:53
G104,4,1012,09:31,NULL
D916,1,1023,NULL,05:45
D916,2,1003,06:35,06:38
D916,3,1006,08:10,NULL
D3145,1,1003,NULL,06:39
D3145,2,1020,07:07,07:09
D3145,3,1023,07:40,07:43
D3145,4,1021,08:58,09:08
D3145,5,1026,10:58,NULL
G3180,1,1003,NULL,06:42
G3180,2,1016,07:05,07:07
G3180,3,1010,07:29,07:31
G3180,4,1005,08:04,08:07
G3180,5,1030,09:04,09:12
G3180,6,1036,09:39,09:41
G3180,7,1043,10:29,NULL
G1383,1,1003,NULL,06:44
G1383,2,1020,07:11,07:14
G1383,3,1023,07:45,07:48
G1383,4,1028,08:38,08:40
G1383,5,1027,09:01,NULL
G3230,1,1003,NULL,06:44
G3230,2,1015,07:09,07:11
G3230,3,1009,07:59,08:01
G3230,4,1005,09:02,09:07
G3230,5,1031,10:06,NULL
G1772,1,1003,NULL,06:47
G1772,2,1016,07:10,07:12
G1772,3,1010,07:34,07:36
G1772,4,1005,08:29,08:32
G1772,5,1031,09:20,NULL
G7501,1,1003,NULL,06:49
G7501,2,1020,07:16,07:22
G7501,3,1023,07:54,07:58
G7501,4,1021,08:52,08:56
G7501,5,1026,10:46,NULL
G1651,1,1003,NULL,06:54
G1651,2,1023,07:57,08:03
G1651,3,1028,09:00,NULL
D937,1,1021,NULL,04:25
D937,2,1023,05:59,06:05
D937,3,1003,06:55,NULL
C3792,1,1003,NULL,06:58
C3792,2,1007,08:20,NULL
D2287,1,1003,NULL,07:00
D2287,2,1020,07:38,07:41
D2287,3,1023,08:06,08:13
D2287,4,1021,09:16,09:26
D2287,5,1026,11:23,NULL
D942,1,1021,NULL,04:30
D942,2,1023,06:04,06:10
D942,3,1003,07:00,NULL
G7543,1,1003,NULL,07:05
G7543,2,1020,07:34,07:36
G7543,3,1023,08:00,08:08
G7543,4,1021,09:10,09:13
G7543,5,1026,11:05,NULL
G2365,1,1003,NULL,07:10
G2365,2,1020,07:44,07:46
G2365,3,1023,08:16,08:20
G2365,4,1028,09:10,NULL
G106,1,1003,NULL,07:12
G106,2,1016,07:37,07:39
G106,3,1005,08:34,08:37
G106,4,1012,09:57,NULL
G1974,1,1003,NULL,07:17
G1974,2,1016,07:42,07:44
G1974,3,1010,08:13,08:15
G1974,4,1005,08:47,08:49
G1974,5,1039,09:31,09:41
G1974,6,1012,10:18,NULL
G1371,1,1003,NULL,07:21
G1371,2,1020,07:48,07:51
G1371,3,1023,08:21,08:25
G1371,4,1028,09:15,09:18
G1371,5,1027,09:39,NULL
G7102,1,1003,NULL,07:24
G7102,2,1015,08:04,08:06
G7102,3,1009,08:37,08:39
G7102,4,1004,09:26,NULL
D701,1,1004,NULL,04:58
D701,2,1015,06:35,06:37
D701,3,1003,07:25,NULL
G7395,1,1003,NULL,07:26
G7395,2,1020,08:00,08:02
G7395,3,1022,08:32,08:48
G7395,4,1005,10:32,NULL
G110,1,1020,NULL,06:53
G110,2,1003,07:20,07:28
G110,3,1016,07:58,08:00
G110,4,1010,08:22,08:35
G110,5,1005,09:14,09:16
G110,6,1012,10:41,NULL
G2189,1,1003,NULL,07:29
G2189,2,1020,08:04,08:07
G2189,3,1023,08:30,08:35
G2189,4,1028,09:25,09:30
G2189,5,1027,09:51,NULL
G1232,1,1003,NULL,07:34
G1232,2,1016,08:04,08:20
G1232,3,1005,09:25,09:30
G1232,4,1012,11:14,NULL
D3131,1,1003,NULL,07:35
D3131,2,1020,08:10,08:12
D3131,3,1023,08:37,08:41
D3131,4,1021,09:44,09:52
D3131,5,1026,11:42,NULL
G8312,1,1003,NULL,07:37
G8312,2,1007,08:54,08:56
G8312,3,1014,09:57,09:59
G8312,4,1017,11:32,NULL
D2212,1,1020,NULL,06:47
D2212,2,1003,07:35,07:42
D2212,3,1015,08:19,08:21
D2212,4,1009,09:04,09:06
D2212,5,1005,10:17,10:22
D2212,6,1031,11:11,NULL
D781,1,1017,NULL,23:13
D781,2,1011,01:23,01:43
D781,3,1004,04:39,04:45
D781,4,1015,06:41,06:43
D781,5,1003,07:32,07:45
D781,6,1022,09:30,NULL
D377,1,1003,NULL,07:46
D377,2,1020,08:37,08:42
D377,3,1023,09:07,09:09
D377,4,1024,09:18,09:20
D377,5,1021,10:13,10:17
D377,6,1026,12:07,NULL
G598,1,1003,NULL,07:46
G598,2,1005,08:58,09:02
G598,3,1031,09:51,NULL
C3752,1,1003,NULL,07:49
C3752,2,1012,12:31,NULL
G120,1,1003,NULL,07:51
G120,2,1010,08:41,08:43
G120,3,1005,09:18,09:21
G120,4,1012,10:37,NULL
G1631,1,1003,NULL,07:54
G1631,2,1023,08:49,08:53
G1631,3,1028,09:42,NULL
G8,1,1003,NULL,08:00
G8,2,1005,09:00,NULL
G85,1,1003,NULL,08:00
G85,2,1023,08:45,NULL
G7556,1,1020,NULL,07:27
G7556,2,1003,08:03,NULL
G7503,1,1015,NULL,07:14
G7503,2,1003,07:57,08:04
G7503,3,1020,08:32,08:34
G7503,4,1023,08:57,08:59
G7503,5,1021,09:53,NULL
G112,1,1003,NULL,08:05
G112,2,1016,08:28,08:30
G112,3,1010,08:54,08:56
G112,4,1005,09:29,09:35
G112,5,1012,10:56,NULL
G1952,1,1020,NULL,07:14
G1952,2,1003,07:55,08:10
G1952,3,1016,08:33,08:35
G1952,4,1005,09:34,09:37
G1952,5,1030,10:29,10:36
G1952,6,1036,11:03,11:05
G1952,7,1043,11:39,NULL
G7549,1,1003,NULL,08:10
G7549,2,1020,08:47,08:49
G7549,3,1023,09:19,09:21
G7549,4,1021,10:18,10:23
G7549,5,1026,12:17,NULL
G7558,1,1023,NULL,06:59
G7558,2,1003,08:12,NULL
G114,1,1003,NULL,08:15
G114,2,1005,09:48,09:50
G114,3,1039,10:32,10:41
G114,4,1012,11:18,NULL
G1653,1,1003,NULL,08:15
G1653,2,1023,09:01,NULL
D3201,1,1003,NULL,08:18
D3201,2,1020,08:58,09:01
D3201,3,1023,09:28,09:31
D3201,4,1021,10:40,10:47
D3201,5,1026,12:31,NULL
G7101,1,1004,NULL,06:12
G7101,2,1009,07:04,07:06
G7101,3,1015,07:44,07:46
G7101,4,1003,08:18,NULL
G7552,1,1023,NULL,07:16
G7552,2,1020,07:53,07:55
G7552,3,1003,08:22,NULL
D3090,1,1003,NULL,08:23
D3090,2,1007,09:45,09:47
D3090,3,1031,13:04,NULL
G1337,1,1003,NULL,08:24
G1337,2,1020,08:51,08:54
G1337,3,1023,09:24,09:26
G1337,4,1028,10:23,10:25
G1337,5,1027,10:46,NULL
G576,1,1003,NULL,08:24
G576,2,1016,08:48,08:50
G576,3,1005,09:57,10:02
G576,4,1031,11:01,NULL
G7325,1,1003,NULL,08:27
G7325,2,1020,09:15,09:23
G7325,3,1023,09:58,10:04
G7325,4,1019,11:56,11:58
G7325,5,1026,12:34,NULL
G676,1,1003,NULL,08:30
G676,2,1016,08:53,08:59
G676,3,1010,09:28,09:35
G676,4,1005,10:20,10:27
G676,5,1031,11:22,NULL
G360,1,1003,NULL,08:36
G360,2,1005,09:44,09:46
G360,3,1012,11:01,NULL
G1509,1,1005,NULL,07:00
G1509,2,1010,07:38,07:40
G1509,3,1016,08:10,08:12
G1509,4,1003,08:35,08:42
G1509,5,1023,09:32,09:36
G1509,6,1045,11:08,NULL
G212,1,1003,NULL,08:42
G212,2,1016,09:05,09:07
G212,3,1010,09:41,09:43
G212,4,1005,10:16,10:20
G212,5,1012,11:39,NULL
G7534,1,1021,NULL,06:53
G7534,2,1023,07:46,07:51
G7534,3,1020,08:14,08:16
G7534,4,1003,08:44,NULL
G1866,1,1021,NULL,06:21
G1866,2,1023,07:21,07:25
G1866,3,1020,08:03,08:06
G1866,4,1003,08:35,08:47
G1866,5,1016,09:10,09:21
G1866,6,1010,09:46,09:48
G1866,7,1005,10:28,10:33
G1866,8,1012,11:56,NULL
G7104,1,1003,NULL,08:48
G7104,2,1015,09:16,09:18
G7104,3,1009,09:49,09:51
G7104,4,1004,10:36,NULL
D2281,1,1004,NULL,06:37
D2281,2,1009,07:27,07:29
D2281,3,1015,08:01,08:03
D2281,4,1003,08:46,08:49
D2281,5,1020,09:31,09:34
D2281,6,1023,10:09,10:14
D2281,7,1021,11:18,11:25
D2281,8,1026,13:09,NULL
G7129,1,1005,NULL,06:48
G7129,2,1009,07:44,07:46
G7129,3,1015,08:17,08:19
G7129,4,1003,08:51,NULL
G230,1,1003,NULL,08:52
G230,2,1010,09:53,09:55
G230,3,1005,10:33,10:38
G230,4,1039,11:21,11:23
G230,5,1012,12:01,NULL
G1373,1,1003,NULL,08:55
G1373,2,1023,09:42,09:46
G1373,3,1028,10:30,NULL
C3704,1,1006,NULL,07:41
C3704,2,1003,08:57,NULL
G2,1,1003,NULL,09:00
G2,2,1005,10:00,NULL
G7505,1,1005,NULL,07:13
G7505,2,1010,07:51,07:53
G7505,3,1016,08:23,08:25
G7505,4,1003,08:55,09:00
G7505,5,1020,09:27,09:29
G7505,6,1023,09:54,09:58
G7505,7,1021,10:59,NULL
G7554,1,1023,NULL,07:56
G7554,2,1020,08:30,08:33
G7554,3,1003,09:01,NULL
D2285,1,1003,NULL,09:03
D2285,2,1020,09:42,09:46
D2285,3,1023,10:17,10:20
D2285,4,1021,11:23,11:31
D2285,5,1026,13:27,NULL
G7492,1,1028,NULL,06:37
G7492,2,1023,07:33,07:38
G7492,3,1020,08:18,08:20
G7492,4,1003,08:58,09:03
G7492,5,1015,09:36,09:39
G7492,6,1009,10:13,10:14
G7492,7,1005,11:08,11:10
G7492,8,1037,11:53,11:55
G7492,9,1040,12:33,12:35
G7492,10,1032,13:16,NULL
G1236,1,1003,NULL,09:08
G1236,2,1010,10:02,10:04
G1236,3,1005,10:37,10:42
G1236,4,1039,11:25,11:27
G1236,5,1012,12:14,NULL
G8316,1,1003,NULL,09:08
G8316,2,1007,10:30,10:32
G8316,3,1014,11:18,11:22
G8316,4,1017,12:49,NULL
G7349,1,1005,NULL,07:30
G7349,2,1010,08:08,08:10
G7349,3,1016,08:40,08:42
G7349,4,1003,09:07,09:10
G7349,5,1020,09:37,09:40
G7349,6,1023,10:04,10:09
G7349,7,1019,11:45,11:47
G7349,8,1026,12:23,NULL
G1806,1,1003,NULL,09:13
G1806,2,1010,10:07,10:09
G1806,3,1005,10:41,10:47
G1806,4,1039,11:29,11:41
G1806,5,1012,12:18,NULL
G7313,1,1004,NULL,07:10
G7313,2,1009,07:55,07:57
G7313,3,1015,08:35,08:37
G7313,4,1003,09:10,09:15
G7313,5,1020,09:55,09:58
G7313,6,1023,10:32,10:35
G7313,7,1045,12:00,NULL
G54,1,1003,NULL,09:18
G54,2,1016,09:51,09:54
G54,3,1010,10:16,10:18
G54,4,1005,10:50,10:55
G54,5,1039,11:47,11:49
G54,6,1012,12:26,NULL
D3064,1,1003,NULL,09:21
D3064,2,1007,10:45,10:47
D3064,3,1031,13:58,NULL
G1655,1,1003,NULL,09:23
G1655,2,1020,09:51,09:53
G1655,3,1023,10:23,NULL
G1920,1,1003,NULL,09:24
G1920,2,1010,10:12,10:14
G1920,3,1005,10:46,10:51
G1920,4,1039,11:33,11:45
G1920,5,1012,12:22,NULL
G7103,1,1005,NULL,07:19
G7103,2,1009,08:17,08:19
G7103,3,1015,08:51,08:53
G7103,4,1003,09:25,NULL
G7372,1,1027,NULL,06:52
G7372,2,1028,07:13,07:15
G7372,3,1023,08:05,08:11
G7372,4,1020,08:48,08:50
G7372,5,1003,09:24,09:26
G7372,6,1015,10:03,10:05
G7372,7,1009,10:37,10:39
G7372,8,1005,11:31,11:34
G7372,9,1030,12:26,12:30
G7372,10,1036,12:57,12:59
G7372,11,1043,13:33,NULL
G1377,1,1005,NULL,07:39
G1377,2,1010,08:17,08:19
G1377,3,1016,08:50,08:52
G1377,4,1003,09:22,09:28
G1377,5,1020,10:02,10:04
G1377,6,1023,10:27,10:30
G1377,7,1028,11:24,NULL
G7502,1,1021,NULL,07:08
G7502,2,1023,08:14,08:22
G7502,3,1020,08:53,08:55
G7502,4,1003,09:29,NULL
G116,1,1003,NULL,09:34
G116,2,1016,09:58,10:00
G116,3,1010,10:22,10:24
G116,4,1005,11:05,11:09
G116,5,1039,11:51,11:53
G116,6,1012,12:30,NULL
D3205,1,1003,NULL,09:35
D3205,2,1020,10:07,10:09
D3205,3,1023,10:36,10:40
D3205,4,1021,11:52,12:00
D3205,5,1026,13:56,NULL
G7580,1,1045,NULL,07:00
G7580,2,1023,08:31,08:34
G7580,3,1003,09:34,09:36
G7580,4,1007,10:58,NULL
G7530,1,1021,NULL,07:29
G7530,2,1023,08:35,08:39
G7530,3,1020,09:09,09:11
G7530,4,1003,09:38,NULL
G1204,1,1003,NULL,09:39
G1204,2,1016,10:02,10:04
G1204,3,1010,10:26,10:34
G1204,4,1005,11:13,11:22
G1204,5,1012,12:42,NULL
D3107,1,1003,NULL,09:40
D3107,2,1020,10:18,10:27
D3107,3,1023,11:17,11:25
D3107,4,1021,12:22,12:25
D3107,5,1026,14:22,NULL
G7132,1,1003,NULL,09:41
G7132,2,1015,10:14,10:16
G7132,3,1005,11:36,11:39
G7132,4,1037,12:16,12:18
G7132,5,1040,12:50,12:52
G7132,6,1032,13:33,NULL
G7357,1,1022,NULL,08:34
G7357,2,1003,09:43,NULL
G3164,1,1003,NULL,09:44
G3164,2,1016,10:07,10:09
G3164,3,1010,10:41,10:43
G3164,4,1005,11:17,11:20
G3164,5,1030,12:11,12:17
G3164,6,1036,12:51,12:53
G3164,7,1043,13:38,NULL
G7389,1,1004,NULL,07:33
G7389,2,1009,08:27,08:29
G7389,3,1015,09:06,09:08
G7389,4,1003,09:43,09:45
G7389,5,1020,10:14,10:16
G7389,6,1023,10:40,10:46
G7389,7,1028,11:36,11:38
G7389,8,1027,12:00,NULL
G1347,1,1003,NULL,09:51
G1347,2,1023,10:50,10:53
G1347,3,1028,11:43,NULL
G126,1,1003,NULL,09:52
G126,2,1016,10:25,10:27
G126,3,1010,10:56,10:58
G126,4,1005,11:31,NULL
G7382,1,1027,NULL,07:22
G7382,2,1028,07:43,07:45
G7382,3,1023,08:42,08:53
G7382,4,1003,09:53,NULL
G7344,1,1026,NULL,06:49
G7344,2,1019,07:24,07:26
G7344,3,1023,08:57,09:02
G7344,4,1020,09:27,09:29
G7344,5,1003,09:56,NULL
G7434,1,1031,NULL,06:56
G7434,2,1005,07:44,07:48
G7434,3,1009,08:44,08:46
G7434,4,1015,09:17,09:19
G7434,5,1003,09:54,09:58
G7434,6,1023,10:53,10:58
G7434,7,1021,11:59,12:05
G7434,8,1026,14:09,NULL
G10,1,1003,NULL,10:00
G10,2,1005,11:00,NULL
G1501,1,1003,NULL,10:03
G1501,2,1020,10:31,10:33
G1501,3,1023,10:58,11:03
G1501,4,1028,11:53,NULL
G7180,1,1003,NULL,10:05
G7180,2,1016,10:29,10:31
G7180,3,1010,11:00,11:02
G7180,4,1005,11:35,NULL
G7194,1,1045,NULL,07:24
G7194,2,1023,09:12,09:14
G7194,3,1020,09:37,09:39
G7194,4,1003,10:08,10:10
G7194,5,1016,10:34,10:36
G7194,6,1010,11:06,NULL
G7507,1,1005,NULL,08:16
G7507,2,1010,08:54,08:56
G7507,3,1016,09:26,09:28
G7507,4,1003,09:58,10:14
G7507,5,1020,10:41,10:44
G7507,6,1023,11:07,11:09
G7507,7,1021,12:09,NULL
G1214,1,1003,NULL,10:15
G1214,2,1005,11:45,11:47
G1214,3,1039,12:36,12:38
G1214,4,1012,13:17,NULL
G7330,1,1026,NULL,06:32
G7330,2,1019,07:06,07:08
G7330,3,1029,08:00,08:08
G7330,4,1023,09:04,09:07
G7330,5,1020,09:31,09:34
G7330,6,1003,10:15,NULL
G1304,1,1006,NULL,08:44
G1304,2,1007,08:57,08:59
G1304,3,1003,10:16,10:18
G1304,4,1020,10:46,10:54
G1304,5,1023,11:27,11:30
G1304,6,1028,12:24,12:26
G1304,7,1027,12:47,NULL
G7504,1,1026,NULL,06:29
G7504,2,1021,08:21,08:24
G7504,3,1023,09:17,09:19
G7504,4,1020,09:42,09:44
G7504,5,1003,10:18,NULL
G1657,1,1003,NULL,10:25
G1657,2,1023,11:12,11:20
G1657,3,1028,12:04,12:06
G1657,4,1027,12:27,NULL
D3125,1,1007,NULL,09:08
D3125,2,1003,10:25,10:28
D3125,3,1020,10:57,11:00
D3125,4,1023,11:31,11:35
D3125,5,1021,12:32,12:35
D3125,6,1026,14:40,NULL
G7136,1,1003,NULL,10:30
G7136,2,1015,10:55,10:57
G7136,3,1005,12:32,12:36
G7136,4,1037,13:19,13:21
G7136,5,1040,13:59,14:01
G7136,6,1032,14:42,NULL
G7728,1,1040,NULL,07:10
G7728,2,1037,07:47,07:49
G7728,3,1005,08:27,08:29
G7728,4,1009,09:21,09:23
G7728,5,1003,10:30,NULL
G7589,1,1012,NULL,06:53
G7589,2,1039,07:36,07:38
G7589,3,1005,08:34,08:46
G7589,4,1010,09:25,09:32
G7589,5,1016,09:54,09:56
G7589,6,1003,10:28,10:33
G7589,7,1020,11:02,11:06
G7589,8,1023,11:37,11:43
G7589,9,1021,12:37,NULL
G1258,1,1003,NULL,10:35
G1258,2,1016,10:58,11:01
G1258,3,1005,11:57,11:59
G1258,4,1012,13:30,NULL
G7364,1,1027,NULL,07:54
G7364,2,1028,08:15,08:23
G7364,3,1023,09:22,09:29
G7364,4,1020,09:59,10:01
G7364,5,1003,10:37,NULL
G122,1,1003,NULL,10:40
G122,2,1016,11:03,11:05
G122,3,1005,12:11,12:13
G122,4,1039,12:54,12:56
G122,5,1012,13:35,NULL
G7532,1,1021,NULL,08:35
G7532,2,1023,09:37,09:41
G7532,3,1020,10:04,10:06
G7532,4,1003,10:40,NULL
D3135,1,1004,NULL,08:09
D3135,2,1009,09:04,09:06
D3135,3,1015,09:54,10:02
D3135,4,1003,10:37,10:41
D3135,5,1020,11:29,11:32
D3135,6,1023,12:12,12:15
D3135,7,1024,12:24,12:26
D3135,8,1021,13:18,13:25
D3135,9,1026,15:17,NULL
G7185,1,1043,NULL,07:35
G7185,2,1030,08:32,08:35
G7185,3,1005,09:26,09:32
G7185,4,1003,10:41,NULL
C3798,1,1003,NULL,10:44
C3798,2,1007,12:07,NULL
G2193,1,1003,NULL,10:48
G2193,2,1020,11:15,11:17
G2193,3,1023,11:41,NULL
C3795,1,1007,NULL,09:25
C3795,2,1003,10:50,NULL
G7311,1,1003,NULL,10:53
G7311,2,1020,11:20,11:22
G7311,3,1023,11:46,11:48
G7311,4,1045,13:25,NULL
G7386,1,1027,NULL,08:11
G7386,2,1028,08:32,08:34
G7386,3,1023,09:31,09:35
G7386,4,1003,10:51,10:53
G7386,5,1016,11:16,11:21
G7386,6,1010,11:43,11:45
G7386,7,1005,12:31,12:36
G7386,8,1031,13:30,NULL
G124,1,1003,NULL,10:58
G124,2,1005,12:07,12:09
G124,3,1012,13:25,NULL
G7509,1,1003,NULL,10:58
G7509,2,1020,11:25,11:27
G7509,3,1023,11:58,12:00
G7509,4,1021,12:53,NULL
G7150,1,1032,NULL,07:03
G7150,2,1040,07:38,07:40
G7150,3,1037,08:11,08:13
G7150,4,1005,08:57,09:01
G7150,5,1009,09:51,09:53
G7150,6,1015,10:26,10:28
G7150,7,1003,11:01,NULL
G7393,1,1005,NULL,07:43
G7393,2,1022,09:24,09:39
G7393,3,1020,10:18,10:20
G7393,4,1003,11:01,NULL
D5458,1,1004,NULL,07:02
D5458,2,1007,09:34,09:36
D5458,3,1003,10:56,11:02
D5458,4,1023,12:43,12:46
D5458,5,1024,13:01,NULL
G7461,1,1003,NULL,11:03
G7461,2,1020,11:46,11:49
G7461,3,1023,12:20,12:24
G7461,4,1029,13:23,13:25
G7461,5,1019,14:05,14:08
G7461,6,1026,14:46,NULL
G7766,1,1003,NULL,11:03
G7766,2,1016,11:26,11:28
G7766,3,1010,11:51,11:53
G7766,4,1005,12:24,12:32
G7766,5,1039,13:14,13:16
G7766,6,1012,14:00,NULL
G7107,1,1004,NULL,09:10
G7107,2,1009,09:56,09:58
G7107,3,1015,10:31,10:33
G7107,4,1003,11:06,NULL
G7572,1,1026,NULL,06:43
G7572,2,1021,08:52,08:55
G7572,3,1024,09:42,09:44
G7572,4,1023,09:54,09:57
G7572,5,1003,11:06,11:09
G7572,6,1015,11:41,11:43
G7572,7,1009,12:14,12:17
G7572,8,1005,13:15,13:21
G7572,9,1030,14:12,14:20
G7572,10,1036,14:53,NULL
G7787,1,1043,NULL,07:22
G7787,2,1036,08:13,08:15
G7787,3,1030,08:42,08:45
G7787,4,1005,09:36,09:41
G7787,5,1010,10:20,10:22
G7787,6,1003,11:09,NULL
G1252,1,1003,NULL,11:10
G1252,2,1016,11:33,11:35
G1252,3,1010,11:57,12:03
G1252,4,1005,12:42,12:46
G1252,5,1039,13:31,13:33
G1252,6,1012,14:10,NULL
G7599,1,1012,NULL,07:43
G7599,2,1039,08:26,08:28
G7599,3,1005,09:23,09:26
G7599,4,1010,10:13,10:15
G7599,5,1003,11:04,11:10
G7599,6,1020,11:37,11:39
G7599,7,1023,12:03,12:05
G7599,8,1021,13:05,13:12
G7599,9,1026,14:57,NULL
C3706,1,1003,NULL,11:14
C3706,2,1006,12:55,NULL
G1375,1,1003,NULL,11:15
G1375,2,1020,11:42,11:44
G1375,3,1023,12:07,12:10
G1375,4,1028,13:07,13:09
G1375,5,1027,13:30,NULL
G8329,1,1012,NULL,07:18
G8329,2,1014,09:11,09:13
G8329,3,1007,09:59,10:01
G8329,4,1003,11:20,NULL
G2661,1,1012,NULL,08:12
G2661,2,1039,08:55,08:57
G2661,3,1005,09:47,09:52
G2661,4,1010,10:31,10:33
G2661,5,1003,11:22,NULL
G1690,1,1028,NULL,09:21
G1690,2,1023,10:11,10:15
G1690,3,1020,10:47,10:50
G1690,4,1003,11:23,NULL
G7316,1,1045,NULL,08:17
G7316,2,1023,10:06,10:12
G7316,3,1020,10:42,10:44
G7316,4,1003,11:19,11:23
G7316,5,1015,11:55,11:57
G7316,6,1009,12:35,NULL
D2283,1,1003,NULL,11:24
D2283,2,1020,11:52,11:54
D2283,3,1023,12:25,12:29
D2283,4,1021,13:32,13:39
D2283,5,1026,15:29,NULL
G1228,1,1026,NULL,07:36
G1228,2,1019,08:17,08:19
G1228,3,1029,09:04,09:06
G1228,4,1023,10:00,10:02
G1228,5,1020,10:32,10:34
G1228,6,1003,11:10,11:24
G1228,7,1016,11:54,11:56
G1228,8,1010,12:18,12:20
G1228,9,1005,12:52,12:54
G1228,10,1039,13:43,13:52
G1228,11,1012,14:31,NULL
G7126,1,1003,NULL,11:28
G7126,2,1015,12:00,12:02
G7126,3,1009,12:27,12:29
G7126,4,1004,13:22,NULL
G3152,1,1003,NULL,11:29
G3152,2,1016,11:59,12:01
G3152,3,1010,12:23,12:28
G3152,4,1005,13:20,13:26
G3152,5,1030,14:28,14:34
G3152,6,1036,15:01,15:03
G3152,7,1043,15:50,NULL
G7537,1,1003,NULL,11:29
G7537,2,1020,12:03,12:05
G7537,3,1023,12:30,12:34
G7537,4,1021,13:37,13:44
G7537,5,1026,15:40,NULL
G1382,1,1027,NULL,09:13
G1382,2,1028,09:34,09:36
G1382,3,1023,10:27,10:31
G1382,4,1003,11:31,NULL
G1924,1,1003,NULL,11:34
G1924,2,1016,12:08,12:11
G1924,3,1010,12:33,12:42
G1924,4,1005,13:14,13:17
G1924,5,1039,13:59,14:01
G1924,6,1012,14:39,NULL
G7351,1,1003,NULL,11:34
G7351,2,1020,12:08,12:10
G7351,3,1022,12:51,NULL
G7506,1,1026,NULL,07:31
G7506,2,1021,09:17,09:25
G7506,3,1023,10:32,10:36
G7506,4,1020,11:06,11:08
G7506,5,1003,11:36,NULL
G1333,1,1003,NULL,11:37
G1333,2,1020,12:13,12:15
G1333,3,1023,12:39,12:41
G1333,4,1028,13:42,NULL
G7170,1,1040,NULL,07:57
G7170,2,1037,08:34,08:36
G7170,3,1005,09:14,09:17
G7170,4,1009,10:14,10:16
G7170,5,1015,11:05,11:07
G7170,6,1003,11:39,NULL
G1724,1,1003,NULL,11:40
G1724,2,1016,12:03,12:06
G1724,3,1005,12:57,13:00
G1724,4,1031,13:48,NULL
G300,1,1012,NULL,08:45
G300,2,1039,09:22,09:24
G300,3,1005,10:05,10:08
G300,4,1016,11:11,11:17
G300,5,1003,11:40,NULL
G7108,1,1003,NULL,11:40
G7108,2,1015,12:12,12:14
G7108,3,1004,13:40,NULL
D3324,1,1045,NULL,08:41
D3324,2,1023,10:22,10:26
D3324,3,1020,10:53,11:01
D3324,4,1003,11:41,NULL
G7586,1,1026,NULL,07:38
G7586,2,1021,09:36,09:43
G7586,3,1023,10:43,10:45
G7586,4,1020,11:16,11:18
G7586,5,1003,11:46,11:48
G7586,6,1015,12:24,12:26
G7586,7,1009,12:57,12:59
G7586,8,1017,15:32,NULL
G2664,1,1003,NULL,11:51
G2664,2,1016,12:14,12:16
G2664,3,1010,12:48,12:50
G2664,4,1005,13:29,13:35
G2664,5,1012,15:07,NULL
G7332,1,1026,NULL,08:27
G7332,2,1019,09:02,09:05
G7332,3,1029,09:50,09:52
G7332,4,1023,10:48,10:50
G7332,5,1020,11:20,11:23
G7332,6,1003,11:51,NULL
G7794,1,1012,NULL,08:00
G7794,2,1039,08:43,08:45
G7794,3,1005,09:43,10:03
G7794,4,1010,10:41,10:48
G7794,5,1016,11:22,11:24
G7794,6,1003,11:47,11:51
G7794,7,1020,12:18,12:21
G7794,8,1023,12:47,12:52
G7794,9,1045,14:41,NULL
G1722,1,1031,NULL,09:41
G1722,2,1005,10:29,10:37
G1722,3,1016,11:27,11:29
G1722,4,1003,11:53,NULL
G1673,1,1003,NULL,11:56
G1673,2,1020,12:23,12:26
G1673,3,1023,12:59,13:02
G1673,4,1021,14:15,14:26
G1673,5,1026,16:16,NULL
G1956,1,1003,NULL,11:58
G1956,2,1016,12:32,12:36
G1956,3,1010,12:58,13:00
G1956,4,1005,13:45,13:48
G1956,5,1030,14:40,14:44
G1956,6,1036,15:18,15:20
G1956,7,1043,15:56,NULL
G8314,1,1003,NULL,11:58
G8314,2,1007,13:20,13:22
G8314,3,1014,14:22,14:25
G8314,4,1017,15:52,NULL
G7109,1,1004,NULL,09:55
G7109,2,1009,10:50,10:52
G7109,3,1015,11:23,11:25
G7109,4,1003,12:00,NULL
G7369,1,1026,NULL,08:52
G7369,2,1019,09:26,09:28
G7369,3,1029,10:08,10:11
G7369,4,1023,10:56,10:59
G7369,5,1003,12:00,NULL
G7594,1,1032,NULL,07:30
G7594,2,1040,08:11,08:13
G7594,3,1037,08:50,08:52
G7594,4,1005,09:36,09:41
G7594,5,1009,10:44,10:46
G7594,6,1015,11:17,11:19
G7594,7,1003,11:55,12:01
G7594,8,1020,12:29,12:38
G7594,9,1023,13:02,13:07
G7594,10,1029,14:02,14:04
G7594,11,1019,14:46,14:48
G7594,12,1026,15:29,NULL
G370,1,1012,NULL,09:34
G370,2,1005,10:49,10:53
G370,3,1003,12:02,NULL
G7511,1,1003,NULL,12:08
G7511,2,1023,12:55,12:57
G7511,3,1021,13:47,13:53
G7511,4,1026,15:49,NULL
G1763,1,1043,NULL,08:02
G1763,2,1036,08:36,08:38
G1763,3,1030,09:05,09:11
G1763,4,1005,10:03,10:16
G1763,5,1010,10:55,11:08
G1763,6,1016,11:38,11:43
G1763,7,1003,12:13,NULL
G1342,1,1027,NULL,10:03
G1342,2,1023,11:10,11:13
G1342,3,1003,12:14,NULL
D3291,1,1003,NULL,12:15
D3291,2,1020,12:43,12:45
D3291,3,1023,13:16,13:18
D3291,4,1021,14:27,14:40
D3291,5,1026,16:30,NULL
G7576,1,1026,NULL,07:43
G7576,2,1021,09:52,09:54
G7576,3,1023,11:01,11:04
G7576,4,1020,11:34,11:36
G7576,5,1003,12:10,12:15
G7576,6,1015,12:41,12:43
G7576,7,1009,13:14,13:16
G7576,8,1005,14:15,14:18
G7576,9,1031,15:22,NULL
G132,1,1003,NULL,12:17
G132,2,1016,12:40,12:42
G132,3,1010,13:04,13:06
G132,4,1005,13:38,13:41
G132,5,1012,15:03,NULL
G1384,1,1028,NULL,10:30
G1384,2,1023,11:20,11:24
G1384,3,1020,11:47,11:49
G1384,4,1003,12:18,NULL
G1387,1,1003,NULL,12:20
G1387,2,1020,12:47,12:50
G1387,3,1023,13:21,13:23
G1387,4,1027,14:29,NULL
G460,1,1003,NULL,12:22
G460,2,1016,12:45,12:50
G460,3,1010,13:19,13:21
G460,4,1005,13:53,13:57
G460,5,1039,14:49,14:51
G460,6,1012,15:29,NULL
G7304,1,1045,NULL,09:22
G7304,2,1023,11:05,11:16
G7304,3,1020,11:51,11:54
G7304,4,1003,12:22,NULL
D5464,1,1008,NULL,09:36
D5464,2,1006,10:21,10:24
D5464,3,1003,12:11,12:23
D5464,4,1023,14:06,14:10
D5464,5,1024,14:25,NULL
G7161,1,1004,NULL,10:24
G7161,2,1009,11:09,11:11
G7161,3,1015,11:49,11:51
G7161,4,1003,12:23,NULL
G7446,1,1003,NULL,12:24
G7446,2,1015,12:56,12:58
G7446,3,1009,13:32,13:34
G7446,4,1005,14:26,14:34
G7446,5,1030,15:30,15:39
G7446,6,1036,16:06,16:10
G7446,7,1043,16:47,NULL
G1633,1,1003,NULL,12:25
G1633,2,1023,13:25,13:28
G1633,3,1024,13:37,13:39
G1633,4,1028,14:17,NULL
G7508,1,1021,NULL,10:28
G7508,2,1023,11:29,11:31
G7508,3,1003,12:27,NULL
G412,1,1003,NULL,12:28
G412,2,1005,13:49,13:53
G412,3,1012,15:12,NULL
G7335,1,1003,NULL,12:28
G7335,2,1020,13:04,13:06
G7335,3,1023,13:29,13:37
G7335,4,1019,15:23,15:25
G7335,5,1026,16:00,NULL
G7111,1,1004,NULL,10:29
G7111,2,1009,11:21,11:23
G7111,3,1015,11:54,11:56
G7111,4,1003,12:30,NULL
G7181,1,1043,NULL,08:55
G7181,2,1036,09:28,09:31
G7181,3,1030,09:58,10:04
G7181,4,1005,10:55,10:57
G7181,5,1010,11:29,11:31
G7181,6,1016,12:05,12:07
G7181,7,1003,12:31,NULL
G1810,1,1003,NULL,12:33
G1810,2,1016,13:03,13:05
G1810,3,1010,13:27,13:29
G1810,4,1005,14:08,14:11
G1810,5,1039,14:53,14:55
G1810,6,1012,15:54,NULL
G1632,1,1027,NULL,10:26
G1632,2,1028,10:47,10:49
G1632,3,1023,11:38,11:42
G1632,4,1020,12:05,12:07
G1632,5,1003,12:35,NULL
G8311,1,1017,NULL,08:37
G8311,2,1014,10:09,10:11
G8311,3,1007,11:18,11:20
G8311,4,1003,12:37,NULL
G7306,1,1045,NULL,09:40
G7306,2,1023,11:25,11:34
G7306,3,1020,12:09,12:12
G7306,4,1003,12:39,NULL
G101,1,1005,NULL,11:16
G101,2,1016,12:14,12:16
G101,3,1003,12:40,NULL
G1369,1,1003,NULL,12:40
G1369,2,1023,13:39,NULL
G7162,1,1031,NULL,09:51
G7162,2,1005,10:39,10:42
G7162,3,1009,11:33,11:35
G7162,4,1015,12:06,12:08
G7162,5,1003,12:43,NULL
G7324,1,1026,NULL,08:45
G7324,2,1019,09:36,09:39
G7324,3,1029,10:28,10:39
G7324,4,1023,11:34,11:49
G7324,5,1020,12:15,12:17
G7324,6,1003,12:44,NULL
G7378,1,1031,NULL,09:30
G7378,2,1005,10:18,10:24
G7378,3,1010,11:13,11:15
G7378,4,1016,11:48,11:50
G7378,5,1003,12:27,12:45
G7378,6,1020,13:19,13:21
G7378,7,1023,13:44,13:47
G7378,8,1027,15:05,NULL
G7110,1,1003,NULL,12:46
G7110,2,1015,13:18,13:20
G7110,3,1009,13:52,13:54
G7110,4,1004,14:58,NULL
G7193,1,1010,NULL,11:45
G7193,2,1016,12:19,12:21
G7193,3,1003,12:44,12:50
G7193,4,1020,13:28,13:31
G7193,5,1023,13:54,13:59
G7193,6,1045,15:42,NULL
G7113,1,1004,NULL,11:05
G7113,2,1009,11:44,11:46
G7113,3,1015,12:17,12:19
G7113,4,1003,12:52,NULL
G1928,1,1003,NULL,12:55
G1928,2,1005,14:27,14:31
G1928,3,1012,16:14,NULL
G8318,1,1003,NULL,12:55
G8318,2,1007,14:16,14:18
G8318,3,1014,15:26,15:29
G8318,4,1017,17:05,NULL
G1659,1,1003,NULL,12:57
G1659,2,1020,13:24,13:26
G1659,3,1023,13:50,NULL
G134,1,1003,NULL,13:00
G134,2,1005,14:21,14:23
G134,3,1039,15:05,15:08
G134,4,1012,15:46,NULL
G1801,1,1043,NULL,09:31
G1801,2,1030,10:36,10:41
G1801,3,1005,11:33,11:39
G1801,4,1016,12:36,12:39
G1801,5,1003,13:03,NULL
G1386,1,1027,NULL,10:32
G1386,2,1028,10:53,11:11
G1386,3,1023,12:05,12:14
G1386,4,1003,13:04,NULL
G1716,1,1003,NULL,13:05
G1716,2,1010,13:59,14:01
G1716,3,1005,14:44,14:49
G1716,4,1031,15:37,NULL
G7598,1,1031,NULL,10:33
G7598,2,1005,11:22,11:27
G7598,3,1016,12:24,12:29
G7598,4,1003,12:59,13:05
G7598,5,1020,13:33,13:36
G7598,6,1023,13:59,14:12
G7598,7,1021,15:08,NULL
G105,1,1012,NULL,10:30
G105,2,1005,11:51,11:53
G105,3,1003,13:08,NULL
G7164,1,1003,NULL,13:08
G7164,2,1015,13:40,13:42
G7164,3,1009,14:13,14:15
G7164,4,1005,15:02,15:06
G7164,5,1030,16:09,16:15
G7164,6,1036,16:42,16:44
G7164,7,1043,17:17,NULL
G7540,1,1026,NULL,09:00
G7540,2,1021,11:04,11:06
G7540,3,1023,12:00,12:04
G7540,4,1003,13:09,NULL
G1389,1,1003,NULL,13:10
G1389,2,1020,13:38,13:41
G1389,3,1023,14:04,NULL
G7182,1,1003,NULL,13:10
G7182,2,1010,14:09,14:11
G7182,3,1005,14:56,15:00
G7182,4,1030,15:51,15:55
G7182,5,1043,17:05,NULL
G143,1,1005,NULL,11:57
G143,2,1010,12:29,12:31
G143,3,1003,13:12,NULL
G7112,1,1003,NULL,13:13
G7112,2,1015,13:45,13:47
G7112,3,1009,14:18,14:20
G7112,4,1004,15:16,NULL
G7323,1,1003,NULL,13:15
G7323,2,1020,13:43,13:46
G7323,3,1023,14:09,14:17
G7323,4,1019,15:43,15:45
G7323,5,1026,16:27,NULL
G1738,1,1031,NULL,10:28
G1738,2,1005,11:17,11:20
G1738,3,1016,12:41,12:53
G1738,4,1003,13:17,NULL
D3016,1,1031,NULL,10:12
D3016,2,1005,11:00,11:04
D3016,3,1009,12:07,12:09
D3016,4,1015,12:41,12:44
D3016,5,1003,13:18,NULL
G1346,1,1027,NULL,11:10
G1346,2,1023,12:17,12:19
G1346,3,1003,13:18,NULL
D3141,1,1004,NULL,11:19
D3141,2,1009,12:02,12:04
D3141,3,1015,12:36,12:39
D3141,4,1003,13:13,13:19
D3141,5,1020,13:48,13:51
D3141,6,1023,14:21,14:27
D3141,7,1021,15:26,15:30
D3141,8,1026,17:25,NULL
G1715,1,1031,NULL,11:17
G1715,2,1005,12:05,12:07
G1715,3,1016,12:57,12:59
G1715,4,1003,13:23,NULL
G7178,1,1033,NULL,10:27
G7178,2,1037,10:59,11:01
G7178,3,1005,11:39,11:42
G7178,4,1015,12:54,12:56
G7178,5,1003,13:23,NULL
G3252,1,1003,NULL,13:24
G3252,2,1016,14:02,14:04
G3252,3,1010,14:26,14:45
G3252,4,1005,15:37,15:48
G3252,5,1030,16:50,16:53
G3252,6,1036,17:20,17:22
G3252,7,1043,18:03,NULL
G7510,1,1021,NULL,11:24
G7510,2,1023,12:24,12:26
G7510,3,1020,12:56,12:59
G7510,4,1003,13:27,NULL
G1,1,1005,NULL,12:26
G1,2,1003,13:28,NULL
G9231,1,1009,NULL,12:16
G9231,2,1015,12:47,12:49
G9231,3,1003,13:28,NULL
G138,1,1003,NULL,13:29
G138,2,1016,13:53,13:55
G138,3,1010,14:17,14:19
G138,4,1005,14:50,14:52
G138,5,1039,15:34,NULL
G7301,1,1003,NULL,13:30
G7301,2,1023,14:31,14:37
G7301,3,1045,16:09,NULL
G7148,1,1003,NULL,13:33
G7148,2,1015,14:05,14:07
G7148,3,1005,15:29,15:33
G7148,4,1037,16:17,NULL
G140,1,1003,NULL,13:34
G140,2,1016,13:57,13:59
G140,3,1010,14:21,14:23
G140,4,1005,15:04,NULL
G7559,1,1003,NULL,13:35
G7559,2,1020,14:13,14:23
G7559,3,1023,14:49,NULL
G1634,1,1028,NULL,11:52
G1634,2,1023,12:43,12:45
G1634,3,1003,13:37,NULL
C3791,1,1007,NULL,12:18
C3791,2,1003,13:40,NULL
G1329,1,1003,NULL,13:40
G1329,2,1020,14:08,14:10
G1329,3,1023,14:40,14:42
G1329,4,1028,15:32,NULL
G1348,1,1023,NULL,12:55
G1348,2,1003,13:41,NULL
G1914,1,1012,NULL,10:34
G1914,2,1005,11:59,12:01
G1914,3,1010,12:33,12:39
G1914,4,1016,13:02,13:09
G1914,5,1003,13:41,NULL
G7176,1,1003,NULL,13:43
G7176,2,1015,14:15,14:17
G7176,3,1009,14:48,14:50
G7176,4,1005,15:42,15:45
G7176,5,1037,16:22,16:24
G7176,6,1033,16:58,NULL
G1932,1,1003,NULL,13:44
G1932,2,1016,14:07,14:09
G1932,3,1005,15:30,15:32
G1932,4,1012,16:55,NULL
D382,1,1026,NULL,09:41
D382,2,1021,11:27,11:33
D382,3,1024,12:24,12:26
D382,4,1023,12:36,12:38
D382,5,1003,13:46,NULL
G107,1,1012,NULL,11:00
G107,2,1005,12:15,12:18
G107,3,1016,13:19,13:21
G107,4,1003,13:46,NULL
G1355,1,1003,NULL,13:47
G1355,2,1023,14:46,14:50
G1355,3,1028,15:42,NULL
G1808,1,1012,NULL,10:21
G1808,2,1039,11:00,11:02
G1808,3,1005,11:43,11:46
G1808,4,1016,13:14,13:16
G1808,5,1003,13:50,NULL
G1720,1,1003,NULL,13:51
G1720,2,1016,14:14,14:20
G1720,3,1005,15:10,15:13
G1720,4,1031,16:01,NULL
D3012,1,1031,NULL,10:51
D3012,2,1005,11:41,11:46
D3012,3,1015,13:17,13:19
D3012,4,1003,13:52,NULL
D3006,1,1003,NULL,13:53
D3006,2,1015,14:30,14:32
D3006,3,1009,15:05,15:07
D3006,4,1005,16:02,16:07
D3006,5,1031,17:08,NULL
G7539,1,1003,NULL,13:53
G7539,2,1023,15:14,15:16
G7539,3,1021,16:14,16:20
G7539,4,1026,18:16,NULL
G224,1,1012,NULL,11:07
G224,2,1005,12:31,12:33
G224,3,1010,13:05,13:07
G224,4,1003,13:58,NULL
G4,1,1003,NULL,14:00
G4,2,1005,15:00,NULL
G7515,1,1003,NULL,14:00
G7515,2,1020,14:27,14:29
G7515,3,1023,15:02,15:06
G7515,4,1021,15:54,NULL
G7348,1,1019,NULL,11:18
G7348,2,1023,13:09,13:12
G7348,3,1003,14:04,NULL
G1581,1,1027,NULL,11:58
G1581,2,1023,13:04,13:07
G1581,3,1003,14:00,14:05
G1581,4,1016,14:29,14:49
G1581,5,1010,15:12,NULL
G7315,1,1009,NULL,12:51
G7315,2,1015,13:22,13:24
G7315,3,1003,14:02,14:05
G7315,4,1020,14:33,14:38
G7315,5,1023,15:08,15:11
G7315,6,1045,17:09,NULL
G1812,1,1012,NULL,10:46
G1812,2,1039,11:24,11:26
G1812,3,1005,12:07,12:11
G1812,4,1010,13:10,13:12
G1812,5,1016,13:42,13:44
G1812,6,1003,14:07,NULL
G7114,1,1003,NULL,14:07
G7114,2,1015,14:39,14:41
G7114,3,1009,15:12,15:14
G7114,4,1004,15:59,NULL
G142,1,1003,NULL,14:10
G142,2,1005,15:26,15:28
G142,3,1012,16:49,NULL
G99,1,1003,NULL,14:10
G99,2,1023,14:58,15:01
G99,3,1028,15:47,NULL
D3102,1,1026,NULL,09:55
D3102,2,1021,11:40,11:49
D3102,3,1023,12:58,13:01
D3102,4,1020,13:25,13:27
D3102,5,1003,14:14,NULL
G1814,1,1003,NULL,14:15
G1814,2,1005,15:22,15:24
G1814,3,1012,16:38,NULL
G7320,1,1045,NULL,11:50
G7320,2,1023,13:27,13:29
G7320,3,1003,14:18,NULL
G7578,1,1031,NULL,11:22
G7578,2,1005,12:10,12:13
G7578,3,1009,13:04,13:06
G7578,4,1015,13:38,13:40
G7578,5,1003,14:16,14:19
G7578,6,1020,14:54,14:56
G7578,7,1023,15:19,15:21
G7578,8,1021,16:27,16:29
G7578,9,1026,18:47,NULL
G226,1,1003,NULL,14:20
G226,2,1005,15:41,15:43
G226,3,1039,16:25,16:27
G226,4,1012,17:14,NULL
C3720,1,1006,NULL,12:39
C3720,2,1003,14:22,NULL
G111,1,1005,NULL,12:55
G111,2,1003,14:22,NULL
G9234,1,1003,NULL,14:24
G9234,2,1015,14:49,14:51
G9234,3,1009,15:22,15:24
G9234,4,1017,17:59,NULL
G7347,1,1003,NULL,14:25
G7347,2,1020,14:59,15:01
G7347,3,1023,15:25,15:28
G7347,4,1029,16:21,NULL
G7,1,1005,NULL,13:25
G7,2,1003,14:28,NULL
G1818,1,1003,NULL,14:29
G1818,2,1010,15:21,15:23
G1818,3,1005,16:11,16:15
G1818,4,1039,16:56,16:58
G1818,5,1012,17:35,NULL
G7134,1,1032,NULL,10:36
G7134,2,1040,11:17,11:19
G7134,3,1037,11:56,11:58
G7134,4,1005,12:36,12:38
G7134,5,1009,13:28,13:30
G7134,6,1015,14:01,14:03
G7134,7,1003,14:29,NULL
G7390,1,1027,NULL,12:16
G7390,2,1028,12:37,12:40
G7390,3,1023,13:32,13:34
G7390,4,1003,14:28,14:30
G7390,5,1015,14:55,14:57
G7390,6,1009,15:35,15:37
G7390,7,1017,18:05,NULL
G1652,1,1023,NULL,13:44
G1652,2,1003,14:32,NULL
G113,1,1012,NULL,11:53
G113,2,1005,13:07,13:11
G113,3,1016,14:02,14:09
G113,4,1003,14:33,NULL
G1635,1,1003,NULL,14:35
G1635,2,1020,15:03,15:06
G1635,3,1023,15:36,15:38
G1635,4,1027,16:45,NULL
G7280,1,1003,NULL,14:35
G7280,2,1005,15:50,15:53
G7280,3,1039,17:06,NULL
G1778,1,1031,NULL,11:30
G1778,2,1005,12:34,12:38
G1778,3,1010,13:17,13:19
G1778,4,1016,13:53,13:59
G1778,5,1003,14:37,NULL
G7512,1,1021,NULL,12:28
G7512,2,1023,13:21,13:23
G7512,3,1003,14:37,NULL
G7583,1,1017,NULL,11:05
G7583,2,1009,13:22,13:25
G7583,3,1015,13:56,13:58
G7583,4,1003,14:37,14:40
G7583,5,1023,15:40,15:43
G7583,6,1021,16:37,NULL
D3010,1,1003,NULL,14:41
D3010,2,1015,15:14,15:16
D3010,3,1009,15:50,15:52
D3010,4,1005,16:43,16:47
D3010,5,1031,17:35,NULL
G211,1,1005,NULL,13:16
G211,2,1016,14:15,14:17
G211,3,1003,14:41,NULL
D381,1,1003,NULL,14:45
D381,2,1020,15:28,15:35
D381,3,1023,16:16,16:19
D381,4,1021,17:17,17:22
D381,5,1026,19:18,NULL
G362,1,1012,NULL,12:20
G362,2,1005,13:34,13:37
G362,3,1003,14:45,NULL
G86,1,1023,NULL,14:02
G86,2,1003,14:48,NULL
C3714,1,1003,NULL,14:49
C3714,2,1006,16:27,NULL
G146,1,1003,NULL,14:50
G146,2,1016,15:13,15:20
G146,3,1005,16:17,16:24
G146,4,1012,17:44,NULL
G41,1,1039,NULL,12:47
G41,2,1005,13:29,13:31
G41,3,1003,14:49,14:51
G41,4,1020,15:18,15:24
G41,5,1023,15:48,NULL
C3724,1,1006,NULL,13:21
C3724,2,1003,14:52,NULL
G1350,1,1028,NULL,13:03
G1350,2,1023,13:46,13:49
G1350,3,1020,14:12,14:14
G1350,4,1003,14:54,NULL
G7140,1,1003,NULL,14:54
G7140,2,1015,15:30,15:32
G7140,3,1009,16:10,16:12
G7140,4,1005,17:07,17:09
G7140,5,1037,17:47,17:49
G7140,6,1040,18:21,18:23
G7140,7,1032,19:04,NULL
G7517,1,1003,NULL,14:56
G7517,2,1023,15:44,15:51
G7517,3,1021,16:51,NULL
G115,1,1005,NULL,13:41
G115,2,1003,14:58,NULL
G14,1,1003,NULL,15:00
G14,2,1005,16:00,NULL
D3101,1,1003,NULL,15:01
D3101,2,1023,16:27,16:30
D3101,3,1021,17:44,17:51
D3101,4,1026,19:42,NULL
G214,1,1003,NULL,15:05
G214,2,1005,16:30,16:34
G214,3,1012,17:48,NULL
G1770,1,1031,NULL,12:09
G1770,2,1005,12:57,12:59
G1770,3,1010,14:00,14:19
G1770,4,1016,14:41,14:43
G1770,5,1003,15:07,NULL
G1357,1,1003,NULL,15:08
G1357,2,1023,15:54,NULL
G7334,1,1026,NULL,11:24
G7334,2,1019,11:58,12:00
G7334,3,1029,12:40,12:42
G7334,4,1023,13:50,13:54
G7334,5,1003,15:08,NULL
C3772,1,1003,NULL,15:09
C3772,2,1007,16:31,16:33
C3772,3,1004,19:09,NULL
G7186,1,1003,NULL,15:10
G7186,2,1005,16:22,16:25
G7186,3,1030,17:16,17:18
G7186,4,1043,18:17,NULL
G1637,1,1003,NULL,15:13
G1637,2,1020,15:46,15:52
G1637,3,1023,16:22,16:25
G1637,4,1028,17:15,NULL
D3008,1,1031,NULL,11:52
D3008,2,1005,12:43,12:47
D3008,3,1009,13:56,13:58
D3008,4,1015,14:30,14:32
D3008,5,1003,15:15,NULL
G7542,1,1021,NULL,13:05
G7542,2,1023,14:05,14:09
G7542,3,1020,14:39,14:41
G7542,4,1003,15:16,NULL
G1776,1,1003,NULL,15:17
G1776,2,1016,15:40,15:42
G1776,3,1010,16:04,16:10
G1776,4,1005,16:53,16:55
G1776,5,1031,17:43,NULL
G7514,1,1021,NULL,13:14
G7514,2,1023,14:14,14:19
G7514,3,1020,14:49,14:52
G7514,4,1003,15:20,NULL
G148,1,1003,NULL,15:22
G148,2,1016,15:45,15:47
G148,3,1005,16:44,16:47
G148,4,1039,17:28,17:30
G148,5,1012,18:07,NULL
G1813,1,1012,NULL,12:27
G1813,2,1005,13:49,13:52
G1813,3,1016,14:56,14:58
G1813,4,1003,15:23,NULL
G7172,1,1003,NULL,15:23
G7172,2,1015,16:02,NULL
D3104,1,1026,NULL,10:38
D3104,2,1021,12:30,12:34
D3104,3,1023,13:37,13:39
D3104,4,1020,14:17,14:24
D3104,5,1003,15:24,NULL
G1305,1,1003,NULL,15:25
G1305,2,1023,16:12,NULL
G1730,1,1031,NULL,12:46
G1730,2,1005,13:41,13:46
G1730,3,1010,14:25,14:31
G1730,4,1016,15:01,15:03
G1730,5,1003,15:27,NULL
G7127,1,1004,NULL,13:48
G7127,2,1015,14:55,14:57
G7127,3,1003,15:30,NULL
G1736,1,1003,NULL,15:31
G1736,2,1010,16:19,16:29
G1736,3,1005,17:02,17:08
G1736,4,1031,18:07,NULL
D5462,1,1024,NULL,13:30
D5462,2,1023,13:45,13:52
D5462,3,1003,15:26,15:32
D5462,4,1006,17:11,17:15
D5462,5,1008,18:01,NULL
G7337,1,1003,NULL,15:32
G7337,2,1023,16:32,16:35
G7337,3,1019,18:14,18:16
G7337,4,1026,18:58,NULL
G7546,1,1026,NULL,11:20
G7546,2,1021,13:24,13:26
G7546,3,1023,14:26,14:30
G7546,4,1003,15:32,NULL
G1359,1,1003,NULL,15:37
G1359,2,1020,16:11,16:13
G1359,3,1023,16:36,16:40
G1359,4,1028,17:30,NULL
G117,1,1005,NULL,14:07
G117,2,1016,15:05,15:08
G117,3,1003,15:38,NULL
C3728,1,1006,NULL,14:09
C3728,2,1003,15:40,NULL
G1822,1,1003,NULL,15:40
G1822,2,1010,16:33,16:35
G1822,3,1005,17:06,17:08
G1822,4,1039,18:01,18:08
G1822,5,1012,18:45,NULL
G7322,1,1026,NULL,12:34
G7322,2,1019,13:08,13:10
G7322,3,1029,13:50,13:53
G7322,4,1023,14:40,14:42
G7322,5,1020,15:06,15:08
G7322,6,1003,15:42,NULL
G7168,1,1003,NULL,15:43
G7168,2,1015,16:20,16:22
G7168,3,1005,17:56,18:00
G7168,4,1037,18:37,18:39
G7168,5,1040,19:17,NULL
G7308,1,1045,NULL,13:02
G7308,2,1023,14:45,14:51
G7308,3,1003,15:46,NULL
G2811,1,1043,NULL,12:12
G2811,2,1036,12:53,12:55
G2811,3,1030,13:22,13:26
G2811,4,1005,14:17,14:23
G2811,5,1003,15:47,NULL
G7545,1,1003,NULL,15:47
G7545,2,1023,16:47,16:50
G7545,3,1021,17:50,18:07
G7545,4,1026,19:59,NULL
G7152,1,1003,NULL,15:48
G7152,2,1015,16:15,16:17
G7152,3,1009,17:03,17:05
G7152,4,1005,18:04,18:07
G7152,5,1037,18:50,NULL
G119,1,1012,NULL,13:07
G119,2,1039,13:44,13:46
G119,3,1005,14:27,14:29
G119,4,1003,15:51,NULL
G170,1,1003,NULL,15:52
G170,2,1010,16:39,16:41
G170,3,1005,17:12,NULL
G7519,1,1003,NULL,15:52
G7519,2,1023,16:51,16:55
G7519,3,1021,17:55,NULL
D3103,1,1003,NULL,15:57
D3103,2,1023,16:58,17:00
D3103,3,1021,18:09,18:13
D3103,4,1026,20:04,NULL
G1768,1,1003,NULL,15:57
G1768,2,1010,16:44,16:46
G1768,3,1005,17:30,17:35
G1768,4,1031,18:24,NULL
D3044,1,1031,NULL,12:26
D3044,2,1005,13:20,13:23
D3044,3,1009,14:32,14:34
D3044,4,1015,15:22,15:24
D3044,5,1003,16:00,NULL
D3143,1,1026,NULL,11:50
D3143,2,1021,13:41,13:43
D3143,3,1023,14:50,14:56
D3143,4,1020,15:25,15:27
D3143,5,1003,15:57,16:01
D3143,6,1015,16:36,16:38
D3143,7,1009,17:11,17:13
D3143,8,1004,18:08,NULL
G7198,1,1031,NULL,13:39
G7198,2,1005,14:27,14:33
G7198,3,1010,15:13,15:15
G7198,4,1003,16:03,NULL
G150,1,1003,NULL,16:04
G150,2,1010,16:51,16:53
G150,3,1005,17:24,17:27
G150,4,1012,18:41,NULL
D3014,1,1003,NULL,16:06
D3014,2,1015,16:41,16:43
D3014,3,1009,17:16,17:18
D3014,4,1005,18:20,18:23
D3014,5,1031,19:17,NULL
G7365,1,1003,NULL,16:07
G7365,2,1020,16:35,16:37
G7365,3,1023,17:03,17:05
G7365,4,1028,17:55,17:57
G7365,5,1027,18:18,NULL
G1352,1,1028,NULL,14:13
G1352,2,1023,15:11,15:14
G1352,3,1003,16:08,NULL
G232,1,1012,NULL,13:35
G232,2,1005,14:50,14:54
G232,3,1016,15:44,15:46
G232,4,1003,16:11,NULL
G7516,1,1026,NULL,12:17
G7516,2,1021,14:14,14:17
G7516,3,1023,15:17,15:19
G7516,4,1003,16:11,NULL
G1936,1,1003,NULL,16:12
G1936,2,1016,16:35,16:37
G1936,3,1010,16:59,17:05
G1936,4,1005,17:37,17:41
G1936,5,1012,18:57,NULL
G7571,1,1036,NULL,12:39
G7571,2,1030,13:06,13:10
G7571,3,1005,14:01,14:03
G7571,4,1009,14:55,14:57
G7571,5,1003,16:08,16:12
G7571,6,1020,16:40,16:42
G7571,7,1023,17:12,17:15
G7571,8,1021,18:21,18:27
G7571,9,1026,20:18,NULL
G213,1,1012,NULL,13:30
G213,2,1005,14:44,14:49
G213,3,1010,15:21,15:26
G213,4,1016,15:49,15:51
G213,5,1003,16:17,NULL
G7321,1,1003,NULL,16:17
G7321,2,1023,17:16,17:23
G7321,3,1019,19:18,19:20
G7321,4,1026,20:01,NULL
G152,1,1003,NULL,16:18
G152,2,1016,16:42,16:44
G152,3,1005,17:32,17:34
G152,4,1012,18:49,NULL
G7138,1,1032,NULL,12:17
G7138,2,1040,12:58,13:00
G7138,3,1037,13:37,13:39
G7138,4,1005,14:23,14:28
G7138,5,1009,15:18,15:20
G7138,6,1015,15:47,15:49
G7138,7,1003,16:20,NULL
G7303,1,1003,NULL,16:22
G7303,2,1020,16:56,16:58
G7303,3,1023,17:32,17:34
G7303,4,1045,19:29,NULL
G7592,1,1026,NULL,12:43
G7592,2,1019,13:23,13:25
G7592,3,1029,14:05,14:07
G7592,4,1023,14:59,15:01
G7592,5,1020,15:31,15:41
G7592,6,1003,16:22,16:24
G7592,7,1015,16:57,16:59
G7592,8,1009,17:36,17:38
G7592,9,1005,18:40,18:44
G7592,10,1037,19:27,19:31
G7592,11,1040,20:09,20:11
G7592,12,1032,20:52,NULL
G121,1,1012,NULL,13:41
G121,2,1005,14:55,15:00
G121,3,1016,15:58,16:00
G121,4,1003,16:25,NULL
G7560,1,1023,NULL,15:29
G7560,2,1020,15:54,15:57
G7560,3,1003,16:25,NULL
G2812,1,1003,NULL,16:26
G2812,2,1016,16:49,16:54
G2812,3,1005,17:51,17:53
G2812,4,1030,18:46,18:50
G2812,5,1036,19:17,19:20
G2812,6,1043,19:55,NULL
D5562,1,1003,NULL,16:29
D5562,2,1007,17:51,17:53
D5562,3,1030,20:56,21:00
D5562,4,1036,21:29,21:31
D5562,5,1043,22:09,NULL
G7326,1,1026,NULL,13:03
G7326,2,1019,13:43,13:45
G7326,3,1023,15:22,15:24
G7326,4,1020,15:59,16:02
G7326,5,1003,16:29,NULL
G1583,1,1010,NULL,15:34
G1583,2,1016,16:03,16:05
G1583,3,1003,16:29,16:32
G1583,4,1020,17:01,17:04
G1583,5,1023,17:27,17:29
G1583,6,1028,18:21,18:24
G1583,7,1027,18:46,NULL
G234,1,1003,NULL,16:32
G234,2,1005,17:45,17:47
G234,3,1012,19:01,NULL
C3774,1,1004,NULL,12:41
C3774,2,1007,15:08,15:11
C3774,3,1003,16:35,NULL
G7376,1,1027,NULL,14:24
G7376,2,1028,14:45,14:47
G7376,3,1023,15:38,15:40
G7376,4,1003,16:34,16:36
G7376,5,1015,17:07,17:09
G7376,6,1009,17:41,17:43
G7376,7,1005,18:36,18:42
G7376,8,1031,19:32,NULL
G9,1,1005,NULL,15:32
G9,2,1003,16:36,NULL
G1370,1,1027,NULL,14:19
G1370,2,1028,14:40,14:42
G1370,3,1023,15:32,15:35
G1370,4,1020,16:04,16:10
G1370,5,1003,16:37,NULL
G1361,1,1003,NULL,16:38
G1361,2,1020,17:12,17:14
G1361,3,1023,17:37,17:45
G1361,4,1028,18:35,18:37
G1361,5,1027,18:58,NULL
G216,1,1003,NULL,16:38
G216,2,1016,17:01,17:04
G216,3,1005,18:04,18:06
G216,4,1039,18:48,18:50
G216,5,1012,19:26,NULL
G7521,1,1003,NULL,16:43
G7521,2,1020,17:17,17:19
G7521,3,1023,17:52,17:55
G7521,4,1021,18:55,19:00
G7521,5,1026,20:51,NULL
G7117,1,1004,NULL,14:41
G7117,2,1015,16:06,16:08
G7117,3,1003,16:44,NULL
G7196,1,1003,NULL,16:44
G7196,2,1016,17:07,17:09
G7196,3,1010,17:46,17:52
G7196,4,1005,18:32,18:37
G7196,5,1031,19:27,NULL
G1918,1,1012,NULL,13:46
G1918,2,1039,14:23,14:25
G1918,3,1005,15:07,15:09
G1918,4,1016,16:08,16:15
G1918,5,1003,16:45,NULL
D3042,1,1003,NULL,16:47
D3042,2,1015,17:35,17:37
D3042,3,1009,18:09,18:11
D3042,4,1005,19:06,19:10
D3042,5,1031,20:06,NULL
G123,1,1005,NULL,15:19
G123,2,1003,16:50,NULL
G1728,1,1003,NULL,16:51
G1728,2,1016,17:14,17:20
G1728,3,1005,18:10,18:12
G1728,4,1031,19:00,NULL
G7533,1,1003,NULL,16:53
G7533,2,1020,17:22,17:24
G7533,3,1023,17:48,17:50
G7533,4,1021,18:50,NULL
G1636,1,1027,NULL,14:43
G1636,2,1028,15:04,15:06
G1636,3,1023,15:50,15:54
G1636,4,1020,16:17,16:20
G1636,5,1003,16:55,NULL
D5456,1,1024,NULL,14:50
D5456,2,1023,15:05,15:13
D5456,3,1003,16:52,16:58
D5456,4,1007,18:22,18:24
D5456,5,1004,20:55,NULL
G125,1,1005,NULL,15:36
G125,2,1010,16:08,16:10
G125,3,1003,16:59,NULL
G7353,1,1022,NULL,15:53
G7353,2,1020,16:22,16:25
G7353,3,1003,16:59,NULL
G1385,1,1003,NULL,17:00
G1385,2,1020,17:27,17:29
G1385,3,1023,17:59,18:05
G1385,4,1028,18:56,18:58
G1385,5,1027,19:19,NULL
G16,1,1003,NULL,17:00
G16,2,1005,17:59,18:01
G16,3,1012,19:08,NULL
G1354,1,1028,NULL,15:11
G1354,2,1023,16:01,16:03
G1354,3,1020,16:33,16:35
G1354,4,1003,17:03,NULL
G7579,1,1007,NULL,15:33
G7579,2,1003,17:01,17:04
G7579,3,1020,17:32,17:34
G7579,4,1023,18:06,18:11
G7579,5,1045,20:07,NULL
G7144,1,1003,NULL,17:05
G7144,2,1015,17:40,17:42
G7144,3,1005,19:15,19:17
G7144,4,1037,20:00,20:02
G7144,5,1040,20:34,20:36
G7144,6,1032,21:17,NULL
G1940,1,1003,NULL,17:06
G1940,2,1005,18:19,18:21
G1940,3,1012,19:35,NULL
G7174,1,1031,NULL,13:55
G7174,2,1005,14:43,14:47
G7174,3,1009,15:54,15:56
G7174,4,1015,16:27,16:29
G7174,5,1003,17:06,NULL
G1363,1,1003,NULL,17:09
G1363,2,1020,17:47,17:49
G1363,3,1023,18:19,18:21
G1363,4,1027,19:28,NULL
G7118,1,1003,NULL,17:11
G7118,2,1009,18:25,18:27
G7118,3,1004,19:13,NULL
G3154,1,1043,NULL,13:11
G3154,2,1036,13:51,13:54
G3154,3,1030,14:21,14:26
G3154,4,1005,15:17,15:23
G3154,5,1010,15:55,16:02
G3154,6,1016,16:37,16:39
G3154,7,1003,17:12,NULL
G154,1,1003,NULL,17:13
G154,2,1016,17:36,17:38
G154,3,1010,18:00,18:02
G154,4,1005,18:35,18:37
G154,5,1039,19:19,NULL
G7585,1,1017,NULL,13:29
G7585,2,1009,16:03,16:06
G7585,3,1015,16:37,16:39
G7585,4,1003,17:12,17:15
G7585,5,1020,17:43,17:44
G7585,6,1023,18:14,18:16
G7585,7,1021,19:16,19:20
G7585,8,1026,21:17,NULL
G462,1,1012,NULL,14:28
G462,2,1005,15:48,15:51
G462,3,1016,16:48,16:52
G462,4,1003,17:16,NULL
G156,1,1003,NULL,17:18
G156,2,1016,17:41,17:43
G156,3,1005,18:39,18:41
G156,4,1039,19:23,NULL
G127,1,1012,NULL,14:42
G127,2,1039,15:18,15:20
G127,3,1005,16:01,16:04
G127,4,1010,16:36,16:38
G127,5,1003,17:20,NULL
G1638,1,1027,NULL,15:10
G1638,2,1023,16:17,16:21
G1638,3,1020,16:51,16:53
G1638,4,1003,17:21,NULL
G7142,1,1032,NULL,13:08
G7142,2,1040,13:49,13:51
G7142,3,1037,14:28,14:30
G7142,4,1005,15:14,15:17
G7142,5,1009,16:09,16:11
G7142,6,1015,16:42,16:44
G7142,7,1003,17:21,NULL
G1639,1,1003,NULL,17:22
G1639,2,1023,18:29,18:32
G1639,3,1027,19:32,NULL
G44,1,1023,NULL,16:15
G44,2,1020,16:38,16:40
G44,3,1003,17:14,17:23
G44,4,1016,17:46,17:48
G44,5,1005,18:50,18:52
G44,6,1012,20:06,NULL
G411,1,1012,NULL,14:38
G411,2,1039,15:14,15:16
G411,3,1005,15:57,15:59
G411,4,1010,16:31,16:33
G411,5,1016,16:56,17:01
G411,6,1003,17:25,NULL
G7518,1,1021,NULL,15:27
G7518,2,1023,16:22,16:26
G7518,3,1020,16:56,16:58
G7518,4,1003,17:25,NULL
G7305,1,1003,NULL,17:27
G7305,2,1020,18:01,18:03
G7305,3,1023,18:33,18:37
G7305,4,1045,20:26,NULL
D3048,1,1031,NULL,14:34
D3048,2,1005,15:22,15:25
D3048,3,1009,16:14,16:16
D3048,4,1015,16:58,17:00
D3048,5,1003,17:28,NULL
G7130,1,1003,NULL,17:32
G7130,2,1015,17:59,18:01
G7130,3,1009,18:32,18:34
G7130,4,1004,19:19,NULL
G7388,1,1031,NULL,14:49
G7388,2,1005,15:37,15:40
G7388,3,1010,16:12,16:14
G7388,4,1016,16:44,16:46
G7388,5,1003,17:29,17:32
G7388,6,1020,18:16,18:18
G7388,7,1023,18:42,NULL
G3254,1,1043,NULL,13:24
G3254,2,1036,14:04,14:06
G3254,3,1030,14:41,14:51
G3254,4,1005,15:42,15:45
G3254,5,1016,17:06,17:09
G3254,6,1003,17:33,NULL
G158,1,1003,NULL,17:34
G158,2,1016,17:57,17:59
G158,3,1005,18:54,18:57
G158,4,1039,19:39,NULL
G1390,1,1028,NULL,15:46
G1390,2,1023,16:34,16:36
G1390,3,1020,17:01,17:03
G1390,4,1003,17:37,NULL
C3751,1,1012,NULL,12:54
C3751,2,1007,16:16,16:18
C3751,3,1003,17:38,NULL
G1365,1,1003,NULL,17:38
G1365,2,1020,18:05,18:08
G1365,3,1023,18:38,18:42
G1365,4,1028,19:25,NULL
G1922,1,1012,NULL,14:46
G1922,2,1005,16:05,16:09
G1922,3,1010,16:41,16:43
G1922,4,1016,17:13,17:16
G1922,5,1003,17:40,NULL
G1455,1,1003,NULL,17:45
G1455,2,1020,18:21,18:23
G1455,3,1023,18:46,18:50
G1455,4,1028,19:33,NULL
G1958,1,1043,NULL,14:00
G1958,2,1036,14:42,14:44
G1958,3,1030,15:11,15:18
G1958,4,1005,16:09,16:14
G1958,5,1010,16:46,16:48
G1958,6,1016,17:18,17:21
G1958,7,1003,17:45,NULL
G8313,1,1017,NULL,13:45
G8313,2,1014,15:33,15:35
G8313,3,1007,16:28,16:30
G8313,4,1003,17:45,NULL
D3137,1,1026,NULL,13:27
D3137,2,1021,15:18,15:22
D3137,3,1023,16:26,16:41
D3137,4,1020,17:11,17:13
D3137,5,1003,17:42,17:46
D3137,6,1015,18:46,18:48
D3137,7,1009,19:27,19:29
D3137,8,1004,20:28,NULL
G160,1,1003,NULL,17:46
G160,2,1010,18:35,18:42
G160,3,1005,19:14,19:17
G160,4,1012,20:32,NULL
G2666,1,1012,NULL,14:50
G2666,2,1005,16:16,16:18
G2666,3,1010,16:57,16:59
G2666,4,1016,17:23,17:25
G2666,5,1003,17:49,NULL
G7146,1,1032,NULL,13:52
G7146,2,1040,14:33,14:35
G7146,3,1037,15:06,15:08
G7146,4,1005,15:46,15:49
G7146,5,1009,16:44,16:46
G7146,6,1015,17:17,17:19
G7146,7,1003,17:52,NULL
D3046,1,1003,NULL,17:53
D3046,2,1015,18:30,18:32
D3046,3,1009,19:05,19:07
D3046,4,1005,20:05,20:09
D3046,5,1031,20:58,NULL
G7336,1,1026,NULL,14:34
G7336,2,1019,15:08,15:10
G7336,3,1023,16:48,16:53
G7336,4,1020,17:17,17:19
G7336,5,1003,17:53,NULL
G7367,1,1003,NULL,17:53
G7367,2,1020,18:30,18:33
G7367,3,1023,18:56,19:06
G7367,4,1019,20:34,20:36
G7367,5,1026,21:11,NULL
G7525,1,1003,NULL,17:58
G7525,2,1020,18:26,18:28
G7525,3,1023,18:51,18:56
G7525,4,1021,19:57,20:02
G7525,5,1026,21:52,NULL
G7726,1,1003,NULL,18:03
G7726,2,1015,18:35,18:37
G7726,3,1009,19:10,19:12
G7726,4,1005,20:10,20:19
G7726,5,1037,21:02,21:05
G7726,6,1040,21:37,NULL
G7192,1,1045,NULL,15:02
G7192,2,1023,16:59,17:01
G7192,3,1020,17:27,17:29
G7192,4,1003,17:57,18:04
G7192,5,1016,18:27,18:29
G7192,6,1005,19:51,19:55
G7192,7,1039,20:51,20:53
G7192,8,1012,21:40,NULL
G1674,1,1026,NULL,13:57
G1674,2,1021,15:43,15:48
G1674,3,1023,16:43,16:48
G1674,4,1020,17:22,17:24
G1674,5,1003,18:05,NULL
G7307,1,1003,NULL,18:06
G7307,2,1020,18:34,18:37
G7307,3,1023,19:14,19:16
G7307,4,1045,20:59,NULL
G678,1,1031,NULL,15:29
G678,2,1005,16:19,16:22
G678,3,1010,17:12,17:14
G678,4,1016,17:36,17:38
G678,5,1003,18:08,NULL
G298,1,1003,NULL,18:09
G298,2,1016,18:32,18:34
G298,3,1005,19:38,19:42
G298,4,1039,20:33,20:48
G298,5,1012,21:31,NULL
G7120,1,1003,NULL,18:09
G7120,2,1015,18:41,18:43
G7120,3,1004,20:09,NULL
G7631,1,1003,NULL,18:11
G7631,2,1020,18:38,18:47
G7631,3,1022,19:16,19:43
G7631,4,1033,21:01,NULL
C3778,1,1004,NULL,14:17
C3778,2,1007,16:47,16:49
C3778,3,1003,18:12,NULL
G1820,1,1012,NULL,15:18
G1820,2,1005,16:47,16:49
G1820,3,1010,17:21,17:23
G1820,4,1016,17:45,17:48
G1820,5,1003,18:12,NULL
G7374,1,1031,NULL,14:59
G7374,2,1005,16:01,16:04
G7374,3,1009,16:49,16:51
G7374,4,1015,17:22,17:24
G7374,5,1003,18:04,18:13
G7374,6,1023,19:07,19:23
G7374,7,1028,20:20,20:22
G7374,8,1027,20:43,NULL
G8330,1,1003,NULL,18:13
G8330,2,1007,19:29,19:31
G8330,3,1014,20:24,20:26
G8330,4,1012,22:28,NULL
G1826,1,1003,NULL,18:14
G1826,2,1016,18:37,18:39
G1826,3,1010,19:12,19:14
G1826,4,1005,19:47,19:52
G1826,5,1030,20:43,20:47
G1826,6,1036,21:14,21:16
G1826,7,1043,21:52,NULL
G131,1,1012,NULL,15:31
G131,2,1005,16:51,16:54
G131,3,1003,18:16,NULL
G7391,1,1003,NULL,18:18
G7391,2,1022,19:39,19:55
G7391,3,1005,21:43,NULL
G2662,1,1003,NULL,18:19
G2662,2,1016,18:42,18:44
G2662,3,1010,19:07,19:09
G2662,4,1005,19:42,19:47
G2662,5,1012,21:26,NULL
G1322,1,1027,NULL,16:03
G1322,2,1028,16:25,16:29
G1322,3,1023,17:14,17:16
G1322,4,1003,18:22,NULL
G7788,1,1003,NULL,18:24
G7788,2,1016,18:47,18:49
G7788,3,1010,19:18,19:21
G7788,4,1005,19:55,20:00
G7788,5,1030,20:51,20:55
G7788,6,1036,21:24,21:26
G7788,7,1043,22:02,NULL
G7119,1,1004,NULL,16:30
G7119,2,1015,17:46,17:48
G7119,3,1003,18:26,NULL
G7156,1,1003,NULL,18:26
G7156,2,1015,18:58,19:00
G7156,3,1009,19:44,19:46
G7156,4,1005,20:58,21:03
G7156,5,1031,21:51,NULL
G1395,1,1003,NULL,18:28
G1395,2,1020,18:55,18:58
G1395,3,1023,19:28,19:33
G1395,4,1028,20:25,NULL
G3,1,1005,NULL,17:25
G3,2,1003,18:28,NULL
G7792,1,1026,NULL,14:02
G7792,2,1021,15:53,15:56
G7792,3,1024,16:46,16:54
G7792,4,1023,17:04,17:06
G7792,5,1003,18:13,18:29
G7792,6,1016,18:58,19:00
G7792,7,1010,19:29,19:35
G7792,8,1005,20:16,20:21
G7792,9,1039,21:14,21:18
G7792,10,1012,21:59,NULL
G7520,1,1021,NULL,16:15
G7520,2,1023,17:22,17:25
G7520,3,1020,17:56,17:58
G7520,4,1003,18:32,18:34
G7520,5,1015,19:06,19:08
G7520,6,1009,19:39,19:41
G7520,7,1005,20:40,NULL
G7339,1,1003,NULL,18:35
G7339,2,1020,19:09,19:11
G7339,3,1023,19:35,19:40
G7339,4,1019,21:09,21:11
G7339,5,1026,21:53,NULL
D3293,1,1026,NULL,14:16
D3293,2,1021,16:03,16:09
D3293,3,1023,17:09,17:11
D3293,4,1020,17:41,17:43
D3293,5,1003,18:37,NULL
C3718,1,1003,NULL,18:40
C3718,2,1006,19:56,NULL
G133,1,1039,NULL,16:27
G133,2,1005,17:09,17:13
G133,3,1016,18:02,18:09
G133,4,1003,18:40,NULL
G1689,1,1003,NULL,18:41
G1689,2,1020,19:25,19:27
G1689,3,1023,19:50,19:53
G1689,4,1028,20:43,NULL
G1764,1,1003,NULL,18:41
G1764,2,1016,19:11,19:20
G1764,3,1010,19:49,19:57
G1764,4,1005,20:37,20:39
G1764,5,1030,21:33,21:37
G1764,6,1036,22:04,22:06
G1764,7,1043,22:40,NULL
G600,1,1031,NULL,16:44
G600,2,1005,17:33,17:35
G600,3,1003,18:44,NULL
D3126,1,1026,NULL,14:28
D3126,2,1021,16:14,16:21
D3126,3,1023,17:18,17:30
D3126,4,1020,18:01,18:03
D3126,5,1003,18:42,18:48
D3126,6,1007,20:04,NULL
G7343,1,1003,NULL,18:48
G7343,2,1020,19:15,19:17
G7343,3,1023,19:40,19:49
G7343,4,1019,21:30,21:32
G7343,5,1026,22:14,NULL
G7590,1,1021,NULL,16:44
G7590,2,1023,17:48,17:50
G7590,3,1003,18:46,18:52
G7590,4,1016,19:26,19:28
G7590,5,1010,20:02,20:04
G7590,6,1005,20:43,20:45
G7590,7,1039,21:33,21:36
G7590,8,1012,22:21,NULL
G1226,1,1012,NULL,15:39
G1226,2,1005,16:58,17:00
G1226,3,1010,17:49,17:55
G1226,4,1016,18:17,18:24
G1226,5,1003,18:49,18:53
G1226,6,1020,19:20,19:22
G1226,7,1023,19:46,20:00
G1226,8,1029,21:02,21:04
G1226,9,1019,21:56,21:58
G1226,10,1026,22:39,NULL
G7310,1,1045,NULL,15:59
G7310,2,1023,17:37,17:40
G7310,3,1020,18:11,18:13
G7310,4,1003,18:53,NULL
G1821,1,1012,NULL,15:56
G1821,2,1039,16:33,16:35
G1821,3,1005,17:17,17:19
G1821,4,1010,18:01,18:06
G1821,5,1016,18:29,18:31
G1821,6,1003,18:54,NULL
C3796,1,1003,NULL,18:57
C3796,2,1007,20:13,NULL
G7121,1,1004,NULL,17:05
G7121,2,1009,17:57,17:59
G7121,3,1015,18:30,18:32
G7121,4,1003,18:57,NULL
G135,1,1039,NULL,16:49
G135,2,1005,17:37,17:41
G135,3,1003,18:59,NULL
G22,1,1003,NULL,19:00
G22,2,1005,20:00,NULL
G7535,1,1003,NULL,19:01
G7535,2,1020,19:30,19:32
G7535,3,1023,19:55,20:05
G7535,4,1021,20:58,21:00
G7535,5,1026,22:39,NULL
C3732,1,1006,NULL,17:31
C3732,2,1003,19:03,NULL
G1362,1,1027,NULL,16:51
G1362,2,1028,17:12,17:14
G1362,3,1023,18:05,18:08
G1362,4,1020,18:33,18:37
G1362,5,1003,19:04,NULL
G7122,1,1003,NULL,19:04
G7122,2,1015,19:36,19:38
G7122,3,1009,20:09,20:11
G7122,4,1005,21:03,NULL
G1510,1,1045,NULL,16:31
G1510,2,1023,17:57,18:03
G1510,3,1020,18:29,18:32
G1510,4,1003,19:00,19:05
G1510,5,1016,19:35,19:41
G1510,6,1010,20:10,20:12
G1510,7,1005,20:52,NULL
D3323,1,1003,NULL,19:06
D3323,2,1020,19:35,19:37
D3323,3,1023,20:02,20:10
D3323,4,1045,21:55,NULL
G1828,1,1012,NULL,16:08
G1828,2,1005,17:41,17:45
G1828,3,1003,19:09,NULL
G7312,1,1045,NULL,16:25
G7312,2,1023,18:11,18:13
G7312,3,1020,18:38,18:42
G7312,4,1003,19:09,NULL
G7381,1,1003,NULL,19:11
G7381,2,1020,19:40,19:42
G7381,3,1023,20:06,20:21
G7381,4,1028,21:18,21:28
G7381,5,1027,21:50,NULL
G7561,1,1003,NULL,19:16
G7561,2,1020,19:45,19:47
G7561,3,1023,20:10,20:15
G7561,4,1021,21:08,21:11
G7561,5,1026,22:49,NULL
G137,1,1012,NULL,16:36
G137,2,1005,17:50,17:55
G137,3,1010,18:28,18:30
G137,4,1016,18:52,18:54
G137,5,1003,19:18,NULL
G2195,1,1027,NULL,16:59
G2195,2,1028,17:20,17:22
G2195,3,1023,18:16,18:18
G2195,4,1020,18:42,18:48
G2195,5,1003,19:18,NULL
G368,1,1003,NULL,19:18
G368,2,1005,20:26,20:28
G368,3,1012,21:44,NULL
D2214,1,1031,NULL,16:05
D2214,2,1005,16:54,17:02
D2214,3,1009,18:07,18:09
D2214,4,1015,18:45,18:47
D2214,5,1003,19:20,NULL
G1868,1,1012,NULL,16:26
G1868,2,1005,17:46,17:50
G1868,3,1010,18:22,18:24
G1868,4,1016,18:47,18:49
G1868,5,1003,19:13,19:21
G1868,6,1020,19:50,19:52
G1868,7,1023,20:26,20:49
G1868,8,1021,21:37,NULL
G7584,1,1021,NULL,16:53
G7584,2,1023,17:53,17:55
G7584,3,1020,18:25,18:27
G7584,4,1003,19:14,19:22
G7584,5,1015,19:54,19:56
G7584,6,1009,20:27,20:29
G7584,7,1004,21:21,NULL
G100,1,1028,NULL,17:49
G100,2,1023,18:36,18:39
G100,3,1003,19:27,NULL
G11,1,1005,NULL,18:23
G11,2,1003,19:28,NULL
G1378,1,1027,NULL,17:19
G1378,2,1023,18:26,18:28
G1378,3,1020,18:52,18:54
G1378,4,1003,19:22,19:28
G1378,5,1016,19:51,19:53
G1378,6,1010,20:22,20:24
G1378,7,1005,21:04,NULL
G7557,1,1003,NULL,19:28
G7557,2,1020,19:55,20:00
G7557,3,1023,20:32,20:34
G7557,4,1021,21:32,NULL
G7550,1,1026,NULL,14:45
G7550,2,1021,17:06,17:09
G7550,3,1023,18:20,18:23
G7550,4,1020,18:56,19:02
G7550,5,1003,19:31,NULL
G1774,1,1031,NULL,17:05
G1774,2,1005,17:53,17:59
G1774,3,1016,18:56,19:10
G1774,4,1003,19:33,NULL
G7494,1,1032,NULL,15:10
G7494,2,1040,15:51,15:53
G7494,3,1037,16:30,16:32
G7494,4,1005,17:10,17:19
G7494,5,1009,18:12,18:14
G7494,6,1015,18:51,18:53
G7494,7,1003,19:29,19:33
G7494,8,1023,20:21,20:39
G7494,9,1028,21:36,21:38
G7494,10,1027,21:59,NULL
C3736,1,1006,NULL,18:02
C3736,2,1003,19:34,NULL
G7124,1,1003,NULL,19:34
G7124,2,1015,20:06,20:08
G7124,3,1009,20:40,20:42
G7124,4,1004,21:27,NULL
G1926,1,1012,NULL,16:31
G1926,2,1039,17:17,17:19
G1926,3,1005,18:00,18:03
G1926,4,1010,18:46,18:53
G1926,5,1003,19:40,NULL
G7551,1,1003,NULL,19:41
G7551,2,1020,20:08,20:10
G7551,3,1023,20:41,NULL
G1388,1,1027,NULL,17:31
G1388,2,1028,17:52,17:54
G1388,3,1023,18:47,18:49
G1388,4,1020,19:12,19:14
G1388,5,1003,19:42,NULL
C3722,1,1003,NULL,19:46
C3722,2,1006,21:19,NULL
G1372,1,1028,NULL,18:06
G1372,2,1023,18:57,18:59
G1372,3,1003,19:46,NULL
G7190,1,1003,NULL,19:50
G7190,2,1016,20:13,20:15
G7190,3,1010,20:44,20:46
G7190,4,1005,21:17,21:21
G7190,5,1039,22:03,22:05
G7190,6,1012,22:43,NULL
G7432,1,1026,NULL,15:40
G7432,2,1021,17:32,17:42
G7432,3,1023,18:43,18:54
G7432,4,1020,19:17,19:22
G7432,5,1003,19:51,19:53
G7432,6,1015,20:36,20:38
G7432,7,1009,21:09,21:11
G7432,8,1005,22:10,22:14
G7432,9,1031,23:02,NULL
G7522,1,1021,NULL,17:24
G7522,2,1023,18:31,18:33
G7522,3,1020,19:07,19:09
G7522,4,1003,19:54,NULL
D941,1,1003,NULL,19:55
D941,2,1023,20:52,20:54
D941,3,1021,21:45,NULL
G1251,1,1012,NULL,16:20
G1251,2,1039,17:07,17:13
G1251,3,1005,18:14,18:17
G1251,4,1010,18:59,19:01
G1251,5,1003,19:55,NULL
D378,1,1026,NULL,15:51
D378,2,1021,17:37,17:47
D378,3,1023,19:01,19:04
D378,4,1020,19:28,19:30
D378,5,1003,19:59,NULL
D931,1,1003,NULL,20:00
D931,2,1023,20:58,21:00
D931,3,1021,21:59,NULL
G7633,1,1033,NULL,17:28
G7633,2,1022,18:39,19:02
G7633,3,1020,19:32,19:35
G7633,4,1003,20:03,NULL
D935,1,1003,NULL,20:05
D935,2,1023,21:03,21:05
D935,3,1021,22:04,NULL
D918,1,1006,NULL,18:20
D918,2,1003,20:04,20:09
D918,3,1023,21:08,21:10
D918,4,1021,22:09,NULL
G141,1,1012,NULL,17:03
G141,2,1039,17:40,17:49
G141,3,1005,18:38,18:40
G141,4,1010,19:19,19:21
G141,5,1016,19:43,19:45
G141,6,1003,20:09,NULL
G1726,1,1031,NULL,18:03
G1726,2,1005,18:54,18:56
G1726,3,1016,19:47,19:49
G1726,4,1003,20:13,NULL
G7596,1,1026,NULL,16:13
G7596,2,1021,18:05,18:09
G7596,3,1023,19:09,19:12
G7596,4,1003,20:07,20:13
G7596,5,1016,20:36,20:38
G7596,6,1010,21:07,21:09
G7596,7,1005,21:42,21:45
G7596,8,1031,22:33,NULL
G3166,1,1043,NULL,15:58
G3166,2,1036,16:38,16:40
G3166,3,1030,17:07,17:12
G3166,4,1005,18:05,18:08
G3166,5,1009,19:06,19:08
G3166,6,1015,19:39,19:42
G3166,7,1003,20:15,NULL
G1212,1,1012,NULL,17:20
G1212,2,1039,17:58,18:00
G1212,3,1005,18:42,18:44
G1212,4,1010,19:23,19:30
G1212,5,1016,19:52,19:54
G1212,6,1003,20:18,NULL
G7527,1,1003,NULL,20:20
G7527,2,1023,21:20,21:24
G7527,3,1021,22:21,NULL
G8315,1,1017,NULL,16:15
G8315,2,1014,17:47,17:49
G8315,3,1007,18:56,18:58
G8315,4,1003,20:20,NULL
G7524,1,1021,NULL,18:14
G7524,2,1023,19:14,19:17
G7524,3,1003,20:19,NULL
G215,1,1012,NULL,17:29
G215,2,1005,18:56,19:01
G215,3,1010,19:33,19:35
G215,4,1003,20:23,NULL
G1654,1,1027,NULL,18:08
G1654,2,1028,18:30,18:32
G1654,3,1023,19:30,19:32
G1654,4,1003,20:25,NULL
C3730,1,1003,NULL,20:33
C3730,2,1006,22:05,NULL
G145,1,1012,NULL,17:39
G145,2,1005,19:00,19:05
G145,3,1010,19:43,19:45
G145,4,1016,20:08,20:10
G145,5,1003,20:33,NULL
D3133,1,1026,NULL,16:00
D3133,2,1021,17:52,17:58
D3133,3,1023,19:20,19:22
D3133,4,1020,20:00,20:04
D3133,5,1003,20:34,NULL
G7529,1,1003,NULL,20:35
G7529,2,1020,21:13,21:17
G7529,3,1023,21:40,21:48
G7529,4,1021,22:55,NULL
G1656,1,1027,NULL,18:27
G1656,2,1028,18:48,18:50
G1656,3,1023,19:40,19:44
G1656,4,1020,20:07,20:09
G1656,5,1003,20:38,NULL
D5468,1,1008,NULL,18:21
D5468,2,1006,19:07,19:10
D5468,3,1003,20:43,NULL
D2284,1,1026,NULL,16:24
D2284,2,1021,18:22,18:29
D2284,3,1023,19:35,19:39
D2284,4,1020,20:12,20:14
D2284,5,1003,20:44,NULL
G7314,1,1045,NULL,17:28
G7314,2,1023,19:24,19:27
G7314,3,1020,19:50,19:55
G7314,4,1003,20:30,20:44
G7314,5,1015,21:17,21:19
G7314,6,1009,21:50,21:52
G7314,7,1004,22:44,NULL
G578,1,1031,NULL,18:14
G578,2,1005,19:02,19:09
G578,3,1010,19:48,19:50
G578,4,1016,20:13,20:15
G578,5,1003,20:45,NULL
G7383,1,1003,NULL,20:45
G7383,2,1020,21:19,21:21
G7383,3,1023,21:58,22:00
G7383,4,1028,22:57,22:59
G7383,5,1027,23:20,NULL
D3206,1,1026,NULL,16:37
D3206,2,1021,18:29,18:35
D3206,3,1023,19:45,19:51
D3206,4,1020,20:16,20:19
D3206,5,1003,20:51,NULL
G7279,1,1039,NULL,17:54
G7279,2,1005,19:10,19:14
G7279,3,1010,19:53,19:55
G7279,4,1016,20:18,20:20
G7279,5,1003,20:51,NULL
G1335,1,1027,NULL,18:32
G1335,2,1028,18:53,18:55
G1335,3,1023,19:53,19:56
G1335,4,1003,20:56,NULL
G1202,1,1012,NULL,18:01
G1202,2,1039,18:38,18:40
G1202,3,1005,19:21,19:24
G1202,4,1010,20:03,20:05
G1202,5,1016,20:34,20:36
G1202,6,1003,21:00,NULL
D3066,1,1031,NULL,16:39
D3066,2,1007,19:35,19:37
D3066,3,1003,21:01,NULL
G228,1,1012,NULL,17:56
G228,2,1039,18:33,18:35
G228,3,1005,19:16,19:19
G228,4,1010,19:58,20:00
G228,5,1016,20:29,20:31
G228,6,1003,21:04,NULL
G7555,1,1003,NULL,21:05
G7555,2,1020,21:43,21:48
G7555,3,1023,22:18,NULL
D5466,1,1003,NULL,21:08
D5466,2,1006,22:41,22:43
D5466,3,1008,23:31,NULL
G7366,1,1027,NULL,18:59
G7366,2,1028,19:20,19:22
G7366,3,1023,20:12,20:15
G7366,4,1020,20:39,20:41
G7366,5,1003,21:10,NULL
G7553,1,1003,NULL,21:11
G7553,2,1020,21:38,21:40
G7553,3,1023,22:03,NULL
G7768,1,1012,NULL,17:24
G7768,2,1039,18:07,18:24
G7768,3,1005,19:25,19:29
G7768,4,1010,20:08,20:10
G7768,5,1016,20:39,20:41
G7768,6,1003,21:12,NULL
G1502,1,1028,NULL,19:04
G1502,2,1023,20:05,20:10
G1502,3,1020,20:33,20:36
G1502,4,1003,21:15,NULL
G8317,1,1017,NULL,17:21
G8317,2,1014,18:53,18:55
G8317,3,1007,19:48,19:50
G8317,4,1003,21:15,NULL
D706,1,1003,NULL,21:18
D706,2,1004,23:50,NULL
G7397,1,1005,NULL,18:23
G7397,2,1022,19:58,20:25
G7397,3,1020,20:54,20:56
G7397,4,1003,21:24,NULL
D2282,1,1026,NULL,16:50
D2282,2,1021,18:41,18:46
D2282,3,1023,19:58,20:01
D2282,4,1003,21:20,21:25
D2282,5,1015,21:53,21:55
D2282,6,1009,22:27,22:29
D2282,7,1004,23:12,NULL
G1972,1,1012,NULL,18:28
G1972,2,1039,19:05,19:13
G1972,3,1005,19:54,19:56
G1972,4,1010,20:35,20:37
G1972,5,1016,21:00,21:02
G1972,6,1003,21:26,NULL
G7338,1,1026,NULL,17:57
G7338,2,1019,18:37,18:39
G7338,3,1029,19:25,19:27
G7338,4,1023,20:22,20:25
G7338,5,1020,20:58,21:01
G7338,6,1003,21:28,NULL
G7355,1,1003,NULL,21:30
G7355,2,1020,21:57,21:59
G7355,3,1022,22:28,NULL
G13,1,1005,NULL,20:24
G13,2,1016,21:09,21:11
G13,3,1003,21:36,NULL
G1954,1,1043,NULL,17:46
G1954,2,1030,18:42,18:50
G1954,3,1005,19:41,19:48
G1954,4,1016,20:52,20:54
G1954,5,1003,21:17,21:40
G1954,6,1020,22:14,NULL
G7125,1,1004,NULL,19:48
G7125,2,1009,20:40,20:42
G7125,3,1015,21:13,21:15
G7125,4,1003,21:41,NULL
G1328,1,1027,NULL,19:07
G1328,2,1028,19:29,19:35
G1328,3,1023,20:27,20:36
G1328,4,1020,21:11,21:13
G1328,5,1003,21:42,NULL
G7350,1,1026,NULL,18:14
G7350,2,1019,18:50,18:52
G7350,3,1029,19:37,19:39
G7350,4,1023,20:32,20:43
G7350,5,1003,21:38,21:42
G7350,6,1015,22:07,22:09
G7350,7,1009,22:40,22:42
G7350,8,1005,23:28,NULL
G1938,1,1012,NULL,18:54
G1938,2,1005,20:08,20:11
G1938,3,1010,20:44,20:52
G1938,4,1016,21:21,21:23
G1938,5,1003,21:46,NULL
D3202,1,1026,NULL,17:11
D3202,2,1021,19:02,19:06
D3202,3,1023,20:17,20:20
D3202,4,1020,21:03,21:08
D3202,5,1003,21:47,NULL
D782,1,1022,NULL,19:49
D782,2,1003,21:34,21:47
D782,3,1015,22:29,22:32
D782,4,1009,23:15,23:17
D782,5,1004,00:29,00:38
D782,6,1011,03:33,03:53
D782,7,1017,06:25,NULL
D3024,1,1031,NULL,18:21
D3024,2,1005,19:17,19:21
D3024,3,1009,20:24,20:28
D3024,4,1015,21:03,21:05
D3024,5,1003,21:51,NULL
G1302,1,1028,NULL,19:52
G1302,2,1023,20:49,20:55
G1302,3,1020,21:19,21:21
G1302,4,1003,21:52,21:54
G1302,5,1007,23:04,23:06
G1302,6,1006,23:20,NULL
G1374,1,1028,NULL,20:00
G1374,2,1023,20:53,21:00
G1374,3,1020,21:23,21:26
G1374,4,1003,21:55,NULL
G7445,1,1043,NULL,18:05
G7445,2,1036,18:38,18:40
G7445,3,1030,19:18,19:22
G7445,4,1005,20:13,20:15
G7445,5,1016,21:30,21:32
G7445,6,1003,21:55,NULL
G155,1,1012,NULL,18:50
G155,2,1005,20:04,20:07
G155,3,1010,20:39,20:41
G155,4,1016,21:14,21:16
G155,5,1003,21:41,21:58
G155,6,1020,22:27,NULL
D3147,1,1026,NULL,17:40
D3147,2,1021,19:31,19:38
D3147,3,1023,20:43,20:50
D3147,4,1020,21:28,21:31
D3147,5,1003,22:00,NULL
G7340,1,1026,NULL,18:34
G7340,2,1019,19:14,19:16
G7340,3,1029,20:02,20:04
G7340,4,1023,20:58,21:05
G7340,5,1020,21:35,21:37
G7340,6,1003,22:04,NULL
D3062,1,1031,NULL,18:37
D3062,2,1005,19:25,19:28
D3062,3,1009,20:32,20:34
D3062,4,1015,21:29,21:33
D3062,5,1003,22:01,22:05
D3062,6,1020,22:35,NULL
G53,1,1012,NULL,19:04
G53,2,1039,19:42,19:48
G53,3,1005,20:36,20:41
G53,4,1010,21:13,21:16
G53,5,1016,21:39,21:41
G53,6,1003,22:05,NULL
D3092,1,1031,NULL,17:30
D3092,2,1007,20:36,20:39
D3092,3,1003,22:08,NULL
D2286,1,1026,NULL,17:49
D2286,2,1021,19:50,19:54
D2286,3,1023,21:03,21:08
D2286,4,1020,21:40,21:42
D2286,5,1003,22:12,NULL
D638,1,1031,NULL,18:47
D638,2,1005,19:51,19:56
D638,3,1009,21:01,21:03
D638,4,1015,21:35,21:38
D638,5,1003,22:13,NULL
G1234,1,1012,NULL,19:30
G1234,2,1005,20:46,20:48
G1234,3,1010,21:20,21:22
G1234,4,1016,21:44,21:46
G1234,5,1003,22:16,NULL
G1394,1,1027,NULL,19:55
G1394,2,1028,20:16,20:23
G1394,3,1023,21:16,21:20
G1394,4,1020,21:44,21:47
G1394,5,1003,22:16,NULL
D354,1,1031,NULL,19:10
D354,2,1005,19:59,20:08
D354,3,1009,21:08,21:10
D354,4,1015,21:43,21:45
D354,5,1003,22:19,NULL
G2191,1,1027,NULL,20:07
G2191,2,1028,20:28,20:30
G2191,3,1023,21:21,21:25
G2191,4,1020,21:49,21:52
G2191,5,1003,22:20,NULL
G458,1,1012,NULL,19:24
G458,2,1005,20:50,20:53
G458,3,1010,21:25,21:27
G458,4,1016,21:49,21:51
G458,5,1003,22:21,NULL
G1976,1,1012,NULL,19:20
G1976,2,1039,20:04,20:13
G1976,3,1005,20:55,20:57
G1976,4,1016,22:00,22:02
G1976,5,1003,22:25,NULL
D3108,1,1026,NULL,18:21
D3108,2,1021,20:07,20:10
D3108,3,1023,21:26,21:30
D3108,4,1020,21:54,21:57
D3108,5,1003,22:27,NULL
G3178,1,1043,NULL,18:10
G3178,2,1036,18:53,18:55
G3178,3,1030,19:29,19:34
G3178,4,1005,20:25,20:28
G3178,5,1009,21:19,21:21
G3178,6,1015,21:52,21:54
G3178,7,1003,22:27,NULL
G1230,1,1012,NULL,19:45
G1230,2,1039,20:23,20:25
G1230,3,1005,21:07,21:09
G1230,4,1016,22:05,22:07
G1230,5,1003,22:30,NULL
G7528,1,1026,NULL,18:32
G7528,2,1021,20:30,20:32
G7528,3,1023,21:32,21:35
G7528,4,1020,21:59,22:02
G7528,5,1003,22:32,NULL
G169,1,1012,NULL,19:56
G169,2,1005,21:11,21:13
G169,3,1016,22:10,22:12
G169,4,1003,22:35,NULL
D2288,1,1026,NULL,18:26
D2288,2,1021,20:18,20:25
D2288,3,1023,21:39,21:41
D2288,4,1003,22:36,NULL
G9233,1,1017,NULL,19:05
G9233,2,1009,21:29,21:31
G9233,3,1015,22:02,22:04
G9233,4,1003,22:36,NULL
G3232,1,1031,NULL,19:58
G3232,2,1005,20:46,20:49
G3232,3,1009,21:34,21:36
G3232,4,1015,22:07,22:09
G3232,5,1003,22:41,NULL
G3182,1,1043,NULL,18:35
G3182,2,1036,19:15,19:17
G3182,3,1030,19:45,19:49
G3182,4,1005,20:51,21:02
G3182,5,1016,22:15,22:20
G3182,6,1003,22:43,NULL
G1640,1,1027,NULL,20:15
G1640,2,1028,20:37,20:40
G1640,3,1023,21:48,21:50
G1640,4,1020,22:13,22:15
G1640,5,1003,22:44,NULL
G1658,1,1027,NULL,20:31
G1658,2,1028,20:52,20:57
G1658,3,1023,21:52,21:55
G1658,4,1020,22:18,22:20
G1658,5,1003,22:48,NULL
G1256,1,1012,NULL,20:05
G1256,2,1005,21:26,21:28
G1256,3,1016,22:28,22:30
G1256,4,1003,22:54,NULL
G2366,1,1027,NULL,20:42
G2366,2,1028,21:03,21:06
G2366,3,1023,21:57,22:00
G2366,4,1020,22:23,22:28
G2366,5,1003,22:55,NULL
G1376,1,1027,NULL,20:47
G1376,2,1028,21:09,21:11
G1376,3,1023,22:02,22:05
G1376,4,1003,22:59,NULL
G1339,1,1028,NULL,21:16
G1339,2,1023,22:07,22:10
G1339,3,1003,23:03,NULL
G151,1,1012,NULL,20:00
G151,2,1039,20:37,20:42
G151,3,1005,21:36,21:40
G151,4,1010,22:13,22:15
G151,5,1016,22:37,22:39
G151,6,1003,23:03,NULL
G7462,1,1026,NULL,19:49
G7462,2,1019,20:29,20:31
G7462,3,1029,21:17,21:19
G7462,4,1023,22:12,22:22
G7462,5,1003,23:07,NULL
G7163,1,1043,NULL,19:01
G7163,2,1030,20:09,20:11
G7163,3,1005,21:02,21:04
G7163,4,1009,22:02,22:04
G7163,5,1015,22:35,22:37
G7163,6,1003,23:09,NULL
G153,1,1012,NULL,20:10
G153,2,1039,20:47,20:55
G153,3,1005,21:43,21:45
G153,4,1010,22:17,22:23
G153,5,1003,23:11,NULL
G1306,1,1027,NULL,21:03
G1306,2,1028,21:24,21:26
G1306,3,1023,22:17,22:27
G1306,4,1003,23:12,NULL
D2208,1,1031,NULL,19:15
D2208,2,1007,22:06,22:08
D2208,3,1003,23:14,NULL
G17,1,1005,NULL,22:15
G17,2,1003,23:18,NULL
G7536,1,1026,NULL,19:22
G7536,2,1021,21:23,21:27
G7536,3,1023,22:23,22:32
G7536,4,1003,23:18,NULL
G1942,1,1012,NULL,20:16
G1942,2,1005,21:52,21:55
G1942,3,1010,22:27,22:29
G1942,4,1003,23:23,NULL
G1660,1,1028,NULL,21:31
G1660,2,1023,22:30,22:39
G1660,3,1003,23:26,NULL
G157,1,1012,NULL,20:50
G157,2,1005,22:04,22:07
G157,3,1010,22:38,22:45
G157,4,1016,23:07,23:09
G157,5,1003,23:33,NULL
G1788,1,1031,NULL,21:01
G1788,2,1005,21:49,22:00
G1788,3,1010,22:50,23:01
G1788,4,1016,23:23,23:25
G1788,5,1003,23:49,NULL
K212,1,1021,NULL,15:05
K212,2,1022,18:11,18:31
K212,3,1028,21:05,21:13
K212,4,1027,22:11,NULL
K1669,1,1028,NULL,03:13
K1669,2,1025,07:48,NULL
K1585,1,1028,NULL,03:52
K1585,2,1029,04:05,04:13
K1585,3,1025,08:40,NULL
K326,1,1027,NULL,03:26
K326,2,1028,04:22,04:44
K326,3,1019,07:30,07:32
K326,4,1025,10:00,NULL
K942,1,1027,NULL,09:14
K942,2,1028,10:10,10:25
K942,3,1029,10:38,10:57
K942,4,1019,13:18,13:22
K942,5,1025,15:28,NULL
G1672,1,1027,NULL,09:18
G1672,2,1028,09:39,09:41
G1672,3,1023,10:33,10:37
G1672,4,1005,12:07,NULL
G302,1,1045,NULL,09:37
G302,2,1041,10:25,10:27
G302,3,1031,11:18,11:22
G302,4,1039,12:19,12:21
G302,5,1012,12:57,NULL
K210,1,1027,NULL,10:19
K210,2,1028,11:17,11:24
K210,3,1022,13:37,14:07
K210,4,1021,16:45,NULL
G1460,1,1028,NULL,09:53
G1460,2,1029,10:04,10:06
G1460,3,1019,10:41,10:43
G1460,4,1026,11:31,NULL
G1274,1,1045,NULL,09:46
G1274,2,1041,10:34,10:36
G1274,3,1031,11:13,11:15
G1274,4,1012,12:38,NULL
G1492,1,1028,NULL,10:00
G1492,2,1023,11:02,11:06
G1492,3,1005,12:43,NULL
G2185,1,1023,NULL,06:45
G2185,2,1045,08:12,NULL
G1421,1,1020,NULL,06:42
G1421,2,1023,07:14,07:31
G1421,3,1028,08:28,NULL
G1403,1,1023,NULL,07:53
G1403,2,1028,08:50,NULL
G1496,1,1027,NULL,10:37
G1496,2,1023,12:00,12:07
G1496,3,1005,13:42,NULL
Z288,1,1028,NULL,12:05
Z288,2,1021,15:31,NULL
G1416,1,1021,NULL,07:03
G1416,2,1024,07:56,08:19
G1416,3,1028,09:05,09:07
G1416,4,1027,09:28,NULL
G1456,1,1027,NULL,10:55
G1456,2,1028,11:16,11:18
G1456,3,1023,12:10,NULL
G3184,1,1045,NULL,11:26
G3184,2,1041,12:26,12:29
G3184,3,1031,13:13,13:21
G3184,4,1036,14:00,14:02
G3184,5,1043,14:42,NULL
G1667,1,1005,NULL,06:57
G1667,2,1023,08:35,08:38
G1667,3,1028,09:35,09:37
G1667,4,1027,09:58,NULL
G2035,1,1027,NULL,11:24
G2035,2,1028,11:45,11:47
G2035,3,1029,11:57,11:59
G2035,4,1019,12:45,12:47
G2035,5,1026,13:31,NULL
G322,1,1045,NULL,11:49
G322,2,1041,12:44,12:46
G322,3,1031,13:35,13:43
G322,4,1039,14:33,14:39
G322,5,1012,15:25,NULL
G1611,1,1031,NULL,08:18
G1611,2,1041,09:01,09:03
G1611,3,1045,10:06,NULL
G1505,1,1005,NULL,07:27
G1505,2,1023,09:10,09:19
G1505,3,1028,10:10,10:12
G1505,4,1027,10:33,NULL
G242,1,1045,NULL,12:03
G242,2,1041,13:10,13:12
G242,3,1031,13:56,14:03
G242,4,1035,14:41,14:43
G242,5,1039,15:00,15:04
G242,6,1012,15:42,NULL
G1669,1,1012,NULL,06:58
G1669,2,1039,07:41,07:43
G1669,3,1031,08:40,08:46
G1669,4,1045,10:28,NULL
G28,1,1045,NULL,12:09
G28,2,1031,13:29,NULL
G1379,1,1005,NULL,07:36
G1379,2,1023,09:28,09:30
G1379,3,1028,10:35,NULL
G330,1,1045,NULL,12:33
G330,2,1041,13:28,13:30
G330,3,1031,14:21,14:27
G330,4,1035,15:06,15:08
G330,5,1039,15:25,15:27
G330,6,1012,16:18,NULL
G2318,1,1028,NULL,12:32
G2318,2,1029,12:43,12:45
G2318,3,1019,13:30,13:32
G2318,4,1026,14:08,NULL
G1661,1,1039,NULL,07:29
G1661,2,1005,08:24,08:30
G1661,3,1023,09:52,09:54
G1661,4,1028,10:46,10:48
G1661,5,1027,11:09,NULL
G1619,1,1043,NULL,07:41
G1619,2,1036,08:21,08:23
G1619,3,1031,09:01,09:06
G1619,4,1041,09:56,09:58
G1619,5,1045,10:54,NULL
G1984,1,1026,NULL,09:36
G1984,2,1019,10:10,10:12
G1984,3,1029,11:05,11:07
G1984,4,1028,11:20,NULL
G1601,1,1043,NULL,07:57
G1601,2,1036,08:41,08:43
G1601,3,1031,09:21,09:25
G1601,4,1041,10:15,10:17
G1601,5,1045,11:22,NULL
G1676,1,1028,NULL,13:20
G1676,2,1023,14:11,14:14
G1676,3,1005,15:49,NULL
G2343,1,1021,NULL,07:28
G2343,2,1026,09:32,09:47
G2343,3,1019,10:27,10:29
G2343,4,1029,11:17,11:19
G2343,5,1028,11:30,NULL
G324,1,1045,NULL,13:26
G324,2,1041,14:21,14:23
G324,3,1031,15:07,15:14
G324,4,1035,15:52,15:54
G324,5,1039,16:11,16:13
G324,6,1012,17:01,NULL
G1665,1,1012,NULL,07:20
G1665,2,1039,08:03,08:05
G1665,3,1005,08:54,09:02
G1665,4,1023,10:52,10:57
G1665,5,1028,11:48,NULL
G1434,1,1028,NULL,13:39
G1434,2,1024,14:24,14:46
G1434,3,1021,15:48,NULL
G1603,1,1005,NULL,08:40
G1603,2,1023,10:04,10:09
G1603,3,1045,11:48,NULL
G2348,1,1024,NULL,14:41
G2348,2,1021,15:37,NULL
G868,1,1026,NULL,09:21
G868,2,1019,10:01,10:03
G868,3,1029,10:46,10:48
G868,4,1028,11:03,11:05
G868,5,1027,11:28,NULL
G345,1,1012,NULL,08:23
G345,2,1039,09:07,09:09
G345,3,1031,10:05,10:10
G345,4,1045,11:59,NULL
G2302,1,1026,NULL,10:20
G2302,2,1019,11:00,11:02
G2302,3,1029,11:43,11:45
G2302,4,1028,11:58,12:01
G2302,5,1027,12:23,NULL
G1332,1,1028,NULL,13:44
G1332,2,1023,14:36,NULL
G860,1,1045,NULL,13:51
G860,2,1041,14:46,14:48
G860,3,1031,15:32,15:36
G860,4,1036,16:15,16:17
G860,5,1043,16:57,NULL
G1905,1,1043,NULL,08:48
G1905,2,1036,09:33,09:36
G1905,3,1031,10:14,10:20
G1905,4,1041,11:03,11:05
G1905,5,1045,12:08,NULL
G3141,1,1031,NULL,10:33
G3141,2,1041,11:23,11:25
G3141,3,1045,12:21,NULL
G61,1,1012,NULL,08:34
G61,2,1005,09:58,10:01
G61,3,1023,11:24,11:33
G61,4,1028,12:19,12:21
G61,5,1027,12:42,NULL
G1391,1,1037,NULL,09:55
G1391,2,1033,10:23,10:25
G1391,3,1023,11:36,11:43
G1391,4,1028,12:34,NULL
G1462,1,1027,NULL,14:14
G1462,2,1028,14:35,14:37
G1462,3,1023,15:28,NULL
G2364,1,1027,NULL,14:32
G2364,2,1028,14:53,14:57
G2364,3,1029,15:10,15:12
G2364,4,1019,15:54,15:56
G2364,5,1026,16:40,17:01
G2364,6,1021,18:57,NULL
G304,1,1045,NULL,14:50
G304,2,1041,15:46,15:48
G304,3,1031,16:33,16:37
G304,4,1035,17:15,17:17
G304,5,1039,17:34,17:39
G304,6,1012,18:32,NULL
G2363,1,1021,NULL,09:21
G2363,2,1026,11:12,11:32
G2363,3,1019,12:07,12:09
G2363,4,1029,12:49,12:51
G2363,5,1027,13:19,NULL
G1451,1,1023,NULL,12:30
G1451,2,1027,13:47,NULL
K944,1,1025,NULL,07:30
K944,2,1019,09:26,09:28
K944,3,1028,11:44,11:59
K944,4,1027,12:53,NULL
G636,1,1045,NULL,15:15
G636,2,1041,16:10,16:12
G636,3,1031,17:07,17:20
G636,4,1036,17:59,NULL
G1484,1,1027,NULL,14:58
G1484,2,1028,15:20,15:22
G1484,3,1023,16:13,16:16
G1484,4,1005,17:38,NULL
G356,1,1045,NULL,15:20
G356,2,1041,16:15,16:18
G356,3,1031,16:55,17:10
G356,4,1035,17:55,17:57
G356,5,1039,18:14,18:16
G356,6,1012,18:53,NULL
G1991,1,1027,NULL,15:16
G1991,2,1028,15:37,15:39
G1991,3,1029,15:50,15:55
G1991,4,1019,16:36,16:38
G1991,5,1026,17:20,NULL
G1666,1,1028,NULL,15:51
G1666,2,1023,16:44,16:49
G1666,3,1005,18:17,18:25
G1666,4,1039,19:07,19:09
G1666,5,1012,20:10,NULL
G1992,1,1026,NULL,11:57
G1992,2,1019,12:31,12:33
G1992,3,1029,13:19,13:22
G1992,4,1028,13:34,13:36
G1992,5,1027,13:57,NULL
G2335,1,1005,NULL,12:05
G2335,2,1023,13:15,13:17
G2335,3,1027,14:24,NULL
G2301,1,1027,NULL,15:50
G2301,2,1028,16:11,16:14
G2301,3,1029,16:25,16:27
G2301,4,1019,17:13,17:15
G2301,5,1026,17:56,NULL
K1078,1,1021,NULL,08:40
K1078,2,1028,12:39,12:46
K1078,3,1027,13:42,NULL
G2334,1,1027,NULL,16:22
G2334,2,1028,16:43,16:45
G2334,3,1024,17:39,18:09
G2334,4,1021,19:06,NULL
G62,1,1027,NULL,16:17
G62,2,1028,16:38,16:40
G62,3,1023,17:32,17:35
G62,4,1005,19:11,19:21
G62,5,1039,20:02,20:04
G62,6,1012,20:48,NULL
G1620,1,1045,NULL,16:43
G1620,2,1041,17:38,17:40
G1620,3,1031,18:24,18:27
G1620,4,1036,19:06,19:08
G1620,5,1043,19:59,NULL
G2305,1,1027,NULL,16:28
G2305,2,1028,16:49,16:51
G2305,3,1029,17:02,17:04
G2305,4,1019,17:49,17:51
G2305,5,1026,18:28,NULL
G27,1,1031,NULL,13:57
G27,2,1045,15:18,NULL
G870,1,1028,NULL,17:06
G870,2,1029,17:17,17:29
G870,3,1019,18:35,18:37
G870,4,1026,19:13,NULL
G1602,1,1045,NULL,16:57
G1602,2,1041,18:01,18:03
G1602,3,1031,18:54,18:58
G1602,4,1036,19:37,19:39
G1602,5,1043,20:19,NULL
G1493,1,1005,NULL,13:00
G1493,2,1023,14:22,14:24
G1493,3,1028,15:21,15:24
G1493,4,1027,15:45,NULL
G2314,1,1027,NULL,17:04
G2314,2,1028,17:25,17:27
G2314,3,1029,17:39,17:41
G2314,4,1019,18:26,18:28
G2314,5,1026,19:04,NULL
G355,1,1012,NULL,12:00
G355,2,1039,12:38,12:40
G355,3,1035,12:56,12:59
G355,4,1031,13:38,13:44
G355,5,1041,14:27,14:33
G355,6,1045,15:32,NULL
G348,1,1045,NULL,17:31
G348,2,1041,18:27,18:29
G348,3,1031,19:13,19:17
G348,4,1039,20:14,20:18
G348,5,1012,21:02,NULL
G2036,1,1026,NULL,13:56
G2036,2,1019,14:36,14:38
G2036,3,1029,15:30,15:32
G2036,4,1028,15:52,NULL
G1663,1,1027,NULL,17:37
G1663,2,1028,17:58,18:01
G1663,3,1023,18:55,19:05
G1663,4,1005,20:47,21:03
G1663,5,1039,21:56,NULL
G1906,1,1045,NULL,17:49
G1906,2,1031,19:30,19:36
G1906,3,1036,20:15,20:17
G1906,4,1043,20:58,NULL
G2316,1,1026,NULL,14:28
G2316,2,1029,15:45,15:53
G2316,3,1028,16:05,16:09
G2316,4,1027,16:31,NULL
G244,1,1012,NULL,12:36
G244,2,1039,13:24,13:26
G244,3,1035,13:42,13:45
G244,4,1031,14:24,14:29
G244,5,1041,15:19,15:24
G244,6,1045,16:13,NULL
G1380,1,1027,NULL,17:49
G1380,2,1028,18:10,18:12
G1380,3,1023,19:06,19:10
G1380,4,1005,20:19,NULL
G1675,1,1005,NULL,13:35
G1675,2,1023,15:11,15:17
G1675,3,1028,16:09,16:14
G1675,4,1027,16:36,NULL
G635,1,1036,NULL,13:07
G635,2,1031,13:45,13:51
G635,3,1041,14:50,14:53
G635,4,1045,16:00,NULL
G2336,1,1027,NULL,18:03
G2336,2,1028,18:25,18:27
G2336,3,1023,19:21,19:25
G2336,4,1005,20:53,NULL
G1495,1,1005,NULL,14:04
G1495,2,1023,15:26,15:32
G1495,3,1028,16:23,16:29
G1495,4,1027,16:50,NULL
G329,1,1012,NULL,13:11
G329,2,1039,13:49,13:51
G329,3,1031,14:48,14:52
G329,4,1045,16:34,NULL
G2344,1,1027,NULL,18:18
G2344,2,1028,18:40,18:42
G2344,3,1026,20:22,20:40
G2344,4,1021,22:30,NULL
G33,1,1012,NULL,12:56
G33,2,1005,14:17,14:20
G33,3,1023,15:40,15:42
G33,4,1028,16:33,16:41
G33,5,1027,17:02,NULL
G323,1,1012,NULL,13:17
G323,2,1035,14:15,14:17
G323,3,1031,14:56,15:02
G323,4,1041,15:52,15:54
G323,5,1045,16:57,NULL
G1461,1,1023,NULL,15:59
G1461,2,1028,16:51,NULL
K848,1,1021,NULL,11:00
K848,2,1028,15:18,15:24
K848,3,1027,16:18,NULL
G1604,1,1045,NULL,19:02
G1604,2,1023,20:57,21:02
G1604,3,1005,22:16,NULL
G301,1,1012,NULL,13:52
G301,2,1039,14:29,14:31
G301,3,1031,15:28,15:31
G301,4,1041,16:14,16:16
G301,5,1045,17:13,NULL
G1392,1,1027,NULL,18:47
G1392,2,1028,19:08,19:11
G1392,3,1023,20:18,20:32
G1392,4,1033,21:43,21:45
G1392,5,1037,22:13,NULL
G1418,1,1027,NULL,18:54
G1418,2,1028,19:15,19:17
G1418,3,1024,19:55,20:15
G1418,4,1021,21:03,NULL
G1670,1,1045,NULL,19:28
G1670,2,1041,20:23,20:25
G1670,3,1031,21:09,21:19
G1670,4,1035,21:59,22:01
G1670,5,1039,22:18,22:25
G1670,6,1012,23:02,NULL
G1983,1,1028,NULL,19:41
G1983,2,1029,19:54,19:59
G1983,3,1019,20:51,20:53
G1983,4,1026,21:30,NULL
G1612,1,1045,NULL,19:41
G1612,2,1041,20:36,20:38
G1612,3,1031,21:22,NULL
G1504,1,1028,NULL,19:46
G1504,2,1023,20:39,20:42
G1504,3,1005,22:10,NULL
K846,1,1027,NULL,21:46
K846,2,1028,23:31,23:52
K846,3,1021,05:11,NULL
G325,1,1012,NULL,14:59
G325,2,1039,15:43,15:48
G325,3,1035,16:04,16:09
G325,4,1031,16:49,16:55
G325,5,1041,17:33,17:35
G325,6,1045,18:24,NULL
G1668,1,1027,NULL,19:49
G1668,2,1028,20:10,20:12
G1668,3,1023,21:04,21:08
G1668,4,1005,22:36,NULL
G1272,1,1012,NULL,15:08
G1272,2,1039,15:52,15:59
G1272,3,1035,16:15,16:17
G1272,4,1031,17:04,17:10
G1272,5,1041,17:46,17:48
G1272,6,1045,18:31,NULL
G2386,1,1045,NULL,20:28
G2386,2,1023,22:16,NULL
G1677,1,1005,NULL,16:29
G1677,2,1023,17:51,17:55
G1677,3,1028,18:46,NULL
G1432,1,1021,NULL,16:26
G1432,2,1024,17:31,18:04
G1432,3,1028,18:51,18:53
G1432,4,1027,19:14,NULL
G2187,1,1045,NULL,20:35
G2187,2,1023,21:56,NULL
G1506,1,1027,NULL,20:23
G1506,2,1028,20:44,20:52
G1506,3,1023,21:44,21:50
G1506,4,1005,23:11,NULL
G303,1,1012,NULL,15:43
G303,2,1039,16:20,16:22
G303,3,1031,17:23,17:27
G303,4,1041,18:10,18:12
G303,5,1045,19:08,NULL
G862,1,1043,NULL,16:21
G862,2,1031,17:41,17:47
G862,3,1041,18:30,18:32
G862,4,1045,19:21,NULL
G3142,1,1045,NULL,21:04
G3142,2,1031,22:31,NULL
G1458,1,1026,NULL,17:44
G1458,2,1019,18:18,18:20
G1458,3,1029,19:06,19:08
G1458,4,1028,19:20,NULL
K1077,1,1027,NULL,00:11
K1077,2,1028,01:27,01:35
K1077,3,1021,05:45,NULL
G1422,1,1028,NULL,22:02
G1422,2,1023,23:00,23:04
G1422,3,1020,23:28,NULL
K1586,1,1025,NULL,13:47
K1586,2,1019,15:46,15:48
K1586,3,1028,18:17,18:32
K1586,4,1027,19:25,NULL
G2357,1,1021,NULL,15:56
G2357,2,1026,18:05,18:21
G2357,3,1019,19:01,19:03
G2357,4,1029,19:50,19:55
G2357,5,1028,20:07,20:09
G2357,6,1027,20:30,NULL
G3186,1,1043,NULL,16:32
G3186,2,1036,17:12,17:14
G3186,3,1031,17:52,17:58
G3186,4,1041,18:48,18:50
G3186,5,1045,19:46,NULL
G1404,1,1027,NULL,22:10
G1404,2,1028,22:31,22:37
G1404,3,1023,23:27,NULL
K2665,1,1011,NULL,05:00
K2665,2,1038,06:57,07:02
K2665,3,1004,10:08,10:18
K2665,4,1009,12:11,12:15
K2665,5,1015,13:49,NULL
K2666,1,1015,NULL,15:30
K2666,2,1009,16:42,16:45
K2666,3,1004,18:18,18:26
K2666,4,1038,21:13,21:17
K2666,5,1011,23:35,NULL
G7341,1,1023,NULL,06:00
G7341,2,1029,06:52,06:54
G7341,3,1019,07:39,07:41
G7341,4,1026,08:34,NULL
G2312,1,1026,NULL,07:13
G2312,2,1019,07:53,07:55
G2312,3,1029,08:41,08:43
G2312,4,1028,08:55,08:57
G2312,5,1027,09:18,NULL
K554,1,1011,NULL,15:31
K554,2,1038,17:20,17:26
K554,3,1004,19:32,19:50
K554,4,1037,22:16,22:23
K554,5,1033,23:15,23:18
K554,6,1022,02:19,02:40
K554,7,1029,05:30,06:00
K554,8,1019,08:02,08:05
K554,9,1025,10:50,NULL
K346,1,1011,NULL,15:38
K346,2,1038,17:27,17:32
K346,3,1004,19:53,20:12
K346,4,1037,22:32,22:38
K346,5,1033,23:30,23:33
K346,6,1022,02:34,02:47
K346,7,1029,05:46,06:18
K346,8,1019,08:21,08:23
K346,9,1025,11:20,NULL
G7650,1,1026,NULL,07:52
G7650,2,1019,08:33,08:35
G7650,3,1029,09:20,09:22
G7650,4,1023,10:18,10:22
G7650,5,1005,11:45,NULL
G2306,1,1026,NULL,08:05
G2306,2,1019,08:45,08:47
G2306,3,1028,09:51,09:54
G2306,4,1027,10:16,NULL
D3211,1,1023,NULL,07:10
D3211,2,1029,08:06,08:08
D3211,3,1019,08:48,08:50
D3211,4,1026,09:24,NULL
K2906,1,1025,NULL,07:00
K2906,2,1019,08:55,08:57
K2906,3,1029,10:55,11:16
K2906,4,1022,13:13,13:25
K2906,5,1033,16:13,16:16
K2906,6,1037,17:09,17:15
K2906,7,1030,18:57,19:11
K2906,8,1034,20:12,20:15
K2906,9,1042,21:35,NULL
G7346,1,1026,NULL,09:14
G7346,2,1019,09:49,09:51
G7346,3,1029,10:55,10:57
G7346,4,1023,11:55,NULL
K1240,1,1042,NULL,19:31
K1240,2,1034,20:52,20:56
K1240,3,1030,22:08,22:28
K1240,4,1037,00:05,00:11
K1240,5,1022,03:25,03:37
K1240,6,1029,06:12,06:31
K1240,7,1019,09:50,09:53
K1240,8,1025,11:48,NULL
K306,1,1030,NULL,22:03
K306,2,1037,23:39,23:45
K306,3,1033,00:37,00:41
K306,4,1022,03:14,03:43
K306,5,1029,07:12,07:45
K306,6,1019,10:10,10:13
K306,7,1025,13:35,NULL
G7625,1,1005,NULL,06:50
G7625,2,1023,08:25,08:28
G7625,3,1029,09:21,09:23
G7625,4,1019,10:15,10:17
G7625,5,1026,10:54,NULL
G7641,1,1005,NULL,07:17
G7641,2,1023,08:50,08:55
G7641,3,1029,09:52,09:54
G7641,4,1019,10:28,10:30
G7641,5,1026,11:10,NULL
G7616,1,1026,NULL,09:58
G7616,2,1019,10:39,10:41
G7616,3,1023,12:23,12:26
G7616,4,1005,14:05,14:07
G7616,5,1031,15:06,NULL
G7643,1,1005,NULL,07:22
G7643,2,1023,09:02,09:05
G7643,3,1024,09:14,09:17
G7643,4,1019,10:54,NULL
G7475,1,1026,NULL,10:30
G7475,2,1019,11:10,11:12
G7475,3,1029,11:52,11:54
G7475,4,1023,12:48,NULL
G7467,1,1023,NULL,09:51
G7467,2,1029,10:42,10:44
G7467,3,1019,11:25,11:27
G7467,4,1026,12:09,NULL
D3236,1,1026,NULL,10:45
D3236,2,1019,11:26,11:28
D3236,3,1023,13:15,13:20
D3236,4,1005,14:44,NULL
G164,1,1026,NULL,10:56
G164,2,1019,11:37,11:39
G164,3,1029,12:30,12:32
G164,4,1023,13:37,13:41
G164,5,1005,15:11,15:17
G164,6,1012,16:32,NULL
K1052,1,1011,NULL,20:30
K1052,2,1042,23:14,23:32
K1052,3,1034,00:52,00:55
K1052,4,1030,01:57,02:15
K1052,5,1037,03:43,03:49
K1052,6,1033,04:41,04:44
K1052,7,1022,07:17,07:30
K1052,8,1029,09:37,09:57
K1052,9,1019,12:05,12:07
K1052,10,1025,14:40,NULL
G7627,1,1012,NULL,07:15
G7627,2,1039,07:58,08:00
G7627,3,1005,08:49,08:57
G7627,4,1023,10:35,10:40
G7627,5,1029,11:32,11:34
G7627,6,1019,12:14,12:17
G7627,7,1026,12:59,NULL
G2358,1,1027,NULL,11:15
G2358,2,1029,11:42,11:44
G2358,3,1019,12:30,12:34
G2358,4,1026,13:10,13:32
G2358,5,1021,15:37,NULL
G7477,1,1043,NULL,07:17
G7477,2,1036,07:57,07:59
G7477,3,1030,08:37,08:40
G7477,4,1005,09:31,09:38
G7477,5,1023,11:02,11:07
G7477,6,1029,12:09,12:11
G7477,7,1019,12:58,NULL
G7478,1,1019,NULL,13:18
G7478,2,1029,14:19,14:21
G7478,3,1023,15:15,15:18
G7478,4,1005,16:32,16:34
G7478,5,1030,17:32,17:35
G7478,6,1036,18:08,18:10
G7478,7,1043,18:55,NULL
G7762,1,1031,NULL,09:35
G7762,2,1037,10:26,10:28
G7762,3,1023,11:56,12:01
G7762,4,1019,13:40,13:42
G7762,5,1026,14:18,NULL
G7619,1,1012,NULL,08:39
G7619,2,1039,09:32,09:34
G7619,3,1005,10:37,10:43
G7619,4,1023,12:16,12:19
G7619,5,1019,13:54,13:58
G7619,6,1026,14:35,NULL
K102,1,1025,NULL,12:00
K102,2,1019,14:09,14:15
K102,3,1029,16:14,16:41
K102,4,1022,19:08,19:22
K102,5,1033,21:49,21:54
K102,6,1037,22:47,22:53
K102,7,1004,00:52,00:58
K102,8,1011,04:51,NULL
G7468,1,1026,NULL,13:49
G7468,2,1019,14:24,14:26
G7468,3,1029,15:12,15:14
G7468,4,1023,16:23,NULL
G7345,1,1023,NULL,13:00
G7345,2,1019,14:24,14:26
G7345,3,1026,15:01,NULL
G1965,1,1043,NULL,09:04
G1965,2,1036,09:39,09:41
G1965,3,1031,10:19,10:25
G1965,4,1037,11:09,11:12
G1965,5,1033,11:40,11:43
G1965,6,1023,12:49,12:55
G1965,7,1029,13:48,13:55
G1965,8,1019,14:35,14:37
G1965,9,1026,15:13,NULL
G1734,1,1012,NULL,09:29
G1734,2,1039,10:06,10:11
G1734,3,1005,10:53,10:57
G1734,4,1023,12:31,12:45
G1734,5,1029,13:38,13:41
G1734,6,1019,14:59,15:01
G1734,7,1026,15:39,NULL
K552,1,1025,NULL,12:46
K552,2,1019,15:04,15:06
K552,3,1029,17:01,17:30
K552,4,1022,19:52,20:12
K552,5,1033,22:38,22:41
K552,6,1037,23:34,23:40
K552,7,1004,02:03,02:12
K552,8,1038,04:10,04:14
K552,9,1011,06:02,NULL
G7760,1,1026,NULL,14:39
G7760,2,1019,15:19,15:21
G7760,3,1029,16:02,16:04
G7760,4,1023,16:58,17:04
G7760,5,1033,17:56,17:58
G7760,6,1037,18:25,18:27
G7760,7,1031,19:12,NULL
G7652,1,1026,NULL,14:54
G7652,2,1019,15:28,15:30
G7652,3,1029,16:10,16:12
G7652,4,1023,17:06,17:09
G7652,5,1005,18:28,18:32
G7652,6,1030,19:26,19:34
G7652,7,1043,20:44,NULL
G7464,1,1026,NULL,15:04
G7464,2,1019,15:38,15:40
G7464,3,1029,16:26,16:30
G7464,4,1023,17:27,17:30
G7464,5,1033,18:28,18:30
G7464,6,1037,18:57,18:59
G7464,7,1031,19:45,NULL
G7621,1,1023,NULL,13:55
G7621,2,1019,16:05,16:09
G7621,3,1026,16:45,NULL
G1966,1,1026,NULL,15:32
G1966,2,1019,16:12,16:14
G1966,3,1023,18:03,18:05
G1966,4,1033,19:09,19:11
G1966,5,1037,19:38,19:40
G1966,6,1031,20:25,20:29
G1966,7,1036,21:19,21:21
G1966,8,1043,21:57,NULL
G7498,1,1045,NULL,12:19
G7498,2,1024,13:45,14:16
G7498,3,1029,15:29,15:31
G7498,4,1019,16:23,16:25
G7498,5,1026,17:07,NULL
G7626,1,1026,NULL,15:45
G7626,2,1019,16:25,16:28
G7626,3,1029,17:21,17:23
G7626,4,1023,18:21,18:25
G7626,5,1005,19:48,NULL
K1396,1,1025,NULL,14:50
K1396,2,1019,16:52,16:54
K1396,3,1029,18:52,19:15
K1396,4,1022,21:33,21:54
K1396,5,1033,00:32,00:36
K1396,6,1037,01:29,01:35
K1396,7,1030,03:10,03:25
K1396,8,1034,04:26,04:31
K1396,9,1042,06:05,NULL
G1732,1,1026,NULL,16:15
G1732,2,1019,16:55,16:58
G1732,3,1029,17:38,17:42
G1732,4,1023,18:41,18:44
G1732,5,1005,20:24,20:32
G1732,6,1039,21:20,21:22
G1732,7,1012,22:08,NULL
K1238,1,1025,NULL,15:10
K1238,2,1019,17:08,17:11
K1238,3,1029,19:29,19:46
K1238,4,1022,22:02,22:21
K1238,5,1033,00:47,00:50
K1238,6,1037,01:43,01:49
K1238,7,1030,03:37,03:50
K1238,8,1034,04:56,05:00
K1238,9,1042,06:46,NULL
G7642,1,1026,NULL,16:56
G7642,2,1019,17:37,17:39
G7642,3,1023,19:17,19:20
G7642,4,1005,20:42,20:50
G7642,5,1039,21:38,21:41
G7642,6,1012,22:26,NULL
G7620,1,1026,NULL,17:09
G7620,2,1019,17:49,17:51
G7620,3,1029,18:38,18:42
G7620,4,1023,19:36,19:39
G7620,5,1005,21:01,21:09
G7620,6,1039,21:50,21:52
G7620,7,1012,22:31,NULL
D3235,1,1005,NULL,15:08
D3235,2,1023,16:38,16:42
D3235,3,1029,17:51,17:53
D3235,4,1019,18:45,18:47
D3235,5,1026,19:21,NULL
G7465,1,1023,NULL,16:59
G7465,2,1024,17:08,17:14
G7465,3,1019,18:54,18:56
G7465,4,1026,19:32,NULL
G163,1,1012,NULL,14:14
G163,2,1039,14:51,14:56
G163,3,1005,15:44,15:49
G163,4,1023,17:11,17:15
G163,5,1029,18:14,18:16
G163,6,1019,19:08,19:10
G163,7,1026,19:51,NULL
K328,1,1025,NULL,17:15
K328,2,1019,19:11,19:22
K328,3,1029,21:40,21:44
K328,4,1028,22:03,22:17
K328,5,1027,23:32,NULL
G7496,1,1026,NULL,18:51
G7496,2,1019,19:25,19:27
G7496,3,1029,20:13,20:15
G7496,4,1024,21:03,21:23
G7496,5,1045,22:44,NULL
G7473,1,1039,NULL,15:11
G7473,2,1005,15:53,16:00
G7473,3,1023,17:32,17:36
G7473,4,1029,18:41,18:43
G7473,5,1019,19:29,19:31
G7473,6,1026,20:09,NULL
G7463,1,1043,NULL,13:57
G7463,2,1036,14:37,14:39
G7463,3,1031,15:17,15:24
G7463,4,1037,16:08,16:10
G7463,5,1033,16:44,16:46
G7463,6,1023,17:44,17:49
G7463,7,1019,19:39,19:41
G7463,8,1026,20:17,NULL
G7630,1,1026,NULL,19:06
G7630,2,1019,19:46,19:48
G7630,3,1023,21:27,21:29
G7630,4,1005,22:52,NULL
K1670,1,1025,NULL,17:50
K1670,2,1019,19:53,19:58
K1670,3,1028,23:06,NULL
G7628,1,1026,NULL,19:25
G7628,2,1019,19:59,20:01
G7628,3,1029,20:41,20:43
G7628,4,1023,21:38,21:40
G7628,5,1005,22:57,NULL
G7618,1,1031,NULL,15:44
G7618,2,1005,16:39,16:44
G7618,3,1023,18:13,18:15
G7618,4,1029,19:07,19:10
G7618,5,1019,20:02,20:04
G7618,6,1026,20:46,NULL
K348,1,1025,NULL,18:20
K348,2,1019,20:27,20:29
K348,3,1029,22:43,23:02
K348,4,1022,01:40,01:52
K348,5,1033,04:22,04:26
K348,6,1037,05:23,05:29
K348,7,1004,07:09,07:17
K348,8,1038,09:32,09:37
K348,9,1011,11:34,NULL
G7466,1,1026,NULL,20:38
G7466,2,1019,21:12,21:15
G7466,3,1029,21:49,21:53
G7466,4,1023,22:45,NULL
K308,1,1025,NULL,18:50
K308,2,1019,21:17,21:19
K308,3,1029,23:22,23:47
K308,4,1022,02:14,02:27
K308,5,1033,04:49,04:54
K308,6,1037,05:51,05:57
K308,7,1030,07:32,NULL
G7649,1,1005,NULL,18:04
G7649,2,1023,19:38,19:41
G7649,3,1029,20:36,20:38
G7649,4,1019,21:18,21:20
G7649,5,1026,22:01,NULL
D3212,1,1026,NULL,20:48
D3212,2,1019,21:25,21:27
D3212,3,1029,22:02,22:04
D3212,4,1023,22:55,NULL
G7629,1,1005,NULL,18:34
G7629,2,1023,19:58,20:04
G7629,3,1019,21:45,21:47
G7629,4,1026,22:23,NULL
G7342,1,1026,NULL,21:19
G7342,2,1019,22:00,22:02
G7342,3,1023,23:17,NULL
K596,1,1042,NULL,09:40
K596,2,1034,11:14,11:18
K596,3,1030,12:28,12:43
K596,4,1037,14:17,14:23
K596,5,1033,15:18,15:21
K596,6,1022,18:22,NULL
K594,1,1022,NULL,12:43
K594,2,1033,15:21,15:24
K594,3,1037,16:17,16:23
K594,4,1030,18:09,18:35
K594,5,1034,19:37,19:41
K594,6,1042,21:03,NULL
K1538,1,1011,NULL,19:40
K1538,2,1038,21:29,21:38
K1538,3,1004,23:45,NULL
K1352,1,1011,NULL,19:40
K1352,2,1013,21:04,21:09
K1352,3,1017,22:07,22:13
K1352,4,1018,22:41,NULL
K302,1,1042,NULL,06:30
K302,2,1011,09:47,NULL
K94,1,1006,NULL,11:38
K94,2,1038,17:10,17:39
K94,3,1030,19:39,NULL
K34,1,1037,NULL,06:37
K34,2,1004,08:55,09:20
K34,3,1009,10:40,10:43
K34,4,1015,11:35,NULL
K70,1,1011,NULL,16:00
K70,2,1042,18:55,NULL
K36,1,1015,NULL,13:00
K36,2,1009,14:12,14:17
K36,3,1004,16:06,16:24
K36,4,1037,19:48,NULL
K1220,1,1021,NULL,13:54
K1220,2,1022,16:44,16:58
K1220,3,1033,19:43,19:47
K1220,4,1037,20:41,21:18
K1220,5,1040,22:48,NULL
K1191,1,1004,NULL,19:41
K1191,2,1037,21:30,21:36
K1191,3,1040,23:11,NULL
K1328,1,1015,NULL,16:49
K1328,2,1009,17:49,17:53
K1328,3,1004,20:14,20:32
K1328,4,1037,22:39,NULL
K136,1,1006,NULL,18:34
K136,2,1004,21:52,22:08
K136,3,1037,23:59,00:05
K136,4,1040,01:27,NULL
K677,1,1011,NULL,18:21
K677,2,1038,20:15,20:21
K677,3,1030,22:30,22:45
K677,4,1037,00:25,00:31
K677,5,1040,02:18,NULL
K92,1,1030,NULL,12:57
K92,2,1038,15:12,16:01
K92,3,1006,21:25,NULL
K614,1,1018,NULL,17:38
K614,2,1017,18:06,18:12
K614,3,1013,19:10,19:13
K614,4,1011,20:37,20:48
K614,5,1042,23:44,23:58
K614,6,1034,01:18,01:23
K614,7,1030,02:27,NULL
K1192,1,1040,NULL,14:40
K1192,2,1037,16:04,16:10
K1192,3,1004,18:30,NULL
D3398,1,1045,NULL,14:03
D3398,2,1023,15:50,NULL
G2382,1,1045,NULL,14:28
G2382,2,1023,16:18,NULL
K876,1,1042,NULL,18:49
K876,2,1011,22:14,22:28
K876,3,1013,23:58,NULL
G2389,1,1023,NULL,07:39
G2389,2,1045,09:24,NULL
K424,1,1027,NULL,17:26
K424,2,1028,18:22,18:28
K424,3,1021,22:27,NULL
K878,1,1013,NULL,02:23
K878,2,1011,04:20,04:30
K878,3,1042,07:37,NULL
G2390,1,1045,NULL,17:15
G2390,2,1023,19:02,NULL
K612,1,1030,NULL,22:13
K612,2,1034,23:14,23:18
K612,3,1042,00:52,01:12
K612,4,1011,04:02,04:16
K612,5,1013,05:40,05:43
K612,6,1017,06:42,06:53
K612,7,1018,07:21,NULL
K422,1,1021,NULL,07:39
K422,2,1028,12:09,12:16
K422,3,1027,13:08,NULL
K492,1,1030,NULL,22:53
K492,2,1038,00:50,00:53
K492,3,1011,03:24,NULL
K675,1,1040,NULL,00:20
K675,2,1037,02:22,02:42
K675,3,1030,04:10,04:23
K675,4,1038,07:17,07:24
K675,5,1011,09:20,NULL
D3397,1,1023,NULL,16:19
D3397,2,1045,18:17,NULL
G2381,1,1023,NULL,16:47
G2381,2,1045,18:36,NULL
K1218,1,1040,NULL,01:53
K1218,2,1037,03:13,03:33
K1218,3,1033,04:28,04:31
K1218,4,1022,07:10,07:24
K1218,5,1021,10:24,NULL
K138,1,1040,NULL,02:44
K138,2,1037,04:24,04:30
K138,3,1004,06:54,07:10
K138,4,1006,11:20,NULL
K1326,1,1037,NULL,05:00
K1326,2,1004,07:18,07:35
K1326,3,1009,09:12,09:16
K1326,4,1015,10:37,NULL
K491,1,1011,NULL,15:23
K491,2,1038,17:12,17:15
K491,3,1030,18:55,NULL
K1198,1,1042,NULL,02:58
K1198,2,1011,06:18,NULL
K1196,1,1011,NULL,05:34
K1196,2,1042,08:17,NULL
K468,1,1030,NULL,05:08
K468,2,1037,06:47,06:53
K468,3,1033,07:46,07:50
K468,4,1022,11:03,11:17
K468,5,1021,14:35,NULL
K1160,1,1011,NULL,10:58
K1160,2,1013,12:27,NULL
K1152,1,1022,NULL,13:43
K1152,2,1033,16:27,16:30
K1152,3,1037,17:23,17:29
K1152,4,1030,19:32,NULL
K168,1,1030,NULL,06:07
K168,2,1037,07:48,07:55
K168,3,1033,08:47,08:50
K168,4,1022,11:41,11:56
K168,5,1021,15:14,NULL
K1040,1,1021,NULL,12:52
K1040,2,1022,15:45,16:00
K1040,3,1033,18:34,18:38
K1040,4,1037,19:33,19:39
K1040,5,1030,21:15,NULL
K1154,1,1030,NULL,06:32
K1154,2,1037,08:06,08:12
K1154,3,1033,09:04,09:07
K1154,4,1022,12:22,NULL
K466,1,1021,NULL,13:31
K466,2,1022,16:18,16:38
K466,3,1033,19:06,19:09
K466,4,1037,20:04,20:10
K466,5,1030,21:45,NULL
K1162,1,1013,NULL,17:12
K1162,2,1011,18:43,NULL
K655,1,1030,NULL,12:24
K655,2,1037,14:08,14:15
K655,3,1033,15:07,15:10
K655,4,1022,17:46,NULL
K166,1,1021,NULL,18:03
K166,2,1022,20:47,20:59
K166,3,1033,23:45,23:49
K166,4,1030,02:37,NULL
K656,1,1022,NULL,21:47
K656,2,1033,00:20,00:23
K656,3,1037,01:16,01:22
K656,4,1030,02:52,NULL
K390,1,1030,NULL,23:26
K390,2,1037,01:32,01:38
K390,3,1022,05:26,NULL
K1042,1,1030,NULL,22:58
K1042,2,1022,03:47,04:00
K1042,3,1021,06:40,NULL
K392,1,1022,NULL,08:10
K392,2,1033,11:03,11:08
K392,3,1037,12:22,12:28
K392,4,1030,13:56,NULL
T238,1,1030,NULL,02:28
T238,2,1037,03:56,04:21
T238,3,1004,06:16,06:35
T238,4,1009,08:17,08:33
T238,5,1015,09:33,NULL
T236,1,1015,NULL,11:42
T236,2,1009,12:33,12:36
T236,3,1004,13:57,14:09
T236,4,1037,16:17,16:46
T236,5,1030,18:18,NULL
G1793,1,1031,NULL,11:46
G1793,2,1037,12:45,12:47
G1793,3,1033,13:21,13:24
G1793,4,1023,14:31,NULL
G2688,1,1014,NULL,07:05
G2688,2,1012,08:56,NULL
G2690,1,1012,NULL,22:08
G2690,2,1014,23:39,NULL
G1794,1,1023,NULL,16:28
G1794,2,1033,17:32,17:34
G1794,3,1037,18:01,18:03
G1794,4,1031,18:55,NULL
K101,1,1011,NULL,10:03
K101,2,1038,11:45,11:49
K101,3,1004,13:47,13:55
K101,4,1037,16:07,16:13
K101,5,1033,17:05,17:08
K101,6,1022,20:24,20:41
K101,7,1029,23:09,23:47
K101,8,1025,05:49,NULL
T244,1,1011,NULL,09:32
T244,2,1038,11:08,11:13
T244,3,1030,12:55,NULL
K1986,1,1011,NULL,14:27
K1986,2,1038,16:21,16:28
K1986,3,1006,21:56,NULL
K68,1,1042,NULL,07:29
K68,2,1011,10:14,NULL
Z178,1,1011,NULL,20:23
Z178,2,1038,21:51,21:59
Z178,3,1004,23:57,00:03
Z178,4,1009,01:22,01:26
Z178,5,1015,02:31,02:36
Z178,6,1022,05:54,NULL
K1984,1,1006,NULL,10:01
K1984,2,1038,15:36,15:53
K1984,3,1011,17:39,NULL
T242,1,1030,NULL,17:26
T242,2,1038,19:19,19:25
T242,3,1011,21:02,NULL
Z176,1,1022,NULL,13:31
Z176,2,1015,16:21,16:26
Z176,3,1009,17:17,17:20
Z176,4,1004,18:36,18:43
Z176,5,1038,20:16,20:20
Z176,6,1011,21:48,NULL
Z290,1,1021,NULL,20:18
Z290,2,1028,23:59,NULL
K420,1,1011,NULL,06:25
K420,2,1013,07:42,07:45
K420,3,1014,10:37,NULL
T112,1,1022,NULL,10:23
T112,2,1015,13:08,13:12
T112,3,1009,14:04,14:08
T112,4,1004,15:32,15:40
T112,5,1038,17:27,17:31
T112,6,1011,19:14,NULL
T114,1,1011,NULL,09:22
T114,2,1038,11:01,11:05
T114,3,1004,13:05,13:11
T114,4,1009,14:34,14:37
T114,5,1015,15:37,15:40
T114,6,1022,18:54,NULL
K419,1,1014,NULL,18:05
K419,2,1013,21:18,21:23
K419,3,1011,23:09,NULL
G2686,1,1012,NULL,14:21
G2686,2,1017,16:40,NULL
G1904,1,1043,NULL,15:18
G1904,2,1036,15:58,16:00
G1904,3,1031,16:38,16:44
G1904,4,1041,17:39,17:43
G1904,5,1045,18:49,NULL
G4298,1,1043,NULL,15:41
G4298,2,1036,16:14,16:16
G4298,3,1031,16:54,17:00
G4298,4,1037,17:44,17:46
G4298,5,1033,18:14,18:16
G4298,6,1023,19:23,NULL
G1876,1,1043,NULL,19:35
G1876,2,1036,20:08,20:10
G1876,3,1031,20:48,21:03
G1876,4,1037,21:47,21:49
G1876,5,1033,22:17,22:19
G1876,6,1023,23:16,NULL
G1874,1,1023,NULL,06:29
G1874,2,1033,07:33,07:35
G1874,3,1037,08:02,08:04
G1874,4,1031,08:50,08:54
G1874,5,1036,09:33,09:35
G1874,6,1043,10:15,NULL
G1902,1,1045,NULL,10:49
G1902,2,1041,11:44,11:46
G1902,3,1031,12:30,12:36
G1902,4,1036,13:15,13:18
G1902,5,1043,13:58,NULL
G4296,1,1023,NULL,10:48
G4296,2,1033,11:51,11:53
G4296,3,1037,12:20,12:22
G4296,4,1031,13:08,13:16
G4296,5,1036,13:55,13:57
G4296,6,1043,14:37,NULL
G2684,1,1017,NULL,13:23
G2684,2,1012,15:47,NULL
G1836,1,1012,NULL,18:22
G1836,2,1017,20:34,NULL
G2680,1,1012,NULL,19:42
G2680,2,1014,21:32,NULL
G2682,1,1014,NULL,11:17
G2682,2,1012,13:12,NULL
D2272,1,1031,NULL,17:10
D2272,2,1005,17:58,NULL
D2373,1,1005,NULL,07:16
D2373,2,1031,08:04,NULL
D2254,1,1005,NULL,08:42
D2254,2,1031,09:30,NULL
D2222,1,1023,NULL,08:13
D2222,2,1005,09:47,09:52
D2222,3,1031,10:41,NULL
D656,1,1021,NULL,07:18
D656,2,1023,08:22,08:25
D656,3,1033,09:50,09:53
D656,4,1037,10:20,10:22
D656,5,1031,11:17,NULL
D2262,1,1023,NULL,09:10
D2262,2,1033,10:12,10:14
D2262,3,1037,10:41,10:43
D2262,4,1031,11:58,NULL
D2268,1,1006,NULL,09:10
D2268,2,1031,12:18,NULL
D2271,1,1005,NULL,12:11
D2271,2,1031,12:59,NULL
K646,1,1027,NULL,02:36
K646,2,1028,03:53,04:04
K646,3,1022,08:07,08:20
K646,4,1033,11:52,11:58
K646,5,1037,12:56,13:02
K646,6,1004,14:51,15:03
K646,7,1038,17:04,17:14
K646,8,1011,18:58,NULL
T36,1,1030,NULL,18:20
T36,2,1038,20:03,20:07
T36,3,1011,21:58,NULL
Z157,1,1014,NULL,18:45
Z157,2,1011,22:42,NULL
D718,1,1022,NULL,17:30
D718,2,1004,21:29,NULL
Z52,1,1006,NULL,18:26
Z52,2,1014,20:30,20:35
Z52,3,1011,00:29,NULL
Z140,1,1006,NULL,18:09
Z140,2,1014,19:58,20:03
Z140,3,1011,00:52,NULL
Z227,1,1030,NULL,21:40
Z227,2,1042,00:29,NULL
K1614,1,1018,NULL,17:56
K1614,2,1017,18:22,18:26
K1614,3,1013,19:24,19:27
K1614,4,1011,20:50,NULL
T217,1,1014,NULL,21:33
T217,2,1011,01:36,NULL
K645,1,1011,NULL,21:27
K645,2,1038,23:16,23:22
K645,3,1004,01:22,01:33
K645,4,1037,03:11,03:20
K645,5,1033,04:17,04:20
K645,6,1022,07:02,07:17
K645,7,1028,09:18,09:24
K645,8,1027,10:30,NULL
K1613,1,1011,NULL,21:12
K1613,2,1013,22:36,22:39
K1613,3,1017,23:39,NULL
Z139,1,1011,NULL,02:11
Z139,2,1014,06:59,07:02
Z139,3,1006,09:01,NULL
Z51,1,1011,NULL,02:01
Z51,2,1014,06:01,06:05
Z51,3,1006,08:19,NULL
D717,1,1004,NULL,04:52
D717,2,1022,08:47,NULL
T215,1,1011,NULL,03:31
T215,2,1014,07:37,NULL
T35,1,1011,NULL,03:39
T35,2,1038,05:35,05:56
T35,3,1030,07:36,NULL
Z158,1,1011,NULL,04:41
Z158,2,1014,08:33,NULL
Z225,1,1042,NULL,04:49
Z225,2,1030,07:40,NULL
G261,1,1012,NULL,10:08
G261,2,1039,10:56,10:58
G261,3,1035,11:14,11:16
G261,4,1030,11:43,NULL
G57,1,1012,NULL,10:25
G57,2,1005,11:47,11:49
G57,3,1023,13:05,13:07
G57,4,1021,14:08,NULL
G481,1,1017,NULL,12:41
G481,2,1014,14:18,NULL
G265,1,1012,NULL,10:50
G265,2,1039,11:28,11:30
G265,3,1031,12:28,12:31
G265,4,1045,14:13,NULL
G19,1,1005,NULL,11:26
G19,2,1023,12:38,NULL
G55,1,1012,NULL,11:21
G55,2,1005,12:42,12:44
G55,3,1023,13:53,14:05
G55,4,1021,14:54,14:57
G55,5,1026,16:47,NULL
G165,1,1005,NULL,12:21
G165,2,1023,13:30,NULL
G263,1,1012,NULL,11:43
G263,2,1035,12:31,12:34
G263,3,1031,13:13,NULL
G31,1,1012,NULL,13:23
G31,2,1005,14:31,14:33
G31,3,1023,15:35,NULL
G262,1,1031,NULL,07:05
G262,2,1035,07:43,07:45
G262,3,1039,08:02,08:04
G262,4,1012,08:47,NULL
G204,1,1005,NULL,07:16
G204,2,1039,08:11,08:13
G204,3,1012,08:51,NULL
G20,1,1023,NULL,07:48
G20,2,1005,08:56,NULL
G167,1,1012,NULL,15:52
G167,2,1039,16:29,16:31
G167,3,1005,17:13,17:15
G167,4,1023,18:38,18:41
G167,5,1021,19:40,19:43
G167,6,1026,21:41,NULL
G1570,1,1014,NULL,07:15
G1570,2,1012,09:17,NULL
G23,1,1031,NULL,16:50
G23,2,1037,17:35,NULL
G34,1,1023,NULL,06:54
G34,2,1005,08:30,08:33
G34,3,1012,09:53,NULL
G419,1,1012,NULL,17:08
G419,2,1039,18:02,18:04
G419,3,1005,18:46,18:51
G419,4,1023,20:13,20:25
G419,5,1021,21:19,NULL
G59,1,1012,NULL,16:48
G59,2,1039,17:26,17:28
G59,3,1005,18:09,18:11
G59,4,1023,19:28,19:30
G59,5,1021,20:29,NULL
G266,1,1030,NULL,09:07
G266,2,1035,09:33,09:35
G266,3,1039,09:52,09:55
G266,4,1012,10:46,NULL
G43,1,1012,NULL,16:58
G43,2,1031,18:23,18:27
G43,3,1037,19:11,19:13
G43,4,1033,19:41,19:43
G43,5,1023,20:49,NULL
G352,1,1045,NULL,08:00
G352,2,1041,09:02,09:04
G352,3,1031,09:48,09:51
G352,4,1039,10:48,10:50
G352,5,1012,11:26,NULL
G58,1,1021,NULL,07:45
G58,2,1023,08:45,08:50
G58,3,1005,10:06,10:11
G58,4,1012,11:34,NULL
G36,1,1023,NULL,08:59
G36,2,1005,10:22,10:29
G36,3,1012,11:52,NULL
G35,1,1012,NULL,18:05
G35,2,1039,18:42,18:49
G35,3,1005,19:30,19:32
G35,4,1023,20:54,NULL
G161,1,1012,NULL,18:09
G161,2,1039,18:56,18:58
G161,3,1035,19:14,19:16
G161,4,1031,20:02,20:05
G161,5,1041,20:55,20:57
G161,6,1040,21:12,21:14
G161,7,1032,21:55,NULL
G45,1,1012,NULL,18:37
G45,2,1005,19:50,19:54
G45,3,1023,21:25,21:40
G45,4,1028,22:38,22:40
G45,5,1027,23:01,NULL
G24,1,1031,NULL,11:42
G24,2,1039,12:32,NULL
G46,1,1027,NULL,08:23
G46,2,1028,08:44,08:46
G46,3,1023,09:44,09:50
G46,4,1005,11:14,11:17
G46,5,1012,12:34,NULL
G37,1,1012,NULL,19:08
G37,2,1039,19:55,19:57
G37,3,1005,20:40,20:44
G37,4,1023,22:07,NULL
G42,1,1023,NULL,09:22
G42,2,1033,10:19,10:21
G42,3,1037,10:48,10:50
G42,4,1031,11:35,11:37
G42,5,1012,13:13,NULL
G273,1,1012,NULL,19:40
G273,2,1039,20:17,20:19
G273,3,1005,21:00,21:05
G273,4,1023,22:13,22:17
G273,5,1021,23:00,NULL
G162,1,1032,NULL,10:08
G162,2,1040,10:49,10:51
G162,3,1041,11:05,11:07
G162,4,1031,11:58,12:00
G162,5,1035,12:40,12:42
G162,6,1039,12:59,13:01
G162,7,1012,13:40,NULL
G274,1,1021,NULL,10:23
G274,2,1023,11:22,11:25
G274,3,1005,12:26,12:28
G274,4,1039,13:09,13:11
G274,5,1012,13:48,NULL
G420,1,1021,NULL,09:31
G420,2,1023,10:27,10:32
G420,3,1005,12:12,12:21
G420,4,1039,13:03,13:05
G420,5,1012,13:53,NULL
G267,1,1012,NULL,20:43
G267,2,1039,21:31,21:33
G267,3,1035,21:49,21:51
G267,4,1031,22:30,NULL
G32,1,1023,NULL,13:00
G32,2,1005,14:01,14:04
G32,3,1039,14:44,NULL
G1569,1,1012,NULL,21:06
G1569,2,1014,23:09,NULL
G38,1,1028,NULL,10:38
G38,2,1023,11:30,11:34
G38,3,1005,12:56,13:02
G38,4,1039,13:55,13:57
G38,5,1012,14:35,NULL
G168,1,1026,NULL,08:30
G168,2,1021,10:33,10:38
G168,3,1023,11:35,11:39
G168,4,1005,13:12,13:22
G168,5,1039,14:10,14:12
G168,6,1012,14:49,NULL
G203,1,1012,NULL,21:56
G203,2,1005,23:10,NULL
G56,1,1026,NULL,10:02
G56,2,1021,11:53,11:55
G56,3,1023,12:42,12:47
G56,4,1005,14:19,14:27
G56,5,1039,15:09,15:12
G56,6,1012,15:50,NULL
G39,1,1005,NULL,22:19
G39,2,1023,23:22,NULL
G269,1,1039,NULL,22:42
G269,2,1035,22:58,23:00
G269,3,1031,23:39,NULL
G166,1,1023,NULL,15:12
G166,2,1005,16:38,16:43
G166,3,1012,17:56,NULL
G270,1,1045,NULL,14:35
G270,2,1031,16:18,16:22
G270,3,1035,17:01,17:03
G270,4,1039,17:20,17:24
G270,5,1012,18:00,NULL
G60,1,1021,NULL,14:38
G60,2,1023,15:40,15:43
G60,3,1005,16:59,17:02
G60,4,1039,17:43,17:45
G60,5,1012,18:23,NULL
G482,1,1014,NULL,14:55
G482,2,1017,16:30,NULL
G272,1,1033,NULL,16:50
G272,2,1037,17:24,17:27
G272,3,1031,18:13,NULL
G40,1,1023,NULL,19:00
G40,2,1005,20:04,NULL
G30,1,1037,NULL,19:06
G30,2,1031,19:52,NULL
K1072,1,1030,NULL,21:12
K1072,2,1034,22:31,22:35
K1072,3,1042,00:01,NULL
K1071,1,1042,NULL,22:45
K1071,2,1034,00:24,00:29
K1071,3,1030,01:50,NULL
1150,1,1018,NULL,16:15
1150,2,1017,16:43,16:46
1150,3,1013,17:47,17:51
1150,4,1011,19:40,NULL
G3198,1,1043,NULL,11:37
G3198,2,1031,12:44,12:59
G3198,3,1037,13:43,13:45
G3198,4,1033,14:13,14:16
G3198,5,1023,15:06,NULL
G2678,1,1012,NULL,12:11
G2678,2,1017,14:46,NULL
G1896,1,1043,NULL,12:54
G1896,2,1036,13:27,13:29
G1896,3,1031,14:07,14:11
G1896,4,1037,14:55,14:57
G1896,5,1033,15:25,15:27
G1896,6,1023,16:31,16:37
G1896,7,1021,17:38,17:44
G1896,8,1026,19:37,NULL
G3162,1,1043,NULL,13:44
G3162,2,1036,14:24,14:28
G3162,3,1031,15:06,15:14
G3162,4,1037,15:58,16:00
G3162,5,1033,16:28,16:30
G3162,6,1023,17:27,NULL
G3168,1,1031,NULL,07:00
G3168,2,1036,07:39,07:41
G3168,3,1043,08:28,NULL
G1886,1,1005,NULL,08:07
G1886,2,1039,08:59,09:01
G1886,3,1012,09:37,NULL
G1884,1,1043,NULL,17:57
G1884,2,1031,19:04,19:08
G1884,3,1037,19:52,19:54
G1884,4,1033,20:22,20:24
G1884,5,1023,21:15,21:30
G1884,6,1029,22:22,NULL
G1882,1,1029,NULL,07:00
G1882,2,1024,07:40,07:42
G1882,3,1023,07:52,07:58
G1882,4,1033,08:56,08:58
G1882,5,1037,09:25,09:27
G1882,6,1031,10:13,10:17
G1882,7,1036,10:56,10:58
G1882,8,1043,11:33,NULL
G1880,1,1043,NULL,20:51
G1880,2,1036,21:31,21:33
G1880,3,1031,22:11,NULL
G1894,1,1026,NULL,08:22
G1894,2,1021,10:16,10:18
G1894,3,1023,11:17,11:19
G1894,4,1033,12:23,12:25
G1894,5,1037,12:52,12:54
G1894,6,1031,13:40,13:48
G1894,7,1036,14:27,14:29
G1894,8,1043,15:02,NULL
G2677,1,1017,NULL,15:35
G2677,2,1012,18:06,NULL
K1149,1,1011,NULL,00:20
K1149,2,1038,02:23,02:27
K1149,3,1004,04:26,04:34
K1149,4,1009,06:48,06:52
K1149,5,1015,07:52,NULL
T151,1,1004,NULL,07:02
T151,2,1037,09:24,09:30
T151,3,1033,10:22,10:32
T151,4,1044,16:16,NULL
Z88,1,1004,NULL,07:26
Z88,2,1015,09:13,09:17
Z88,3,1022,11:51,NULL
D5436,1,1004,NULL,08:07
D5436,2,1006,10:48,10:52
D5436,3,1008,11:40,NULL
T7772,1,1004,NULL,08:13
T7772,2,1014,11:43,NULL
C3782,1,1006,NULL,06:10
C3782,2,1004,08:47,NULL
D5424,1,1004,NULL,08:50
D5424,2,1006,11:31,11:34
D5424,3,1008,12:30,NULL
C3762,1,1006,NULL,06:34
C3762,2,1004,09:11,NULL
C3786,1,1006,NULL,07:17
C3786,2,1004,09:29,NULL
C3768,1,1004,NULL,10:00
C3768,2,1006,12:43,NULL
D5422,1,1008,NULL,06:50
D5422,2,1006,07:36,07:46
D5422,3,1004,10:23,NULL
C3666,1,1014,NULL,07:39
C3666,2,1004,10:26,NULL
T7775,1,1014,NULL,07:36
T7775,2,1004,10:35,NULL
Z368,1,1011,NULL,07:16
Z368,2,1038,08:35,08:40
Z368,3,1004,10:45,NULL
C3659,1,1017,NULL,08:00
C3659,2,1004,10:49,NULL
C3693,1,1012,NULL,08:10
C3693,2,1004,11:20,NULL
C3665,1,1004,NULL,11:24
C3665,2,1014,14:00,NULL
C3657,1,1004,NULL,11:41
C3657,2,1017,14:31,NULL
D5428,1,1004,NULL,12:53
D5428,2,1006,15:21,15:23
D5428,3,1008,16:08,NULL
C3678,1,1014,NULL,10:42
C3678,2,1004,13:17,NULL
K1150,1,1015,NULL,10:36
K1150,2,1009,11:35,11:39
K1150,3,1004,13:14,13:26
K1150,4,1038,15:30,15:46
K1150,5,1011,17:52,NULL
T7782,1,1004,NULL,13:34
T7782,2,1014,16:33,NULL
C3673,1,1004,NULL,14:15
C3673,2,1017,17:13,NULL
C3651,1,1017,NULL,12:27
C3651,2,1004,15:05,NULL
D5434,1,1008,NULL,12:00
D5434,2,1006,12:45,12:47
D5434,3,1004,15:22,NULL
C3766,1,1006,NULL,13:15
C3766,2,1004,15:46,NULL
D5440,1,1004,NULL,15:46
D5440,2,1006,18:17,18:20
D5440,3,1008,19:09,NULL
C3764,1,1004,NULL,16:08
C3764,2,1006,18:41,NULL
Z366,1,1004,NULL,16:39
Z366,2,1038,18:42,18:48
Z366,3,1011,20:32,NULL
C3661,1,1004,NULL,16:46
C3661,2,1017,19:32,NULL
C3670,1,1014,NULL,14:43
C3670,2,1004,17:25,NULL
D5426,1,1008,NULL,14:00
D5426,2,1006,14:46,14:50
D5426,3,1004,17:42,NULL
D5432,1,1004,NULL,18:12
D5432,2,1006,20:50,21:00
D5432,3,1008,21:46,NULL
C3669,1,1004,NULL,18:18
C3669,2,1014,21:02,NULL
C3695,1,1004,NULL,18:25
C3695,2,1012,21:37,NULL
T7771,1,1014,NULL,15:08
T7771,2,1004,18:34,NULL
C3788,1,1004,NULL,19:30
C3788,2,1006,21:45,NULL
T7776,1,1004,NULL,19:36
T7776,2,1014,22:47,NULL
C3784,1,1004,NULL,19:56
C3784,2,1006,22:27,NULL
D5430,1,1008,NULL,16:28
D5430,2,1006,17:13,17:19
D5430,3,1004,20:10,NULL
C3671,1,1017,NULL,17:42
C3671,2,1004,20:15,NULL
Z86,1,1022,NULL,16:46
Z86,2,1015,19:15,19:18
Z86,3,1004,21:07,NULL
T152,1,1044,NULL,14:39
T152,2,1033,18:15,18:21
T152,3,1037,19:14,19:20
T152,4,1004,22:12,NULL
T7781,1,1014,NULL,18:55
T7781,2,1004,22:30,NULL
D5438,1,1008,NULL,19:30
D5438,2,1006,20:15,20:18
D5438,3,1004,22:55,NULL
D3239,1,1005,NULL,06:14
D3239,2,1023,07:24,07:28
D3239,3,1021,08:31,08:38
D3239,4,1026,10:28,NULL
D5641,1,1005,NULL,07:00
D5641,2,1037,07:37,NULL
G1113,1,1005,NULL,07:24
G1113,2,1031,08:18,NULL
C3883,1,1005,NULL,07:42
C3883,2,1014,10:16,NULL
D3295,1,1005,NULL,07:51
D3295,2,1023,09:36,09:39
D3295,3,1021,10:53,10:58
D3295,4,1026,12:54,NULL
G7612,1,1031,NULL,07:16
G7612,2,1005,08:04,08:07
G7612,3,1023,09:23,09:25
G7612,4,1021,10:29,10:31
G7612,5,1026,12:22,NULL
G7711,1,1005,NULL,08:10
G7711,2,1037,08:53,08:55
G7711,3,1033,09:30,NULL
G7665,1,1012,NULL,06:43
G7665,2,1039,07:20,07:24
G7665,3,1005,08:07,08:11
G7665,4,1023,09:41,09:44
G7665,5,1021,10:46,10:52
G7665,6,1026,12:46,NULL
C3887,1,1005,NULL,08:16
C3887,2,1017,10:55,NULL
G7422,1,1033,NULL,07:11
G7422,2,1037,07:37,07:39
G7422,3,1005,08:17,NULL
D5648,1,1031,NULL,07:31
D5648,2,1005,08:19,NULL
G254,1,1022,NULL,06:30
G254,2,1005,08:14,08:19
G254,3,1012,09:46,NULL
G1503,1,1005,NULL,08:25
G1503,2,1023,09:57,09:59
G1503,3,1028,10:56,10:58
G1503,4,1027,11:20,NULL
G1862,1,1023,NULL,07:08
G1862,2,1005,08:38,08:41
G1862,3,1012,10:14,NULL
D5642,1,1037,NULL,08:01
D5642,2,1005,08:45,NULL
G7611,1,1012,NULL,07:05
G7611,2,1039,07:48,07:50
G7611,3,1005,08:40,08:46
G7611,4,1023,10:20,10:26
G7611,5,1021,11:28,NULL
G1545,1,1005,NULL,08:47
G1545,2,1031,09:41,NULL
G7581,1,1005,NULL,08:52
G7581,2,1023,10:27,10:31
G7581,3,1021,11:33,11:36
G7581,4,1026,13:39,NULL
G1539,1,1005,NULL,08:57
G1539,2,1031,09:56,NULL
G7423,1,1005,NULL,08:58
G7423,2,1037,09:35,09:37
G7423,3,1033,10:06,NULL
D5601,1,1005,NULL,09:07
D5601,2,1037,09:50,09:52
D5601,3,1040,10:24,10:26
D5601,4,1032,11:07,NULL
G3110,1,1022,NULL,07:36
G3110,2,1005,09:06,09:12
G3110,3,1030,10:04,10:08
G3110,4,1036,10:35,10:37
G3110,5,1043,11:11,NULL
G2668,1,1023,NULL,07:53
G2668,2,1005,09:22,09:25
G2668,3,1012,10:51,NULL
G7458,1,1031,NULL,08:27
G7458,2,1005,09:21,09:27
G7458,3,1023,10:57,NULL
G579,1,1005,NULL,09:32
G579,2,1031,10:21,NULL
D2198,1,1031,NULL,08:58
D2198,2,1005,09:46,09:51
D2198,3,1023,11:14,11:18
D2198,4,1021,12:15,NULL
G7605,1,1012,NULL,08:17
G7605,2,1039,09:00,09:03
G7605,3,1005,09:53,09:56
G7605,4,1023,11:18,NULL
G594,1,1023,NULL,08:20
G594,2,1005,09:52,09:57
G594,3,1031,10:46,NULL
G1224,1,1021,NULL,07:34
G1224,2,1023,08:28,08:30
G1224,3,1005,10:01,10:07
G1224,4,1039,10:50,10:54
G1224,5,1012,11:30,NULL
G7681,1,1043,NULL,07:50
G7681,2,1036,08:31,08:33
G7681,3,1030,09:00,09:06
G7681,4,1005,10:08,10:13
G7681,5,1023,11:41,11:48
G7681,6,1021,12:58,13:00
G7681,7,1026,15:04,NULL
D9511,1,1005,NULL,10:19
D9511,2,1037,11:02,NULL
G7698,1,1012,NULL,08:51
G7698,2,1039,09:27,09:29
G7698,3,1005,10:18,10:23
G7698,4,1023,12:07,12:14
G7698,5,1028,13:12,13:14
G7698,6,1027,13:35,NULL
C3837,1,1005,NULL,10:27
C3837,2,1017,13:23,NULL
G343,1,1012,NULL,08:57
G343,2,1039,09:40,09:42
G343,3,1005,10:24,10:28
G343,4,1023,11:51,11:56
G343,5,1021,12:48,12:51
G343,6,1026,14:48,NULL
G7755,1,1043,NULL,08:30
G7755,2,1030,09:39,09:43
G7755,3,1005,10:34,10:38
G7755,4,1023,12:01,NULL
D2293,1,1005,NULL,10:52
D2293,2,1023,12:44,12:50
D2293,3,1021,13:52,13:58
D2293,4,1026,15:54,NULL
G590,1,1026,NULL,06:16
G590,2,1021,08:08,08:12
G590,3,1023,09:11,09:16
G590,4,1005,10:50,10:53
G590,5,1031,11:53,NULL
G7712,1,1033,NULL,09:48
G7712,2,1037,10:14,10:16
G7712,3,1005,10:54,NULL
G7452,1,1045,NULL,07:33
G7452,2,1023,09:23,09:27
G7452,3,1005,10:55,NULL
G51,1,1012,NULL,09:50
G51,2,1039,10:27,10:29
G51,3,1005,11:10,11:12
G51,4,1023,12:21,12:25
G51,5,1021,13:27,NULL
D5602,1,1032,NULL,09:20
D5602,2,1040,10:01,10:03
D5602,3,1037,10:39,10:41
D5602,4,1005,11:19,NULL
G7713,1,1005,NULL,11:30
G7713,2,1037,12:07,12:10
G7713,3,1033,12:45,NULL
G3105,1,1043,NULL,09:14
G3105,2,1030,10:17,10:20
G3105,3,1005,11:27,11:32
G3105,4,1023,12:53,NULL
G1481,1,1005,NULL,11:37
G1481,2,1023,13:10,13:12
G1481,3,1028,13:56,13:58
G1481,4,1027,14:19,NULL
G1892,1,1012,NULL,09:58
G1892,2,1039,10:45,10:50
G1892,3,1005,11:38,11:43
G1892,4,1022,13:26,NULL
G7674,1,1026,NULL,07:15
G7674,2,1021,09:07,09:11
G7674,3,1023,10:13,10:17
G7674,4,1005,11:50,11:53
G7674,5,1031,12:47,NULL
D5603,1,1005,NULL,12:00
D5603,2,1037,12:37,12:39
D5603,3,1040,13:23,13:25
D5603,4,1032,14:06,NULL
G7453,1,1005,NULL,12:00
G7453,2,1023,13:25,NULL
G4579,1,1005,NULL,12:03
G4579,2,1031,13:24,NULL
D9512,1,1037,NULL,11:34
D9512,2,1005,12:12,NULL
G284,1,1012,NULL,10:55
G284,2,1005,12:11,12:13
G284,3,1022,13:40,NULL
G7796,1,1026,NULL,08:00
G7796,2,1021,09:47,09:49
G7796,3,1023,10:38,10:42
G7796,4,1005,12:17,12:21
G7796,5,1030,13:12,13:15
G7796,6,1036,13:42,13:44
G7796,7,1043,14:30,NULL
G7669,1,1043,NULL,10:11
G7669,2,1030,11:30,11:33
G7669,3,1005,12:24,12:27
G7669,4,1023,13:48,13:50
G7669,5,1021,14:49,14:51
G7669,6,1026,16:36,NULL
D9513,1,1005,NULL,12:30
D9513,2,1037,13:07,NULL
D2190,1,1031,NULL,11:41
D2190,2,1005,12:29,12:33
D2190,3,1022,14:34,NULL
G7568,1,1026,NULL,08:55
G7568,2,1021,10:48,10:51
G7568,3,1023,11:50,11:52
G7568,4,1005,13:07,NULL
G1900,1,1012,NULL,11:47
G1900,2,1039,12:24,12:34
G1900,3,1005,13:16,13:19
G1900,4,1023,14:41,NULL
D5604,1,1032,NULL,11:25
D5604,2,1040,12:06,12:08
D5604,3,1037,12:39,12:41
D5604,4,1005,13:25,NULL
G7604,1,1023,NULL,11:57
G7604,2,1005,13:20,13:27
G7604,3,1039,14:16,NULL
G7567,1,1005,NULL,13:30
G7567,2,1023,14:51,14:59
G7567,3,1021,15:59,16:03
G7567,4,1026,17:54,NULL
G7486,1,1026,NULL,09:07
G7486,2,1021,11:12,11:18
G7486,3,1023,12:05,12:12
G7486,4,1005,13:29,13:31
G7486,5,1031,14:20,NULL
G2807,1,1043,NULL,11:21
G2807,2,1036,11:55,11:57
G2807,3,1030,12:24,12:30
G2807,4,1005,13:36,13:40
G2807,5,1023,15:21,15:27
G2807,6,1021,16:22,NULL
D5605,1,1005,NULL,13:42
D5605,2,1037,14:19,14:21
D5605,3,1040,14:53,14:55
D5605,4,1032,15:38,NULL
G3101,1,1043,NULL,11:40
G3101,2,1036,12:14,12:16
G3101,3,1030,12:50,12:55
G3101,4,1005,13:46,NULL
D2194,1,1031,NULL,13:03
D2194,2,1005,13:51,13:57
D2194,3,1022,15:55,NULL
D9514,1,1037,NULL,13:25
D9514,2,1005,14:08,NULL
G7756,1,1023,NULL,12:32
G7756,2,1005,14:11,14:13
G7756,3,1030,15:04,15:08
G7756,4,1043,16:10,NULL
G1872,1,1012,NULL,12:52
G1872,2,1005,14:13,14:15
G1872,3,1022,16:00,NULL
G3103,1,1005,NULL,14:23
G3103,2,1030,15:15,15:22
G3103,3,1036,15:49,15:51
G3103,4,1043,16:39,NULL
D9515,1,1005,NULL,14:26
D9515,2,1037,15:03,NULL
G7678,1,1021,NULL,12:00
G7678,2,1023,12:52,13:05
G7678,3,1005,14:26,14:29
G7678,4,1031,15:17,NULL
C3835,1,1017,NULL,11:40
C3835,2,1005,14:35,NULL
G7676,1,1031,NULL,13:23
G7676,2,1005,14:32,14:38
G7676,3,1023,16:08,16:11
G7676,4,1021,17:02,NULL
G2815,1,1012,NULL,12:48
G2815,2,1005,14:37,14:42
G2815,3,1023,16:13,NULL
G7714,1,1033,NULL,13:29
G7714,2,1037,14:01,14:03
G7714,3,1005,14:42,NULL
G7662,1,1026,NULL,10:11
G7662,2,1021,12:13,12:16
G7662,3,1023,13:08,13:15
G7662,4,1005,14:49,14:54
G7662,5,1031,15:54,NULL
D3084,1,1031,NULL,14:08
D3084,2,1005,14:56,NULL
G7715,1,1005,NULL,15:03
G7715,2,1037,15:40,15:42
G7715,3,1033,16:11,NULL
C3833,1,1005,NULL,15:05
C3833,2,1017,18:23,NULL
G7751,1,1043,NULL,13:06
G7751,2,1036,13:39,13:42
G7751,3,1030,14:09,14:15
G7751,4,1005,15:09,15:14
G7751,5,1023,17:01,NULL
G445,1,1012,NULL,13:57
G445,2,1005,15:21,15:24
G445,3,1023,16:53,NULL
G592,1,1031,NULL,14:23
G592,2,1005,15:27,15:30
G592,3,1023,17:06,17:10
G592,4,1021,18:16,18:21
G592,5,1026,20:23,NULL
G2808,1,1021,NULL,12:58
G2808,2,1023,14:00,14:03
G2808,3,1005,15:25,15:33
G2808,4,1030,16:24,16:30
G2808,5,1043,17:46,NULL
G1870,1,1022,NULL,13:49
G1870,2,1005,15:30,15:37
G1870,3,1039,16:34,16:45
G1870,4,1012,17:31,NULL
D2196,1,1021,NULL,12:40
D2196,2,1023,13:47,13:51
D2196,3,1005,15:37,15:43
D2196,4,1031,16:32,NULL
G282,1,1022,NULL,14:01
G282,2,1005,15:45,15:48
G282,3,1039,16:30,16:40
G282,4,1012,17:19,NULL
G7454,1,1023,NULL,14:24
G7454,2,1005,15:54,NULL
G7488,1,1031,NULL,15:04
G7488,2,1005,15:53,15:55
G7488,3,1023,17:17,17:21
G7488,4,1024,17:30,17:32
G7488,5,1021,18:31,18:40
G7488,6,1026,20:43,NULL
D9516,1,1037,NULL,15:23
D9516,2,1005,16:01,NULL
D3083,1,1005,NULL,16:02
D3083,2,1031,16:56,NULL
G1222,1,1012,NULL,14:55
G1222,2,1005,16:12,16:17
G1222,3,1023,17:39,17:44
G1222,4,1021,18:38,NULL
G52,1,1021,NULL,13:49
G52,2,1023,14:44,14:47
G52,3,1005,16:17,16:20
G52,4,1039,17:01,17:03
G52,5,1012,17:40,NULL
D5606,1,1032,NULL,14:25
D5606,2,1040,15:06,15:08
D5606,3,1037,15:45,15:47
D5606,4,1005,16:31,NULL
G7451,1,1005,NULL,16:34
G7451,2,1023,18:02,18:06
G7451,3,1045,19:56,NULL
D9517,1,1005,NULL,16:37
D9517,2,1037,17:20,NULL
D5607,1,1005,NULL,16:50
D5607,2,1037,17:33,17:35
D5607,3,1040,18:13,NULL
G7680,1,1031,NULL,16:00
G7680,2,1005,16:49,16:55
G7680,3,1023,18:24,18:27
G7680,4,1021,19:26,19:30
G7680,5,1026,21:27,NULL
C3839,1,1017,NULL,14:15
C3839,2,1005,17:00,NULL
G596,1,1031,NULL,16:10
G596,2,1005,16:59,17:05
G596,3,1023,18:29,NULL
D2188,1,1022,NULL,15:16
D2188,2,1005,17:07,17:13
D2188,3,1031,18:02,NULL
G7690,1,1026,NULL,12:47
G7690,2,1021,14:43,14:47
G7690,3,1024,15:47,15:51
G7690,4,1023,16:01,16:06
G7690,5,1005,17:21,NULL
G7795,1,1043,NULL,15:03
G7795,2,1036,15:50,15:52
G7795,3,1030,16:19,16:26
G7795,4,1005,17:17,17:21
G7795,5,1023,19:01,19:09
G7795,6,1021,20:10,20:16
G7795,7,1026,22:13,NULL
G7664,1,1031,NULL,16:34
G7664,2,1005,17:22,17:26
G7664,3,1023,18:56,19:04
G7664,4,1021,20:05,20:31
G7664,5,1026,22:23,NULL
C3841,1,1005,NULL,17:29
C3841,2,1017,20:08,NULL
G3106,1,1023,NULL,15:53
G3106,2,1005,17:26,17:30
G3106,3,1030,18:27,18:34
G3106,4,1036,19:01,19:03
G3106,5,1043,19:44,NULL
G7613,1,1005,NULL,17:43
G7613,2,1023,19:18,19:35
G7613,3,1021,20:34,NULL
G7686,1,1026,NULL,13:08
G7686,2,1021,15:05,15:11
G7686,3,1023,16:07,16:11
G7686,4,1005,17:42,17:48
G7686,5,1030,18:41,18:45
G7686,6,1036,19:12,19:14
G7686,7,1043,20:04,NULL
G1898,1,1023,NULL,16:34
G1898,2,1005,17:47,17:52
G1898,3,1039,18:33,18:39
G1898,4,1012,19:22,NULL
D5622,1,1032,NULL,15:53
D5622,2,1040,16:34,16:36
D5622,3,1037,17:13,17:15
D5622,4,1005,17:53,NULL
D2192,1,1022,NULL,16:15
D2192,2,1005,17:52,17:58
D2192,3,1031,18:48,NULL
D5608,1,1032,NULL,16:03
D5608,2,1040,16:44,16:46
D5608,3,1037,17:23,17:25
D5608,4,1005,18:09,NULL
G2816,1,1023,NULL,16:39
G2816,2,1005,18:03,18:10
G2816,3,1012,19:30,NULL
G7716,1,1033,NULL,17:07
G7716,2,1037,17:33,17:35
G7716,3,1005,18:14,NULL
D9518,1,1037,NULL,17:40
D9518,2,1005,18:24,NULL
C3885,1,1017,NULL,15:13
C3885,2,1005,18:29,NULL
G1890,1,1022,NULL,16:52
G1890,2,1005,18:24,18:31
G1890,3,1039,19:13,19:15
G1890,4,1012,19:52,NULL
D5609,1,1005,NULL,18:33
D5609,2,1037,19:10,19:12
D5609,3,1040,19:44,19:46
D5609,4,1032,20:26,NULL
D3297,1,1026,NULL,13:38
D3297,2,1021,15:29,15:32
D3297,3,1023,16:48,16:54
D3297,4,1005,18:35,NULL
G1546,1,1031,NULL,17:48
G1546,2,1005,18:36,NULL
G7717,1,1005,NULL,18:38
G7717,2,1037,19:15,19:17
G7717,3,1033,20:00,NULL
G446,1,1023,NULL,17:14
G446,2,1005,18:41,18:46
G446,3,1039,19:28,NULL
G7456,1,1023,NULL,17:19
G7456,2,1005,18:45,18:50
G7456,3,1031,19:38,NULL
D5644,1,1037,NULL,18:17
D5644,2,1005,18:54,NULL
D9519,1,1005,NULL,18:55
D9519,2,1037,19:38,NULL
G7696,1,1027,NULL,15:57
G7696,2,1028,16:18,16:21
G7696,3,1023,17:22,17:25
G7696,4,1005,18:57,19:01
G7696,5,1039,19:54,19:59
G7696,6,1012,20:43,NULL
G2670,1,1012,NULL,17:46
G2670,2,1005,19:06,19:10
G2670,3,1023,20:33,NULL
G7644,1,1029,NULL,16:53
G7644,2,1023,17:53,17:55
G7644,3,1005,19:21,NULL
G7752,1,1023,NULL,17:50
G7752,2,1005,19:15,19:31
G7752,3,1030,20:22,20:26
G7752,4,1043,21:35,NULL
G344,1,1026,NULL,15:10
G344,2,1021,17:01,17:04
G344,3,1023,17:58,18:00
G344,4,1005,19:30,19:36
G344,5,1039,20:17,20:22
G344,6,1012,21:22,NULL
G1864,1,1012,NULL,18:23
G1864,2,1005,19:38,19:40
G1864,3,1023,21:10,NULL
G7682,1,1026,NULL,15:21
G7682,2,1021,17:11,17:14
G7682,3,1023,18:11,18:20
G7682,4,1005,19:36,19:41
G7682,5,1030,20:32,20:36
G7682,6,1036,21:03,21:05
G7682,7,1043,21:45,NULL
D2294,1,1026,NULL,15:16
D2294,2,1021,16:49,16:58
D2294,3,1023,18:07,18:15
D2294,4,1005,19:42,NULL
D5610,1,1040,NULL,18:33
D5610,2,1037,19:04,19:06
D5610,3,1005,19:44,NULL
D5639,1,1005,NULL,20:05
D5639,2,1037,20:42,NULL
G7610,1,1021,NULL,17:19
G7610,2,1024,18:09,18:15
G7610,3,1023,18:25,18:30
G7610,4,1005,20:09,20:11
G7610,5,1039,20:59,21:01
G7610,6,1012,21:50,NULL
G3109,1,1043,NULL,17:51
G3109,2,1036,18:25,18:30
G3109,3,1030,19:05,19:11
G3109,4,1005,20:08,20:12
G3109,5,1022,21:52,NULL
G580,1,1031,NULL,19:47
G580,2,1005,20:35,NULL
D9520,1,1037,NULL,20:00
D9520,2,1005,20:38,NULL
G7582,1,1026,NULL,16:18
G7582,2,1021,18:16,18:19
G7582,3,1023,19:26,19:33
G7582,4,1005,21:09,NULL
D2256,1,1031,NULL,20:08
D2256,2,1005,20:56,NULL
G1540,1,1031,NULL,20:29
G1540,2,1005,21:17,NULL
C3831,1,1017,NULL,18:40
C3831,2,1005,21:22,NULL
G7718,1,1033,NULL,20:16
G7718,2,1037,20:42,20:44
G7718,3,1005,21:22,NULL
G7666,1,1026,NULL,16:56
G7666,2,1021,18:47,18:59
G7666,3,1023,19:52,19:56
G7666,4,1005,21:25,21:30
G7666,5,1039,22:11,22:13
G7666,6,1012,22:51,NULL
D5647,1,1005,NULL,21:35
D5647,2,1031,22:23,NULL
D5640,1,1037,NULL,21:05
D5640,2,1005,21:42,NULL
D2374,1,1031,NULL,20:56
D2374,2,1005,21:44,NULL
G1888,1,1012,NULL,20:33
G1888,2,1039,21:16,21:18
G1888,3,1005,22:00,NULL
G1128,1,1031,NULL,21:46
G1128,2,1005,22:34,NULL
G4580,1,1031,NULL,21:51
G4580,2,1005,22:39,NULL
D3240,1,1026,NULL,18:08
D3240,2,1021,19:55,19:59
D3240,3,1023,21:14,21:18
D3240,4,1005,22:47,NULL
K304,1,1018,NULL,11:17
K304,2,1017,11:45,11:49
K304,3,1013,12:50,12:55
K304,4,1011,14:33,14:58
K304,5,1042,17:45,NULL
D3303,1,1026,NULL,13:02
D3303,2,1021,14:48,NULL
G2332,1,1021,NULL,07:50
G2332,2,1024,08:52,09:12
G2332,3,1028,09:58,10:00
G2332,4,1027,10:21,NULL
G1331,1,1023,NULL,15:07
G1331,2,1028,15:56,NULL
G2346,1,1021,NULL,17:53
G2346,2,1024,18:42,18:59
G2346,3,1028,19:38,19:40
G2346,4,1027,20:01,NULL
D3301,1,1021,NULL,15:18
D3301,2,1026,17:03,NULL
K1144,1,1011,NULL,21:36
K1144,2,1014,03:33,03:38
K1144,3,1006,05:40,05:59
K1144,4,1008,07:23,NULL
D3152,1,1006,NULL,08:31
D3152,2,1031,11:38,NULL
K1142,1,1008,NULL,08:23
K1142,2,1006,09:23,09:26
K1142,3,1014,12:06,12:14
K1142,4,1011,17:23,NULL
K8600,1,1006,NULL,10:30
K8600,2,1014,12:53,12:57
K8600,3,1013,17:00,17:05
K8600,4,1011,18:29,NULL
K566,1,1011,NULL,03:20
K566,2,1013,04:52,04:57
K566,3,1014,08:09,08:15
K566,4,1006,10:27,NULL
K564,1,1006,NULL,13:00
K564,2,1014,15:06,15:10
K564,3,1013,17:58,18:01
K564,4,1011,19:18,NULL
K60,1,1042,NULL,03:44
K60,2,1034,05:08,05:13
K60,3,1038,07:34,07:54
K60,4,1006,13:28,NULL
D3158,1,1031,NULL,12:37
D3158,2,1006,15:46,NULL
D3156,1,1006,NULL,16:42
D3156,2,1031,20:01,NULL
K62,1,1006,NULL,16:54
K62,2,1038,21:47,22:34
K62,3,1034,23:53,23:57
K62,4,1042,01:17,NULL
K8599,1,1011,NULL,11:10
K8599,2,1013,12:33,12:36
K8599,3,1014,16:27,16:35
K8599,4,1006,19:08,NULL
D2270,1,1031,NULL,16:49
D2270,2,1006,19:50,NULL
D3154,1,1031,NULL,18:32
D3154,2,1006,21:34,NULL
G3222,1,1012,NULL,15:00
G3222,2,1017,17:30,NULL
G3221,1,1017,NULL,13:54
G3221,2,1012,16:41,NULL
K891,1,1042,NULL,03:37
K891,2,1034,04:57,05:00
K891,3,1030,06:17,06:40
K891,4,1037,08:15,08:21
K891,5,1033,09:16,09:19
K891,6,1022,12:32,NULL
K892,1,1022,NULL,20:31
K892,2,1033,22:57,23:01
K892,3,1037,23:56,23:59
K892,4,1030,01:54,02:20
K892,5,1042,04:39,NULL
D3234,1,1026,NULL,10:58
D3234,2,1021,12:42,12:46
D3234,3,1023,13:43,NULL
D3218,1,1026,NULL,12:27
D3218,2,1021,14:25,14:29
D3218,3,1023,15:33,NULL
D3233,1,1023,NULL,14:29
D3233,2,1021,15:43,15:46
D3233,3,1026,17:31,NULL
D3167,1,1026,NULL,12:22
D3167,2,1021,14:19,14:23
D3167,3,1023,15:24,NULL
D3219,1,1021,NULL,06:59
D3219,2,1026,08:50,NULL
D3111,1,1023,NULL,07:33
D3111,2,1021,08:44,08:49
D3111,3,1026,10:39,NULL
G2385,1,1023,NULL,07:54
G2385,2,1024,08:03,08:05
G2385,3,1045,09:57,NULL
D3112,1,1026,NULL,19:01
D3112,2,1021,20:46,20:50
D3112,3,1023,22:01,NULL
D3220,1,1026,NULL,21:24
D3220,2,1021,22:57,NULL
D3217,1,1023,NULL,15:54
D3217,2,1021,17:07,17:11
D3217,3,1026,19:07,NULL
T328,1,1042,NULL,23:49
T328,2,1030,02:20,02:40
T328,3,1037,04:09,04:15
T328,4,1033,05:07,05:10
T328,5,1022,07:35,07:52
T328,6,1021,11:13,NULL
K8564,1,1021,NULL,18:52
K8564,2,1024,20:53,21:03
K8564,3,1037,00:50,00:56
K8564,4,1030,02:30,02:49
K8564,5,1042,05:10,NULL
K8500,1,1021,NULL,19:22
K8500,2,1022,22:12,22:30
K8500,3,1033,00:59,01:03
K8500,4,1037,01:56,02:02
K8500,5,1030,03:30,03:43
K8500,6,1034,04:44,04:48
K8500,7,1042,06:12,NULL
K1263,1,1042,NULL,01:43
K1263,2,1030,04:08,04:23
K1263,3,1037,05:53,05:59
K1263,4,1033,06:53,06:58
K1263,5,1022,09:52,NULL
K1438,1,1021,NULL,19:48
K1438,2,1022,22:21,22:36
K1438,3,1033,01:19,01:22
K1438,4,1037,02:15,02:21
K1438,5,1030,04:17,04:31
K1438,6,1034,05:32,05:36
K1438,7,1042,07:31,NULL
K608,1,1042,NULL,02:25
K608,2,1030,04:43,05:01
K608,3,1037,06:37,06:43
K608,4,1033,07:35,07:38
K608,5,1022,10:48,NULL
K2275,1,1042,NULL,03:54
K2275,2,1034,05:20,05:25
K2275,3,1030,07:06,07:30
K2275,4,1037,09:06,09:12
K2275,5,1033,10:04,10:07
K2275,6,1022,13:17,NULL
G1741,1,1012,NULL,06:38
G1741,2,1039,07:15,07:17
G1741,3,1035,07:33,07:35
G1741,4,1030,08:02,NULL
K8422,1,1030,NULL,08:34
K8422,2,1034,09:35,09:39
K8422,3,1042,11:40,NULL
K8360,1,1030,NULL,08:48
K8360,2,1038,10:36,NULL
G7412,1,1012,NULL,07:38
G7412,2,1039,08:21,08:23
G7412,3,1035,08:39,08:41
G7412,4,1030,09:10,NULL
K8412,1,1037,NULL,07:50
K8412,2,1030,09:26,09:41
K8412,3,1034,10:42,10:45
K8412,4,1042,12:05,12:20
K8412,5,1011,15:14,15:38
K8412,6,1013,17:02,17:05
K8412,7,1017,18:03,18:07
K8412,8,1018,18:35,NULL
K8527,1,1037,NULL,06:05
K8527,2,1030,09:45,NULL
K8598,1,1030,NULL,10:45
K8598,2,1034,11:46,11:50
K8598,3,1042,13:12,NULL
G1746,1,1030,NULL,12:03
G1746,2,1036,12:31,NULL
K1398,1,1042,NULL,10:00
K1398,2,1034,11:37,11:40
K1398,3,1030,12:41,13:02
K1398,4,1037,14:41,14:47
K1398,5,1033,15:39,15:42
K1398,6,1022,18:33,18:53
K1398,7,1029,21:17,21:50
K1398,8,1025,05:00,NULL
K1050,1,1025,NULL,23:00
K1050,2,1029,04:34,04:52
K1050,3,1022,07:32,08:01
K1050,4,1033,10:50,10:53
K1050,5,1037,11:50,11:56
K1050,6,1030,13:32,13:53
K1050,7,1034,14:58,15:02
K1050,8,1042,17:11,17:25
K1050,9,1011,20:35,NULL
K8418,1,1018,NULL,06:10
K8418,2,1017,06:38,06:43
K8418,3,1013,07:41,07:44
K8418,4,1011,09:08,09:23
K8418,5,1038,12:04,12:16
K8418,6,1030,13:57,NULL
G1748,1,1030,NULL,14:00
G1748,2,1035,14:26,14:28
G1748,3,1039,14:45,NULL
K2908,1,1042,NULL,11:08
K2908,2,1034,12:33,12:37
K2908,3,1030,13:50,14:04
K2908,4,1037,15:39,15:45
K2908,5,1033,16:38,16:42
K2908,6,1022,19:09,19:24
K2908,7,1029,21:58,22:46
K2908,8,1025,05:30,NULL
K8409,1,1042,NULL,11:54
K8409,2,1030,14:17,NULL
K8414,1,1018,NULL,06:25
K8414,2,1017,06:53,06:57
K8414,3,1013,07:55,07:58
K8414,4,1011,09:23,09:32
K8414,5,1042,12:11,12:28
K8414,6,1034,13:54,13:57
K8414,7,1030,15:04,NULL
K8586,1,1030,NULL,15:14
K8586,2,1038,17:43,NULL
K8596,1,1030,NULL,16:00
K8596,2,1034,17:01,17:04
K8596,3,1042,18:27,NULL
K8525,1,1030,NULL,16:16
K8525,2,1037,20:11,NULL
G1747,1,1039,NULL,15:40
G1747,2,1035,15:56,15:57
G1747,3,1030,16:24,NULL
G1742,1,1030,NULL,16:58
G1742,2,1035,17:31,17:33
G1742,3,1039,17:50,17:58
G1742,4,1012,18:37,NULL
K1264,1,1022,NULL,11:43
K1264,2,1033,14:23,14:26
K1264,3,1037,15:19,15:26
K1264,4,1030,17:01,17:18
K1264,5,1034,18:19,18:22
K1264,6,1042,19:42,NULL
K606,1,1022,NULL,12:33
K606,2,1037,15:51,15:57
K606,3,1030,17:38,18:00
K606,4,1034,19:01,19:05
K606,5,1042,20:25,NULL
G1745,1,1036,NULL,18:20
G1745,2,1030,18:47,NULL
G7410,1,1030,NULL,20:20
G7410,2,1035,20:53,20:55
G7410,3,1039,21:12,21:14
G7410,4,1012,22:03,NULL
K8597,1,1042,NULL,18:04
K8597,2,1034,19:26,19:30
K8597,3,1030,20:31,NULL
K8421,1,1038,NULL,17:58
K8421,2,1030,20:25,20:40
K8421,3,1037,22:22,NULL
K2276,1,1022,NULL,15:47
K2276,2,1033,18:22,18:27
K2276,3,1037,19:20,19:26
K2276,4,1030,21:03,21:20
K2276,5,1034,22:21,22:24
K2276,6,1042,23:44,NULL
K8499,1,1042,NULL,18:38
K8499,2,1034,20:14,20:18
K8499,3,1030,21:19,21:33
K8499,4,1037,23:07,23:13
K8499,5,1033,00:05,00:08
K8499,6,1022,02:58,03:11
K8499,7,1021,05:59,NULL
T326,1,1021,NULL,14:09
T326,2,1022,17:01,17:16
T326,3,1033,19:55,19:59
T326,4,1037,20:52,21:00
T326,5,1030,22:28,22:41
T326,6,1042,01:10,NULL
K1440,1,1042,NULL,20:04
K1440,2,1034,21:28,21:33
K1440,3,1030,22:54,23:14
K1440,4,1037,00:48,00:54
K1440,5,1033,01:47,01:51
K1440,6,1022,05:00,05:20
K1440,7,1021,09:04,NULL
K8563,1,1042,NULL,20:33
K8563,2,1034,21:57,22:01
K8563,3,1030,23:03,23:20
K8563,4,1037,00:57,01:05
K8563,5,1033,02:03,02:06
K8563,6,1024,04:59,05:08
K8563,7,1021,07:30,NULL
G246,1,1031,NULL,06:40
G246,2,1035,07:18,07:20
G246,3,1039,07:38,07:40
G246,4,1012,08:24,NULL
G7771,1,1031,NULL,06:51
G7771,2,1041,07:34,07:36
G7771,3,1040,07:50,07:52
G7771,4,1032,08:34,NULL
G7773,1,1031,NULL,07:14
G7773,2,1041,07:59,08:01
G7773,3,1040,08:16,08:18
G7773,4,1032,08:59,NULL
G1878,1,1031,NULL,07:25
G1878,2,1036,08:04,08:06
G1878,3,1043,08:46,NULL
G7732,1,1031,NULL,07:32
G7732,2,1036,08:18,08:20
G7732,3,1043,08:54,NULL
G9501,1,1031,NULL,07:45
G9501,2,1037,08:29,08:31
G9501,3,1023,10:15,NULL
G7702,1,1031,NULL,07:50
G7702,2,1036,08:29,08:31
G7702,3,1043,09:11,NULL
G8331,1,1031,NULL,08:00
G8331,2,1032,09:27,NULL
G7645,1,1043,NULL,06:59
G7645,2,1036,07:32,07:34
G7645,3,1031,08:19,08:23
G7645,4,1037,09:07,09:09
G7645,5,1033,09:37,09:39
G7645,6,1023,10:43,10:47
G7645,7,1021,11:38,11:46
G7645,8,1026,13:44,NULL
G7693,1,1031,NULL,08:35
G7693,2,1037,09:19,09:21
G7693,3,1023,10:48,10:52
G7693,4,1021,11:47,NULL
G7772,1,1032,NULL,06:51
G7772,2,1040,07:32,07:34
G7772,3,1041,07:48,07:50
G7772,4,1031,08:42,NULL
G7775,1,1031,NULL,09:01
G7775,2,1041,09:44,09:48
G7775,3,1040,10:04,10:05
G7775,4,1032,10:46,NULL
G7414,1,1045,NULL,07:10
G7414,2,1031,09:05,09:14
G7414,3,1035,10:07,10:09
G7414,4,1039,10:26,NULL
G7722,1,1032,NULL,07:40
G7722,2,1040,08:21,08:23
G7722,3,1031,09:17,09:21
G7722,4,1036,10:11,10:13
G7722,5,1043,10:54,NULL
G2806,1,1023,NULL,07:16
G2806,2,1033,08:13,08:15
G2806,3,1037,08:42,08:44
G2806,4,1031,09:23,09:27
G2806,5,1036,10:06,10:08
G2806,6,1043,10:49,NULL
G7721,1,1043,NULL,08:12
G7721,2,1031,09:26,09:35
G7721,3,1041,10:20,10:22
G7721,4,1040,10:37,10:39
G7721,5,1032,11:20,NULL
G1961,1,1043,NULL,08:41
G1961,2,1036,09:15,09:17
G1961,3,1031,09:55,09:59
G1961,4,1037,10:43,10:45
G1961,5,1033,11:19,11:21
G1961,6,1023,12:26,12:40
G1961,7,1021,13:42,NULL
G7746,1,1045,NULL,08:10
G7746,2,1041,09:12,09:15
G7746,3,1031,10:00,10:02
G7746,4,1036,10:41,10:44
G7746,5,1043,11:25,NULL
G3121,1,1043,NULL,08:59
G3121,2,1036,09:44,09:46
G3121,3,1031,10:24,NULL
G1438,1,1031,NULL,10:39
G1438,2,1037,11:30,11:32
G1438,3,1033,12:07,NULL
G7425,1,1031,NULL,10:39
G7425,2,1037,11:23,11:25
G7425,3,1033,11:53,11:55
G7425,4,1023,12:59,NULL
G7459,1,1031,NULL,10:46
G7459,2,1041,11:31,11:33
G7459,3,1045,12:32,NULL
G7724,1,1021,NULL,06:58
G7724,2,1023,07:57,08:03
G7724,3,1037,09:48,09:50
G7724,4,1031,10:46,10:50
G7724,5,1036,11:29,11:31
G7724,6,1043,12:11,NULL
G7774,1,1032,NULL,09:00
G7774,2,1040,09:41,09:43
G7774,3,1041,09:57,10:03
G7774,4,1031,10:55,NULL
G8333,1,1031,NULL,10:55
G8333,2,1032,12:15,NULL
G3122,1,1031,NULL,11:00
G3122,2,1036,11:39,11:41
G3122,3,1043,12:29,NULL
G584,1,1031,NULL,11:11
G584,2,1037,12:03,12:05
G584,3,1033,12:33,12:35
G584,4,1023,13:58,14:00
G584,5,1021,15:03,NULL
G7777,1,1031,NULL,11:15
G7777,2,1041,11:58,12:00
G7777,3,1040,12:15,12:17
G7777,4,1032,12:58,NULL
G2397,1,1043,NULL,09:55
G2397,2,1036,10:36,10:38
G2397,3,1031,11:16,11:20
G2397,4,1041,12:10,12:12
G2397,5,1045,13:08,13:31
G2397,6,1023,15:11,NULL
G7731,1,1043,NULL,10:05
G7731,2,1036,10:46,10:48
G7731,3,1031,11:27,11:29
G7731,4,1037,12:19,12:21
G7731,5,1033,13:01,13:04
G7731,6,1023,14:03,NULL
G8332,1,1032,NULL,10:00
G8332,2,1031,11:29,NULL
G7428,1,1037,NULL,10:16
G7428,2,1031,11:08,11:31
G7428,3,1035,12:25,12:27
G7428,4,1039,12:44,12:51
G7428,5,1012,13:44,NULL
G7415,1,1039,NULL,10:41
G7415,2,1035,10:57,10:59
G7415,3,1031,11:37,11:41
G7415,4,1041,12:24,12:26
G7415,5,1045,13:29,NULL
G3117,1,1043,NULL,10:35
G3117,2,1031,11:44,11:48
G3117,3,1037,12:25,12:27
G3117,4,1023,13:40,NULL
G8335,1,1031,NULL,11:50
G8335,2,1032,13:17,NULL
G3116,1,1043,NULL,10:24
G3116,2,1036,11:04,11:11
G3116,3,1031,11:49,11:53
G3116,4,1037,12:37,12:40
G3116,5,1033,13:08,13:11
G3116,6,1023,14:10,NULL
G1964,1,1021,NULL,08:18
G1964,2,1023,09:27,09:32
G1964,3,1033,10:36,10:38
G1964,4,1037,11:05,11:07
G1964,5,1031,11:53,11:55
G1964,6,1043,13:20,NULL
G7701,1,1043,NULL,10:48
G7701,2,1036,11:28,11:30
G7701,3,1031,12:08,NULL
G3158,1,1043,NULL,11:09
G3158,2,1036,11:42,11:45
G3158,3,1031,12:23,12:26
G3158,4,1040,13:13,13:15
G3158,5,1032,13:59,NULL
G7706,1,1031,NULL,12:47
G7706,2,1036,13:33,13:35
G7706,3,1043,14:15,NULL
G7776,1,1032,NULL,11:10
G7776,2,1040,11:51,11:53
G7776,3,1041,12:07,12:09
G7776,4,1031,12:55,NULL
G7564,1,1023,NULL,10:27
G7564,2,1033,11:31,11:33
G7564,3,1037,12:00,12:02
G7564,4,1031,12:53,NULL
G7435,1,1031,NULL,13:12
G7435,2,1037,13:56,13:58
G7435,3,1033,14:33,NULL
G7779,1,1031,NULL,13:22
G7779,2,1041,14:07,14:09
G7779,3,1040,14:24,14:26
G7779,4,1032,15:07,NULL
G1792,1,1031,NULL,13:44
G1792,2,1037,14:33,14:35
G1792,3,1033,15:03,15:05
G1792,4,1023,16:02,NULL
G7670,1,1026,NULL,08:15
G7670,2,1021,10:07,10:10
G7670,3,1023,11:09,11:11
G7670,4,1033,12:10,12:12
G7670,5,1037,12:39,12:41
G7670,6,1031,13:40,NULL
G7723,1,1043,NULL,12:38
G7723,2,1036,13:19,13:21
G7723,3,1031,14:00,14:02
G7723,4,1041,14:44,14:48
G7723,5,1040,15:03,15:06
G7723,6,1032,15:48,NULL
G8334,1,1032,NULL,12:50
G8334,2,1031,14:11,NULL
G1182,1,1033,NULL,12:48
G1182,2,1037,13:21,13:23
G1182,3,1031,14:15,NULL
G7417,1,1031,NULL,14:24
G7417,2,1037,15:15,15:17
G7417,3,1033,15:53,NULL
G8337,1,1031,NULL,14:30
G8337,2,1032,15:57,NULL
G7440,1,1023,NULL,12:18
G7440,2,1033,13:21,13:23
G7440,3,1037,13:50,13:52
G7440,4,1031,14:38,NULL
G7439,1,1031,NULL,14:57
G7439,2,1037,15:41,15:43
G7439,3,1033,16:16,16:18
G7439,4,1023,17:22,NULL
G7742,1,1032,NULL,13:18
G7742,2,1040,13:59,14:01
G7742,3,1041,14:15,14:17
G7742,4,1031,15:01,15:05
G7742,5,1036,15:44,15:46
G7742,6,1043,16:26,NULL
G1184,1,1031,NULL,15:09
G1184,2,1037,16:03,16:05
G1184,3,1033,16:34,NULL
G7778,1,1032,NULL,13:40
G7778,2,1040,14:21,14:23
G7778,3,1031,15:17,NULL
G7442,1,1023,NULL,12:52
G7442,2,1033,13:55,13:57
G7442,3,1037,14:24,14:26
G7442,4,1031,15:12,15:19
G7442,5,1036,15:58,16:00
G7442,6,1043,16:42,NULL
G7781,1,1031,NULL,15:36
G7781,2,1041,16:19,16:21
G7781,3,1040,16:36,16:38
G7781,4,1032,17:19,NULL
G8336,1,1032,NULL,14:10
G8336,2,1031,15:38,NULL
G7416,1,1045,NULL,13:58
G7416,2,1041,14:54,14:56
G7416,3,1031,15:47,NULL
G7688,1,1031,NULL,15:49
G7688,2,1037,16:48,16:50
G7688,3,1033,17:18,17:20
G7688,4,1023,18:18,NULL
G7419,1,1031,NULL,16:07
G7419,2,1041,16:57,16:59
G7419,3,1045,17:55,NULL
G3160,1,1023,NULL,13:46
G3160,2,1033,14:44,14:46
G3160,3,1037,15:13,15:15
G3160,4,1031,16:01,16:08
G3160,5,1036,16:47,16:49
G3160,6,1043,17:22,NULL
G7436,1,1033,NULL,14:52
G7436,2,1037,15:25,15:27
G7436,3,1031,16:13,NULL
G8339,1,1031,NULL,16:15
G8339,2,1032,17:35,NULL
D658,1,1031,NULL,16:18
D658,2,1037,17:06,17:08
D658,3,1033,17:35,17:37
D658,4,1023,18:46,18:49
D658,5,1021,20:17,NULL
G7705,1,1043,NULL,14:48
G7705,2,1031,16:19,16:25
G7705,3,1037,17:16,17:18
G7705,4,1033,17:52,17:54
G7705,5,1023,19:06,NULL
G3118,1,1023,NULL,14:30
G3118,2,1037,15:42,15:44
G3118,3,1031,16:23,16:27
G3118,4,1043,17:35,NULL
G7708,1,1023,NULL,14:19
G7708,2,1033,15:10,15:20
G7708,3,1037,15:47,15:49
G7708,4,1031,16:28,16:32
G7708,5,1036,17:11,17:13
G7708,6,1043,17:53,NULL
G7437,1,1031,NULL,16:39
G7437,2,1037,17:23,17:25
G7437,3,1033,18:00,NULL
G3114,1,1023,NULL,14:37
G3114,2,1033,15:34,15:36
G3114,3,1037,16:09,16:11
G3114,4,1031,16:50,16:56
G3114,5,1036,17:35,17:37
G3114,6,1043,18:22,NULL
G3156,1,1032,NULL,15:41
G3156,2,1040,16:22,16:24
G3156,3,1031,17:12,17:15
G3156,4,1036,17:54,17:56
G3156,5,1043,18:29,NULL
G7780,1,1032,NULL,15:31
G7780,2,1040,16:12,16:14
G7780,3,1031,17:25,NULL
G1790,1,1023,NULL,14:52
G1790,2,1033,16:00,16:02
G1790,3,1037,16:35,16:37
G1790,4,1031,17:23,NULL
G1963,1,1043,NULL,16:05
G1963,2,1036,16:47,16:49
G1963,3,1031,17:28,17:32
G1963,4,1037,18:16,18:18
G1963,5,1033,18:46,18:48
G1963,6,1023,19:46,19:52
G1963,7,1021,20:45,NULL
G1962,1,1021,NULL,14:01
G1962,2,1023,15:00,15:07
G1962,3,1037,16:40,16:43
G1962,4,1031,17:30,17:34
G1962,5,1036,18:13,18:15
G1962,6,1043,18:50,NULL
G2395,1,1023,NULL,13:39
G2395,2,1024,13:48,13:50
G2395,3,1045,15:27,15:47
G2395,4,1041,16:49,16:51
G2395,5,1031,17:35,17:40
G2395,6,1036,18:19,18:21
G2395,7,1043,19:02,NULL
G7741,1,1043,NULL,16:12
G7741,2,1036,16:52,16:54
G7741,3,1031,17:33,17:41
G7741,4,1041,18:24,18:26
G7741,5,1040,18:41,18:43
G7741,6,1032,19:24,NULL
G7424,1,1032,NULL,16:15
G7424,2,1040,16:56,16:58
G7424,3,1041,17:12,17:14
G7424,4,1031,17:51,NULL
G7783,1,1031,NULL,17:52
G7783,2,1041,18:35,18:37
G7783,3,1040,18:52,18:54
G7783,4,1032,19:35,NULL
G8338,1,1032,NULL,16:32
G8338,2,1031,17:52,NULL
G3196,1,1023,NULL,15:28
G3196,2,1033,16:32,16:35
G3196,3,1037,17:08,17:10
G3196,4,1031,17:56,18:01
G3196,5,1036,18:40,18:42
G3196,6,1043,19:15,NULL
G7460,1,1045,NULL,16:15
G7460,2,1041,17:19,17:21
G7460,3,1031,18:07,NULL
G3123,1,1043,NULL,16:37
G3123,2,1036,17:22,17:24
G3123,3,1031,18:09,NULL
G7441,1,1043,NULL,17:03
G7441,2,1036,17:36,17:38
G7441,3,1031,18:16,18:20
G7441,4,1037,19:04,19:06
G7441,5,1033,19:34,19:36
G7441,6,1023,20:39,NULL
G1436,1,1033,NULL,17:12
G1436,2,1037,17:39,17:41
G1436,3,1031,18:34,NULL
G7707,1,1043,NULL,17:26
G7707,2,1036,18:06,18:08
G7707,3,1031,18:46,NULL
G3124,1,1031,NULL,19:03
G3124,2,1036,19:49,19:51
G3124,3,1043,20:39,NULL
G582,1,1021,NULL,15:37
G582,2,1023,16:40,16:44
G582,3,1033,17:48,17:50
G582,4,1037,18:17,18:19
G582,5,1031,19:05,NULL
G248,1,1012,NULL,17:33
G248,2,1035,18:31,18:33
G248,3,1031,19:19,NULL
G7430,1,1012,NULL,17:50
G7430,2,1039,18:26,18:28
G7430,3,1035,18:44,18:46
G7430,4,1031,19:25,19:29
G7430,5,1037,20:14,NULL
G8340,1,1032,NULL,18:20
G8340,2,1031,19:33,NULL
G7782,1,1032,NULL,18:00
G7782,2,1040,18:41,18:43
G7782,3,1031,19:37,NULL
G7743,1,1043,NULL,18:30
G7743,2,1036,19:10,19:12
G7743,3,1031,19:50,19:54
G7743,4,1041,20:44,20:46
G7743,5,1040,21:01,21:03
G7743,6,1032,21:44,NULL
G7438,1,1033,NULL,18:36
G7438,2,1037,19:09,19:11
G7438,3,1031,19:57,NULL
G2805,1,1043,NULL,18:45
G2805,2,1036,19:26,19:28
G2805,3,1031,20:07,20:11
G2805,4,1037,20:55,20:57
G2805,5,1033,21:25,21:27
G2805,6,1023,22:24,NULL
D2264,1,1031,NULL,20:19
D2264,2,1037,21:07,21:09
D2264,3,1033,21:36,21:38
D2264,4,1023,22:47,NULL
G7646,1,1026,NULL,14:33
G7646,2,1021,16:31,16:36
G7646,3,1023,17:43,17:45
G7646,4,1033,18:38,18:41
G7646,5,1037,19:15,19:17
G7646,6,1031,20:03,20:19
G7646,7,1036,20:58,21:00
G7646,8,1043,21:40,NULL
G7785,1,1031,NULL,20:25
G7785,2,1041,21:08,21:10
G7785,3,1040,21:25,21:27
G7785,4,1032,22:08,NULL
G7426,1,1023,NULL,18:10
G7426,2,1033,19:21,19:23
G7426,3,1037,19:50,19:52
G7426,4,1031,20:38,NULL
G7747,1,1043,NULL,19:16
G7747,2,1036,19:56,19:58
G7747,3,1031,20:37,20:41
G7747,4,1041,21:17,21:19
G7747,5,1045,22:15,NULL
G3170,1,1043,NULL,20:05
G3170,2,1036,20:52,20:54
G3170,3,1031,21:32,NULL
G7744,1,1032,NULL,19:48
G7744,2,1040,20:29,20:31
G7744,3,1041,20:45,20:47
G7744,4,1031,21:31,21:35
G7744,5,1036,22:14,22:16
G7744,6,1043,22:49,NULL
G7784,1,1032,NULL,19:58
G7784,2,1040,20:39,20:41
G7784,3,1041,20:55,20:57
G7784,4,1031,21:42,NULL
G9502,1,1023,NULL,20:19
G9502,2,1033,21:09,21:11
G9502,3,1037,21:38,21:40
G9502,4,1031,22:19,NULL
G7786,1,1032,NULL,20:54
G7786,2,1040,21:35,21:37
G7786,3,1031,22:24,NULL
G7538,1,1026,NULL,17:22
G7538,2,1021,19:13,19:16
G7538,3,1023,20:23,20:27
G7538,4,1033,21:24,21:26
G7538,5,1037,21:53,21:56
G7538,6,1031,22:36,NULL
1148,1,1011,NULL,06:56
1148,2,1013,08:13,08:17
1148,3,1017,09:15,09:19
1148,4,1018,09:51,NULL
K1598,1,1013,NULL,01:06
K1598,2,1011,03:18,NULL
G1852,1,1012,NULL,10:37
G1852,2,1017,13:01,NULL
1552,1,1018,NULL,08:27
1552,2,1017,08:55,09:01
1552,3,1013,10:00,10:04
1552,4,1011,11:31,NULL
K1596,1,1011,NULL,22:36
K1596,2,1013,00:19,NULL
K245,1,1014,NULL,13:15
K245,2,1013,17:15,17:19
K245,3,1011,18:35,NULL
G2630,1,1017,NULL,20:22
G2630,2,1014,21:55,NULL
G2632,1,1014,NULL,07:20
G2632,2,1017,08:55,NULL
1551,1,1011,NULL,03:45
1551,2,1013,05:09,05:12
1551,3,1017,06:32,06:43
1551,4,1018,07:12,NULL
G7659,1,1023,NULL,06:33
G7659,2,1021,07:45,07:47
G7659,3,1026,09:53,NULL
Z31,1,1028,NULL,04:59
Z31,2,1021,08:38,NULL
G7482,1,1026,NULL,06:37
G7482,2,1021,08:40,08:48
G7482,3,1024,09:57,10:19
G7482,4,1045,11:52,NULL
G7402,1,1021,NULL,12:05
G7402,2,1023,13:04,13:10
G7402,3,1033,14:14,14:16
G7402,4,1040,15:30,15:32
G7402,5,1032,16:14,NULL
D4653,1,1026,NULL,12:39
D4653,2,1021,14:36,NULL
D4651,1,1021,NULL,15:05
D4651,2,1026,16:52,NULL
D3169,1,1023,NULL,16:24
D3169,2,1021,17:27,17:33
D3169,3,1026,19:29,NULL
G7484,1,1045,NULL,15:20
G7484,2,1024,17:04,17:24
G7484,3,1021,18:26,18:32
G7484,4,1026,20:36,NULL
G7408,1,1032,NULL,08:42
G7408,2,1040,09:23,09:25
G7408,3,1033,10:39,10:41
G7408,4,1023,11:46,NULL
G7404,1,1032,NULL,16:34
G7404,2,1040,17:15,17:17
G7404,3,1033,18:23,18:26
G7404,4,1023,19:33,NULL
G7406,1,1023,NULL,17:40
G7406,2,1033,18:48,18:52
G7406,3,1040,19:59,20:01
G7406,4,1032,20:42,NULL
K246,1,1011,NULL,23:59
K246,2,1013,01:15,01:18
K246,3,1014,04:13,NULL
G1838,1,1017,NULL,10:41
G1838,2,1012,12:59,NULL
K1624,1,1042,NULL,23:27
K1624,2,1011,02:37,03:04
K1624,3,1013,04:31,04:36
K1624,4,1017,05:36,05:40
K1624,5,1018,06:08,NULL
K8399,1,1011,NULL,06:42
K8399,2,1013,08:06,08:09
K8399,3,1017,09:07,09:12
K8399,4,1018,09:40,NULL
K8380,1,1018,NULL,08:46
K8380,2,1017,09:14,09:20
K8380,3,1013,10:13,10:18
K8380,4,1011,11:42,NULL
K8373,1,1011,NULL,14:05
K8373,2,1013,15:29,15:32
K8373,3,1017,16:23,16:27
K8373,4,1018,16:55,NULL
K8379,1,1011,NULL,15:20
K8379,2,1013,16:44,16:47
K8379,3,1017,17:46,17:51
K8379,4,1018,18:19,NULL
K8395,1,1011,NULL,17:31
K8395,2,1013,18:57,19:01
K8395,3,1017,20:01,20:08
K8395,4,1018,20:36,NULL
K1626,1,1018,NULL,16:36
K1626,2,1017,17:05,17:13
K1626,3,1013,18:18,18:22
K1626,4,1011,19:47,20:00
K1626,5,1042,22:39,NULL
K1068,1,1042,NULL,16:51
K1068,2,1011,20:06,20:30
K1068,3,1013,22:21,NULL
K1066,1,1013,NULL,19:21
K1066,2,1011,21:04,21:23
K1066,3,1042,00:11,NULL
D5681,1,1012,NULL,07:00
D5681,2,1017,09:35,NULL
D5667,1,1012,NULL,07:50
D5667,2,1014,10:00,NULL
D5691,1,1017,NULL,07:40
D5691,2,1012,10:17,NULL
D5669,1,1012,NULL,10:45
D5669,2,1014,12:42,NULL
D5668,1,1014,NULL,09:05
D5668,2,1012,11:14,NULL
D5671,1,1012,NULL,11:40
D5671,2,1014,13:42,NULL
D5670,1,1014,NULL,10:18
D5670,2,1012,12:13,NULL
D5683,1,1017,NULL,09:55
D5683,2,1012,12:26,NULL
D5673,1,1012,NULL,12:31
D5673,2,1014,14:27,NULL
D5685,1,1012,NULL,12:49
D5685,2,1017,15:20,NULL
G2641,1,1012,NULL,13:01
G2641,2,1014,15:05,NULL
D5672,1,1014,NULL,13:05
D5672,2,1012,15:02,NULL
D5675,1,1012,NULL,15:28
D5675,2,1014,17:30,NULL
D5674,1,1014,NULL,14:06
D5674,2,1012,16:10,NULL
D5677,1,1012,NULL,16:36
D5677,2,1014,18:37,NULL
D5676,1,1014,NULL,14:50
D5676,2,1012,16:53,NULL
D5679,1,1012,NULL,17:30
D5679,2,1014,19:39,NULL
G2642,1,1014,NULL,16:30
G2642,2,1012,18:33,NULL
D5687,1,1017,NULL,16:04
D5687,2,1012,18:42,NULL
D5689,1,1012,NULL,19:00
D5689,2,1017,21:31,NULL
D5678,1,1014,NULL,18:00
D5678,2,1012,20:09,NULL
G1851,1,1017,NULL,18:29
G1851,2,1012,20:53,NULL
D5680,1,1014,NULL,19:10
D5680,2,1012,21:12,NULL
G2059,1,1017,NULL,12:59
G2059,2,1014,14:35,NULL
G2060,1,1014,NULL,14:38
G2060,2,1017,16:13,NULL
Z45,1,1028,NULL,05:06
Z45,2,1022,06:59,NULL
D5491,1,1022,NULL,08:45
D5491,2,1028,10:19,10:23
D5491,3,1027,11:08,NULL
T7786,1,1028,NULL,07:40
T7786,2,1022,09:50,NULL
T7785,1,1022,NULL,16:08
T7785,2,1028,17:58,NULL
D5492,1,1027,NULL,17:11
D5492,2,1028,17:53,17:56
D5492,3,1022,19:31,NULL
Z47,1,1022,NULL,22:45
Z47,2,1028,00:25,NULL
G7361,1,1023,NULL,05:50
G7361,2,1028,06:40,06:42
G7361,3,1027,07:03,NULL
D5586,1,1045,NULL,05:52
D5586,2,1023,07:18,NULL
D5590,1,1045,NULL,06:00
D5590,2,1023,07:32,NULL
D5577,1,1023,NULL,09:00
D5577,2,1045,10:52,NULL
D5578,1,1045,NULL,11:12
D5578,2,1023,12:59,NULL
D5581,1,1023,NULL,13:22
D5581,2,1045,15:08,NULL
D5582,1,1045,NULL,12:58
D5582,2,1023,14:54,NULL
D5579,1,1023,NULL,16:07
D5579,2,1045,17:50,NULL
D5585,1,1023,NULL,19:25
D5585,2,1045,21:09,NULL
D5580,1,1045,NULL,18:15
D5580,2,1023,20:07,NULL
D5589,1,1023,NULL,21:00
D5589,2,1045,22:32,NULL
