train_no,station_order,station_id,station_name,arrival_time,departure_time,train_type
K1258,1,1027,衢州,NULL,16:34,快速
K1258,2,1028,金华,17:30,17:45,快速
K1258,3,1019,丽水,20:52,20:54,快速
K1258,4,1025,温州,23:17,NULL,快速
K1256,1,1025,温州,NULL,20:00,快速
K1256,2,1019,丽水,21:58,22:00,快速
K1256,3,1029,金华南,00:08,00:20,快速
K1256,4,1028,金华,00:43,00:58,快速
K1256,5,1027,衢州,01:56,NULL,快速
K1047,1,1042,阜阳,NULL,19:18,快速
K1047,2,1038,蚌埠,22:34,22:40,快速
K1047,3,1004,南京,01:03,01:11,快速
K1047,4,1009,常州,02:31,02:35,快速
K1047,5,1015,苏州,03:37,03:42,快速
K1047,6,1001,上海,05:04,NULL,快速
K1558,1,1040,铜陵,NULL,21:35,快速
K1558,2,1037,芜湖,23:09,23:15,快速
K1558,3,1004,南京,01:08,01:30,快速
K1558,4,1009,常州,02:58,03:02,快速
K1558,5,1015,苏州,04:02,04:06,快速
K1558,6,1001,上海,05:23,NULL,快速
Z378,1,1011,徐州,NULL,21:51,直达特快
Z378,2,1038,蚌埠,23:34,23:39,直达特快
Z378,3,1004,南京,01:37,01:45,直达特快
Z378,4,1009,常州,03:06,03:10,直达特快
Z378,5,1015,苏州,04:09,04:14,直达特快
Z378,6,1001,上海,05:29,NULL,直达特快
K292,1,1011,徐州,NULL,21:57,快速
K292,2,1038,蚌埠,23:40,23:45,快速
K292,3,1004,南京,01:43,01:51,快速
K292,4,1009,常州,03:12,03:17,快速
K292,5,1015,苏州,04:25,04:30,快速
K292,6,1001,上海,05:35,NULL,快速
G7072,1,1001,上海,NULL,05:48,高速动车
G7072,2,1015,苏州,06:15,06:17,高速动车
G7072,3,1009,常州,06:49,06:51,高速动车
G7072,4,1005,南京南,07:50,07:54,高速动车
G7072,5,1037,芜湖,08:37,08:39,高速动车
G7072,6,1040,铜陵,09:17,09:19,高速动车
G7072,7,1032,安庆,10:00,NULL,高速动车
G7032,1,1001,上海,NULL,05:53,高速动车
G7032,2,1015,苏州,06:25,06:27,高速动车
G7032,3,1009,常州,06:59,07:01,高速动车
G7032,4,1004,南京,07:53,NULL,高速动车
K359,1,1011,徐州,NULL,22:13,快速
K359,2,1004,南京,02:04,02:12,快速
K359,3,1009,常州,03:39,03:43,快速
K359,4,1015,苏州,04:42,04:46,快速
K359,5,1001,上海,05:56,NULL,快速
K8484,1,1042,阜阳,NULL,20:30,快速
K8484,2,1038,蚌埠,00:04,00:10,快速
K8484,3,1004,南京,02:10,02:18,快速
K8484,4,1009,常州,03:45,03:49,快速
K8484,5,1015,苏州,04:48,04:52,快速
K8484,6,1001,上海,06:03,NULL,快速
D308,1,1011,徐州,NULL,00:38,动车组
D308,2,1004,南京,03:28,03:34,动车组
D308,3,1009,常州,04:35,04:37,动车组
D308,4,1015,苏州,05:22,05:24,动车组
D308,5,1001,上海,06:20,NULL,动车组
G7076,1,1001,上海,NULL,06:20,高速动车
G7076,2,1015,苏州,06:52,06:54,高速动车
G7076,3,1009,常州,07:31,07:33,高速动车
G7076,4,1005,南京南,08:34,08:36,高速动车
G7076,5,1037,芜湖,09:13,09:15,高速动车
G7076,6,1040,铜陵,09:47,09:49,高速动车
G7076,7,1032,安庆,10:30,NULL,高速动车
D312,1,1011,徐州,NULL,00:46,动车组
D312,2,1004,南京,03:34,03:40,动车组
D312,3,1009,常州,04:41,04:43,动车组
D312,4,1015,苏州,05:28,05:30,动车组
D312,5,1001,上海,06:26,NULL,动车组
K8431,1,1038,蚌埠,NULL,23:52,快速
K8431,2,1004,南京,01:50,01:58,快速
K8431,3,1015,苏州,04:54,04:58,快速
K8431,4,1001,上海,06:33,NULL,快速
G8266,1,1001,上海,NULL,06:38,高速动车
G8266,2,1015,苏州,07:33,07:35,高速动车
G8266,3,1009,常州,08:06,08:08,高速动车
G8266,4,1017,连云港,10:45,NULL,高速动车
K154,1,1004,南京,NULL,02:50,快速
K154,2,1009,常州,04:13,04:17,快速
K154,3,1015,苏州,05:15,05:18,快速
K154,4,1001,上海,06:40,NULL,快速
G7002,1,1001,上海,NULL,06:48,高速动车
G7002,2,1015,苏州,07:20,07:22,高速动车
G7002,3,1009,常州,07:54,07:56,高速动车
G7002,4,1004,南京,08:41,NULL,高速动车
1461,1,1011,徐州,NULL,22:57,普快
1461,2,1038,蚌埠,00:47,00:51,普快
1461,3,1004,南京,02:56,03:03,普快
1461,4,1009,常州,04:23,04:26,普快
1461,5,1015,苏州,05:50,05:54,普快
1461,6,1001,上海,07:00,NULL,普快
G6,1,1001,上海,NULL,07:00,高速动车
G6,2,1016,苏州北,07:25,07:27,高速动车
G6,3,1005,南京南,08:11,NULL,高速动车
G222,1,1001,上海,NULL,07:05,高速动车
G222,2,1016,苏州北,07:33,07:35,高速动车
G222,3,1005,南京南,08:23,08:25,高速动车
G222,4,1012,徐州东,09:41,NULL,高速动车
K284,1,1011,徐州,NULL,23:40,快速
K284,2,1038,蚌埠,01:23,01:27,快速
K284,3,1004,南京,03:44,03:53,快速
K284,4,1001,上海,07:07,NULL,快速
G7034,1,1001,上海,NULL,07:10,高速动车
G7034,2,1015,苏州,07:43,07:45,高速动车
G7034,3,1009,常州,08:25,08:27,高速动车
G7034,4,1004,南京,09:19,NULL,高速动车
G7213,1,1015,苏州,NULL,06:40,高速动车
G7213,2,1001,上海,07:19,NULL,高速动车
G7203,1,1015,苏州,NULL,06:53,高速动车
G7203,2,1001,上海,07:25,NULL,高速动车
G7029,1,1004,南京,NULL,05:36,高速动车
G7029,2,1009,常州,06:28,06:30,高速动车
G7029,3,1015,苏州,07:01,07:03,高速动车
G7029,4,1001,上海,07:30,NULL,高速动车
G7080,1,1001,上海,NULL,07:31,高速动车
G7080,2,1015,苏州,08:09,08:11,高速动车
G7080,3,1009,常州,08:42,08:44,高速动车
G7080,4,1005,南京南,09:42,09:45,高速动车
G7080,5,1037,芜湖,10:28,10:30,高速动车
G7080,6,1040,铜陵,11:08,11:10,高速动车
G7080,7,1032,安庆,11:51,NULL,高速动车
G7358,1,1022,杭州,NULL,06:10,高速动车
G7358,2,1020,嘉兴南,06:39,06:41,高速动车
G7358,3,1003,上海虹桥,07:08,07:10,高速动车
G7358,4,1001,上海,07:37,NULL,高速动车
G7211,1,1009,常州,NULL,06:35,高速动车
G7211,2,1015,苏州,07:06,07:08,高速动车
G7211,3,1001,上海,07:42,NULL,高速动车
G8268,1,1001,上海,NULL,07:42,高速动车
G8268,2,1015,苏州,08:14,08:16,高速动车
G8268,3,1009,常州,08:47,NULL,高速动车
D709,1,1004,南京,NULL,05:16,动车组
D709,2,1009,常州,06:18,06:20,动车组
D709,3,1001,上海,07:44,NULL,动车组
C3804,1,1006,南通,NULL,06:15,城际动车
C3804,2,1001,上海,07:49,NULL,城际动车
G7031,1,1004,南京,NULL,06:00,高速动车
G7031,2,1001,上海,07:54,NULL,高速动车
C3852,1,1001,上海,NULL,07:55,城际动车
C3852,2,1007,南通西,09:24,09:26,城际动车
C3852,3,1004,南京,11:51,NULL,城际动车
G7004,1,1001,上海,NULL,08:00,高速动车
G7004,2,1015,苏州,08:25,08:27,高速动车
G7004,3,1009,常州,08:59,09:01,高速动车
G7004,4,1004,南京,09:40,NULL,高速动车
G7268,1,1001,上海,NULL,08:05,高速动车
G7268,2,1015,苏州,08:37,08:39,高速动车
G7268,3,1009,常州,09:10,09:12,高速动车
G7268,4,1005,南京南,10:05,10:08,高速动车
G7268,5,1030,合肥,10:59,11:05,高速动车
G7268,6,1036,淮南南,11:44,NULL,高速动车
G7317,1,1001,上海,NULL,08:05,高速动车
G7317,2,1003,上海虹桥,08:34,08:36,高速动车
G7317,3,1020,嘉兴南,09:04,09:11,高速动车
G7317,4,1023,杭州东,09:36,09:41,高速动车
G7317,5,1045,黄山北,11:30,NULL,高速动车
K8361,1,1042,阜阳,NULL,18:30,快速
K8361,2,1030,合肥,22:15,22:35,快速
K8361,3,1037,芜湖,00:13,00:38,快速
K8361,4,1004,南京,02:52,03:10,快速
K8361,5,1009,常州,04:50,04:59,快速
K8361,6,1015,苏州,06:03,06:13,快速
K8361,7,1001,上海,08:05,NULL,快速
G7209,1,1015,苏州,NULL,07:26,高速动车
G7209,2,1001,上海,08:07,NULL,高速动车
G7036,1,1001,上海,NULL,08:10,高速动车
G7036,2,1015,苏州,08:42,08:44,高速动车
G7036,3,1004,南京,10:14,NULL,高速动车
Z94,1,1015,苏州,NULL,07:18,直达特快
Z94,2,1001,上海,08:11,NULL,直达特快
G7232,1,1001,上海,NULL,08:15,高速动车
G7232,2,1009,常州,09:31,09:33,高速动车
G7232,3,1005,南京南,10:25,10:32,高速动车
G7232,4,1031,合肥南,11:27,NULL,高速动车
G7033,1,1009,常州,NULL,07:00,高速动车
G7033,2,1015,苏州,07:34,07:36,高速动车
G7033,3,1001,上海,08:18,NULL,高速动车
C3808,1,1006,南通,NULL,06:47,城际动车
C3808,2,1001,上海,08:20,NULL,城际动车
G8276,1,1001,上海,NULL,08:25,高速动车
G8276,2,1015,苏州,09:06,09:08,高速动车
G8276,3,1009,常州,09:38,NULL,高速动车
K8358,1,1018,连云港东,NULL,19:30,快速
K8358,2,1017,连云港,19:58,20:03,快速
K8358,3,1013,新沂,21:02,21:06,快速
K8358,4,1011,徐州,22:30,22:39,快速
K8358,5,1038,蚌埠,01:09,01:13,快速
K8358,6,1004,南京,03:12,03:20,快速
K8358,7,1009,常州,05:05,05:17,快速
K8358,8,1015,苏州,07:06,07:09,快速
K8358,9,1001,上海,08:28,NULL,快速
D952,1,1001,上海,NULL,08:30,动车组
D952,2,1005,南京南,10:12,10:16,动车组
D952,3,1031,合肥南,11:06,NULL,动车组
G7035,1,1004,南京,NULL,06:30,高速动车
G7035,2,1009,常州,07:15,07:17,高速动车
G7035,3,1015,苏州,07:55,07:57,高速动车
G7035,4,1001,上海,08:35,NULL,高速动车
G7084,1,1001,上海,NULL,08:37,高速动车
G7084,2,1015,苏州,09:11,09:13,高速动车
G7084,3,1009,常州,09:43,09:45,高速动车
G7084,4,1005,南京南,10:40,10:46,高速动车
G7084,5,1037,芜湖,11:23,11:25,高速动车
G7084,6,1040,铜陵,12:03,12:05,高速动车
G7084,7,1032,安庆,12:46,NULL,高速动车
G7001,1,1004,南京,NULL,07:00,高速动车
G7001,2,1009,常州,07:39,07:41,高速动车
G7001,3,1015,苏州,08:12,08:14,高速动车
G7001,4,1001,上海,08:39,NULL,高速动车
K290,1,1001,上海,NULL,08:45,快速
K290,2,1015,苏州,09:54,09:58,快速
K290,3,1009,常州,11:09,11:13,快速
K290,4,1004,南京,12:47,12:59,快速
K290,5,1038,蚌埠,15:05,15:14,快速
K290,6,1011,徐州,17:17,NULL,快速
C3856,1,1001,上海,NULL,08:51,城际动车
C3856,2,1007,南通西,10:15,10:17,城际动车
C3856,3,1004,南京,12:48,NULL,城际动车
Z376,1,1001,上海,NULL,08:57,直达特快
Z376,2,1015,苏州,10:01,10:04,直达特快
Z376,3,1009,常州,10:57,11:01,直达特快
Z376,4,1004,南京,12:41,12:47,直达特快
Z376,5,1038,蚌埠,14:58,15:08,直达特快
Z376,6,1011,徐州,16:55,NULL,直达特快
G7037,1,1005,南京南,NULL,06:40,高速动车
G7037,2,1009,常州,07:33,07:35,高速动车
G7037,3,1015,苏州,08:06,08:08,高速动车
G7037,4,1001,上海,08:58,NULL,高速动车
K1101,1,1011,徐州,NULL,00:14,快速
K1101,2,1038,蚌埠,02:16,02:21,快速
K1101,3,1004,南京,04:20,04:28,快速
K1101,4,1009,常州,06:42,06:46,快速
K1101,5,1015,苏州,07:45,07:49,快速
K1101,6,1001,上海,08:59,NULL,快速
G7006,1,1001,上海,NULL,09:00,高速动车
G7006,2,1015,苏州,09:25,09:27,高速动车
G7006,3,1009,常州,09:58,10:00,高速动车
G7006,4,1004,南京,10:41,NULL,高速动车
K516,1,1001,上海,NULL,09:03,快速
K516,2,1015,苏州,10:19,10:23,快速
K516,3,1009,常州,11:22,11:25,快速
K516,4,1004,南京,12:53,13:05,快速
K516,5,1038,蚌埠,15:18,15:22,快速
K516,6,1011,徐州,17:58,NULL,快速
K233,1,1011,徐州,NULL,23:31,快速
K233,2,1004,南京,03:18,03:47,快速
K233,3,1009,常州,05:25,05:29,快速
K233,4,1015,苏州,07:23,07:27,快速
K233,5,1001,上海,09:05,NULL,快速
G7038,1,1001,上海,NULL,09:08,高速动车
G7038,2,1015,苏州,09:48,09:50,高速动车
G7038,3,1009,常州,10:21,10:23,高速动车
G7038,4,1004,南京,11:19,NULL,高速动车
G8262,1,1001,上海,NULL,09:08,高速动车
G8262,2,1015,苏州,09:48,09:50,高速动车
G8262,3,1009,常州,10:21,10:23,高速动车
G8262,4,1017,连云港,13:12,NULL,高速动车
G7039,1,1004,南京,NULL,07:15,高速动车
G7039,2,1015,苏州,08:40,08:42,高速动车
G7039,3,1001,上海,09:15,NULL,高速动车
G8272,1,1001,上海,NULL,09:17,高速动车
G8272,2,1015,苏州,09:53,09:55,高速动车
G8272,3,1009,常州,10:41,10:48,高速动车
G8272,4,1012,徐州东,13:33,NULL,高速动车
D705,1,1004,南京,NULL,06:52,动车组
D705,2,1001,上海,09:21,NULL,动车组
K360,1,1001,上海,NULL,09:23,快速
K360,2,1015,苏州,10:25,10:29,快速
K360,3,1009,常州,11:28,11:31,快速
K360,4,1004,南京,13:08,13:14,快速
K360,5,1038,蚌埠,15:24,15:28,快速
K360,6,1011,徐州,17:45,NULL,快速
G7274,1,1037,芜湖,NULL,06:42,高速动车
G7274,2,1005,南京南,07:19,07:24,高速动车
G7274,3,1009,常州,08:22,08:24,高速动车
G7274,4,1015,苏州,08:56,08:58,高速动车
G7274,5,1001,上海,09:30,NULL,高速动车
G7043,1,1005,南京南,NULL,07:12,高速动车
G7043,2,1015,苏州,08:45,08:47,高速动车
G7043,3,1001,上海,09:35,NULL,高速动车
G7319,1,1001,上海,NULL,09:38,高速动车
G7319,2,1003,上海虹桥,10:05,10:08,高速动车
G7319,3,1020,嘉兴南,10:37,10:39,高速动车
G7319,4,1023,杭州东,11:03,11:14,高速动车
G7319,5,1045,黄山北,12:46,NULL,高速动车
G7003,1,1004,南京,NULL,08:00,高速动车
G7003,2,1009,常州,08:39,08:41,高速动车
G7003,3,1015,苏州,09:12,09:14,高速动车
G7003,4,1001,上海,09:39,NULL,高速动车
G7040,1,1001,上海,NULL,09:53,高速动车
G7040,2,1015,苏州,10:30,10:32,高速动车
G7040,3,1009,常州,11:03,11:05,高速动车
G7040,4,1004,南京,11:51,NULL,高速动车
C3854,1,1004,南京,NULL,06:15,城际动车
C3854,2,1007,南通西,08:33,08:35,城际动车
C3854,3,1001,上海,09:54,NULL,城际动车
C3860,1,1001,上海,NULL,09:56,城际动车
C3860,2,1007,南通西,11:26,11:28,城际动车
C3860,3,1004,南京,13:53,NULL,城际动车
G7008,1,1001,上海,NULL,10:00,高速动车
G7008,2,1015,苏州,10:25,10:27,高速动车
G7008,3,1009,常州,10:58,11:00,高速动车
G7008,4,1004,南京,11:40,NULL,高速动车
Z198,1,1004,南京,NULL,07:20,直达特快
Z198,2,1001,上海,10:00,NULL,直达特快
G7042,1,1001,上海,NULL,10:05,高速动车
G7042,2,1015,苏州,10:45,10:47,高速动车
G7042,3,1009,常州,11:14,11:16,高速动车
G7042,4,1004,南京,12:07,NULL,高速动车
G7262,1,1030,合肥,NULL,08:03,高速动车
G7262,2,1005,南京南,08:54,08:58,高速动车
G7262,3,1001,上海,10:13,NULL,高速动车
K1556,1,1001,上海,NULL,10:15,快速
K1556,2,1015,苏州,11:17,11:21,快速
K1556,3,1009,常州,12:26,12:29,快速
K1556,4,1004,南京,14:24,14:36,快速
K1556,5,1037,芜湖,16:30,16:36,快速
K1556,6,1040,铜陵,18:03,NULL,快速
G7228,1,1037,芜湖,NULL,07:28,高速动车
G7228,2,1005,南京南,08:06,08:10,高速动车
G7228,3,1009,常州,09:09,09:11,高速动车
G7228,4,1015,苏州,09:43,09:45,高速动车
G7228,5,1001,上海,10:18,NULL,高速动车
K462,1,1042,阜阳,NULL,21:56,快速
K462,2,1004,南京,05:25,05:31,快速
K462,3,1009,常州,07:18,07:22,快速
K462,4,1015,苏州,08:48,08:53,快速
K462,5,1001,上海,10:19,NULL,快速
C3864,1,1001,上海,NULL,10:22,城际动车
C3864,2,1007,南通西,11:50,11:52,城际动车
C3864,3,1004,南京,14:16,NULL,城际动车
G7236,1,1001,上海,NULL,10:28,高速动车
G7236,2,1015,苏州,11:00,11:02,高速动车
G7236,3,1009,常州,11:41,11:43,高速动车
G7236,4,1005,南京南,12:38,12:44,高速动车
G7236,5,1031,合肥南,13:35,NULL,高速动车
Z100,1,1028,金华,NULL,07:25,直达特快
Z100,2,1001,上海,10:37,NULL,直达特快
G7005,1,1004,南京,NULL,09:00,高速动车
G7005,2,1009,常州,09:39,09:41,高速动车
G7005,3,1015,苏州,10:12,10:14,高速动车
G7005,4,1001,上海,10:39,NULL,高速动车
G7060,1,1001,上海,NULL,10:40,高速动车
G7060,2,1009,常州,11:46,11:48,高速动车
G7060,3,1005,南京南,12:42,12:45,高速动车
G7060,4,1037,芜湖,13:28,13:31,高速动车
G7060,5,1040,铜陵,14:09,14:11,高速动车
G7060,6,1032,安庆,14:52,NULL,高速动车
C3816,1,1006,南通,NULL,09:04,城际动车
C3816,2,1001,上海,10:46,NULL,城际动车
D9508,1,1001,上海,NULL,10:46,动车组
D9508,2,1015,苏州,11:19,11:21,动车组
D9508,3,1009,常州,11:53,11:55,动车组
D9508,4,1017,连云港,15:03,NULL,动车组
G7289,1,1012,徐州东,NULL,07:28,高速动车
G7289,2,1039,蚌埠南,08:11,08:13,高速动车
G7289,3,1005,南京南,09:02,09:07,高速动车
G7289,4,1001,上海,10:52,NULL,高速动车
G7240,1,1001,上海,NULL,10:54,高速动车
G7240,2,1015,苏州,11:30,11:32,高速动车
G7240,3,1009,常州,12:03,12:07,高速动车
G7240,4,1005,南京南,12:59,13:05,高速动车
G7240,5,1031,合肥南,13:53,NULL,高速动车
G7258,1,1031,合肥南,NULL,07:36,高速动车
G7258,2,1005,南京南,08:31,08:34,高速动车
G7258,3,1009,常州,09:44,09:46,高速动车
G7258,4,1015,苏州,10:17,10:19,高速动车
G7258,5,1001,上海,10:57,NULL,高速动车
G7010,1,1001,上海,NULL,11:00,高速动车
G7010,2,1015,苏州,11:25,11:27,高速动车
G7010,3,1009,常州,11:58,12:00,高速动车
G7010,4,1004,南京,12:39,NULL,高速动车
T109,1,1011,徐州,NULL,04:11,特快
T109,2,1004,南京,07:43,07:50,特快
T109,3,1009,常州,09:03,09:07,特快
T109,4,1015,苏州,10:02,10:06,特快
T109,5,1001,上海,11:00,NULL,特快
G7294,1,1012,徐州东,NULL,07:53,高速动车
G7294,2,1039,蚌埠南,08:36,08:38,高速动车
G7294,3,1005,南京南,09:34,09:37,高速动车
G7294,4,1010,常州北,10:08,10:10,高速动车
G7294,5,1016,苏州北,10:33,10:35,高速动车
G7294,6,1001,上海,11:03,NULL,高速动车
K2186,1,1001,上海,NULL,11:03,快速
K2186,2,1015,苏州,12:04,12:13,快速
K2186,3,1009,常州,13:12,13:17,快速
K2186,4,1004,南京,15:06,15:15,快速
K2186,5,1038,蚌埠,17:34,17:38,快速
K2186,6,1011,徐州,20:05,NULL,快速
K234,1,1001,上海,NULL,11:09,快速
K234,2,1015,苏州,12:16,12:20,快速
K234,3,1009,常州,13:19,13:23,快速
K234,4,1004,南京,15:00,15:09,快速
K234,5,1038,蚌埠,17:16,17:22,快速
K234,6,1011,徐州,19:59,NULL,快速
G130,1,1001,上海,NULL,11:15,高速动车
G130,2,1005,南京南,12:48,12:50,高速动车
G130,3,1012,徐州东,14:23,NULL,高速动车
K1156,1,1001,上海,NULL,11:16,快速
K1156,2,1015,苏州,12:25,12:28,快速
K1156,3,1009,常州,13:27,13:31,快速
K1156,4,1004,南京,15:12,15:29,快速
K1156,5,1037,芜湖,17:23,17:50,快速
K1156,6,1030,合肥,19:20,NULL,快速
G7264,1,1001,上海,NULL,11:20,高速动车
G7264,2,1015,苏州,11:47,11:49,高速动车
G7264,3,1009,常州,12:20,12:22,高速动车
G7264,4,1005,南京南,13:09,13:13,高速动车
G7264,5,1031,合肥南,14:03,NULL,高速动车
D9482,1,1001,上海,NULL,11:28,动车组
D9482,2,1007,南通西,12:59,NULL,动车组
G8263,1,1017,连云港,NULL,07:22,高速动车
G8263,2,1009,常州,10:01,10:03,高速动车
G8263,3,1015,苏州,10:48,10:50,高速动车
G8263,4,1001,上海,11:31,NULL,高速动车
K174,1,1011,徐州,NULL,01:25,快速
K174,2,1038,蚌埠,04:11,04:15,快速
K174,3,1004,南京,06:21,06:27,快速
K174,4,1009,常州,08:42,08:47,快速
K174,5,1015,苏州,09:52,09:57,快速
K174,6,1001,上海,11:31,NULL,快速
G7282,1,1001,上海,NULL,11:33,高速动车
G7282,2,1015,苏州,12:06,12:08,高速动车
G7282,3,1005,南京南,13:34,13:37,高速动车
G7282,4,1037,芜湖,14:14,14:16,高速动车
G7282,5,1033,宣城,14:45,NULL,高速动车
G7045,1,1004,南京,NULL,09:28,高速动车
G7045,2,1009,常州,10:27,10:29,高速动车
G7045,3,1015,苏州,11:00,11:02,高速动车
G7045,4,1001,上海,11:35,NULL,高速动车
C3891,1,1007,南通西,NULL,10:11,城际动车
C3891,2,1001,上海,11:37,NULL,城际动车
G5,1,1005,南京南,NULL,10:32,高速动车
G5,2,1001,上海,11:40,NULL,高速动车
K784,1,1037,芜湖,NULL,03:59,快速
K784,2,1004,南京,06:34,07:05,快速
K784,3,1009,常州,08:48,08:53,快速
K784,4,1015,苏州,10:23,10:28,快速
K784,5,1001,上海,11:45,NULL,快速
G7007,1,1004,南京,NULL,10:00,高速动车
G7007,2,1009,常州,10:39,10:41,高速动车
G7007,3,1015,苏州,11:12,11:14,高速动车
G7007,4,1001,上海,11:47,NULL,高速动车
K464,1,1001,上海,NULL,11:48,快速
K464,2,1015,苏州,13:15,13:19,快速
K464,3,1009,常州,14:18,14:23,快速
K464,4,1004,南京,16:18,16:28,快速
K464,5,1038,蚌埠,18:48,19:00,快速
K464,6,1042,阜阳,22:32,NULL,快速
Z166,1,1011,徐州,NULL,05:56,直达特快
Z166,2,1038,蚌埠,07:15,07:20,直达特快
Z166,3,1004,南京,08:53,09:00,直达特快
Z166,4,1015,苏州,10:53,10:57,直达特快
Z166,5,1001,上海,11:51,NULL,直达特快
G7244,1,1001,上海,NULL,11:53,高速动车
G7244,2,1015,苏州,12:19,12:21,高速动车
G7244,3,1005,南京南,13:40,13:43,高速动车
G7244,4,1031,合肥南,14:42,NULL,高速动车
Z42,1,1011,徐州,NULL,06:02,直达特快
Z42,2,1038,蚌埠,07:21,07:26,直达特快
Z42,3,1004,南京,08:59,09:06,直达特快
Z42,4,1009,常州,10:09,10:13,直达特快
Z42,5,1015,苏州,11:00,11:04,直达特快
Z42,6,1001,上海,11:59,NULL,直达特快
G12,1,1001,上海,NULL,12:00,高速动车
G12,2,1005,南京南,13:08,NULL,高速动车
G7012,1,1001,上海,NULL,12:05,高速动车
G7012,2,1015,苏州,12:30,12:32,高速动车
G7012,3,1009,常州,13:03,13:05,高速动车
G7012,4,1004,南京,13:45,NULL,高速动车
Z267,1,1011,徐州,NULL,06:08,直达特快
Z267,2,1038,蚌埠,07:27,07:32,直达特快
Z267,3,1004,南京,09:05,09:12,直达特快
Z267,4,1009,常州,10:15,10:19,直达特快
Z267,5,1015,苏州,11:06,11:10,直达特快
Z267,6,1001,上海,12:05,NULL,直达特快
G7047,1,1004,南京,NULL,10:12,高速动车
G7047,2,1009,常州,10:57,10:59,高速动车
G7047,3,1015,苏州,11:33,11:35,高速动车
G7047,4,1001,上海,12:07,NULL,高速动车
G7046,1,1001,上海,NULL,12:10,高速动车
G7046,2,1015,苏州,12:46,12:48,高速动车
G7046,3,1004,南京,14:13,NULL,高速动车
1462,1,1001,上海,NULL,12:15,普快
1462,2,1015,苏州,13:21,13:26,普快
1462,3,1009,常州,14:25,14:29,普快
1462,4,1004,南京,16:12,16:22,普快
1462,5,1038,蚌埠,18:36,18:42,普快
1462,6,1011,徐州,20:48,NULL,普快
G7221,1,1043,阜阳西,NULL,07:29,高速动车
G7221,2,1036,淮南南,08:26,08:28,高速动车
G7221,3,1030,合肥,08:55,09:00,高速动车
G7221,4,1005,南京南,09:51,09:56,高速动车
G7221,5,1009,常州,11:02,11:04,高速动车
G7221,6,1015,苏州,11:43,11:45,高速动车
G7221,7,1001,上海,12:17,NULL,高速动车
G415,1,1012,徐州东,NULL,09:39,高速动车
G415,2,1039,蚌埠南,10:15,10:17,高速动车
G415,3,1005,南京南,10:59,11:04,高速动车
G415,4,1001,上海,12:23,NULL,高速动车
G7299,1,1012,徐州东,NULL,09:07,高速动车
G7299,2,1039,蚌埠南,09:50,09:55,高速动车
G7299,3,1005,南京南,10:44,10:48,高速动车
G7299,4,1010,常州北,11:20,11:25,高速动车
G7299,5,1016,苏州北,11:55,12:00,高速动车
G7299,6,1001,上海,12:27,NULL,高速动车
G7048,1,1001,上海,NULL,12:28,高速动车
G7048,2,1015,苏州,13:02,13:04,高速动车
G7048,3,1009,常州,13:41,13:43,高速动车
G7048,4,1004,南京,14:35,NULL,高速动车
D9486,1,1001,上海,NULL,12:32,动车组
D9486,2,1007,南通西,14:01,14:03,动车组
D9486,3,1004,南京,16:28,NULL,动车组
G7074,1,1032,安庆,NULL,08:22,高速动车
G7074,2,1040,铜陵,09:03,09:05,高速动车
G7074,3,1037,芜湖,09:42,09:44,高速动车
G7074,4,1005,南京南,10:28,10:34,高速动车
G7074,5,1009,常州,11:26,11:28,高速动车
G7074,6,1015,苏州,11:59,12:01,高速动车
G7074,7,1001,上海,12:35,NULL,高速动车
K736,1,1011,徐州,NULL,02:41,快速
K736,2,1038,蚌埠,04:37,04:41,快速
K736,3,1004,南京,07:26,07:41,快速
K736,4,1009,常州,09:18,09:22,快速
K736,5,1015,苏州,10:30,10:34,快速
K736,6,1001,上海,12:35,NULL,快速
G7009,1,1004,南京,NULL,11:00,高速动车
G7009,2,1009,常州,11:39,11:41,高速动车
G7009,3,1015,苏州,12:12,12:14,高速动车
G7009,4,1001,上海,12:39,NULL,高速动车
G7296,1,1001,上海,NULL,12:40,高速动车
G7296,2,1016,苏州北,13:08,13:10,高速动车
G7296,3,1005,南京南,14:13,14:16,高速动车
G7296,4,1039,蚌埠南,14:58,15:00,高速动车
G7296,5,1012,徐州东,15:38,NULL,高速动车
T131,1,1011,徐州,NULL,06:14,特快
T131,2,1004,南京,09:20,09:28,特快
T131,3,1009,常州,10:48,10:52,特快
T131,4,1015,苏州,11:45,11:49,特快
T131,5,1001,上海,12:44,NULL,特快
G416,1,1001,上海,NULL,12:45,高速动车
G416,2,1016,苏州北,13:13,13:15,高速动车
G416,3,1010,常州北,13:47,13:54,高速动车
G416,4,1005,南京南,14:32,14:37,高速动车
G416,5,1012,徐州东,16:02,NULL,高速动车
Z254,1,1011,徐州,NULL,06:50,直达特快
Z254,2,1038,蚌埠,08:16,08:20,直达特快
Z254,3,1004,南京,09:53,10:00,直达特快
Z254,4,1009,常州,11:04,11:08,直达特快
Z254,5,1015,苏州,11:55,11:59,直达特快
Z254,6,1001,上海,12:50,NULL,直达特快
G7088,1,1001,上海,NULL,12:54,高速动车
G7088,2,1015,苏州,13:30,13:32,高速动车
G7088,3,1009,常州,14:03,14:05,高速动车
G7088,4,1005,南京南,14:51,14:53,高速动车
G7088,5,1037,芜湖,15:30,15:32,高速动车
G7088,6,1040,铜陵,16:04,16:06,高速动车
G7088,7,1032,安庆,16:47,NULL,高速动车
Z174,1,1011,徐州,NULL,07:10,直达特快
Z174,2,1004,南京,09:59,10:06,直达特快
Z174,3,1009,常州,11:10,11:14,直达特快
Z174,4,1015,苏州,12:01,12:05,直达特快
Z174,5,1001,上海,12:56,NULL,直达特快
G7014,1,1001,上海,NULL,13:00,高速动车
G7014,2,1015,苏州,13:25,13:27,高速动车
G7014,3,1009,常州,13:58,14:00,高速动车
G7014,4,1004,南京,14:40,NULL,高速动车
C3858,1,1004,南京,NULL,09:15,城际动车
C3858,2,1007,南通西,11:33,11:35,城际动车
C3858,3,1001,上海,13:07,NULL,城际动车
G7248,1,1001,上海,NULL,13:14,高速动车
G7248,2,1015,苏州,13:50,13:52,高速动车
G7248,3,1005,南京南,15:18,15:23,高速动车
G7248,4,1031,合肥南,16:11,NULL,高速动车
G7078,1,1032,安庆,NULL,09:10,高速动车
G7078,2,1040,铜陵,09:51,09:53,高速动车
G7078,3,1037,芜湖,10:24,10:26,高速动车
G7078,4,1005,南京南,11:04,11:09,高速动车
G7078,5,1009,常州,11:55,11:57,高速动车
G7078,6,1015,苏州,12:31,12:33,高速动车
G7078,7,1001,上海,13:21,NULL,高速动车
K172,1,1001,上海,NULL,13:22,快速
K172,2,1015,苏州,14:38,14:43,快速
K172,3,1009,常州,15:43,15:48,快速
K172,4,1004,南京,17:30,17:38,快速
K172,5,1038,蚌埠,20:34,20:39,快速
K172,6,1011,徐州,22:55,NULL,快速
K782,1,1001,上海,NULL,13:28,快速
K782,2,1015,苏州,14:30,14:35,快速
K782,3,1009,常州,15:35,15:39,快速
K782,4,1004,南京,17:23,17:43,快速
K782,5,1037,芜湖,20:11,20:17,快速
K782,6,1040,铜陵,21:48,NULL,快速
T118,1,1011,徐州,NULL,06:40,特快
T118,2,1038,蚌埠,08:23,08:32,特快
T118,3,1004,南京,10:14,10:25,特快
T118,4,1015,苏州,12:30,12:34,特快
T118,5,1001,上海,13:30,NULL,特快
C3868,1,1001,上海,NULL,13:34,城际动车
C3868,2,1007,南通西,15:04,15:06,城际动车
C3868,3,1004,南京,17:34,NULL,城际动车
G7011,1,1004,南京,NULL,12:00,高速动车
G7011,2,1009,常州,12:39,12:41,高速动车
G7011,3,1015,苏州,13:12,13:14,高速动车
G7011,4,1001,上海,13:40,NULL,高速动车
G7092,1,1001,上海,NULL,13:41,高速动车
G7092,2,1015,苏州,14:20,14:22,高速动车
G7092,3,1009,常州,14:53,14:55,高速动车
G7092,4,1005,南京南,15:51,15:54,高速动车
G7092,5,1037,芜湖,16:31,16:33,高速动车
G7092,6,1040,铜陵,17:11,17:13,高速动车
G7092,7,1032,安庆,17:54,NULL,高速动车
K1102,1,1001,上海,NULL,13:44,快速
K1102,2,1015,苏州,14:47,14:50,快速
K1102,3,1009,常州,15:50,15:55,快速
K1102,4,1004,南京,17:56,18:06,快速
K1102,5,1038,蚌埠,20:28,20:32,快速
K1102,6,1011,徐州,22:35,NULL,快速
G8273,1,1012,徐州东,NULL,09:35,高速动车
G8273,2,1009,常州,12:22,12:27,高速动车
G8273,3,1015,苏州,13:07,13:09,高速动车
G8273,4,1001,上海,13:48,NULL,高速动车
K559,1,1011,徐州,NULL,04:48,快速
K559,2,1038,蚌埠,06:31,06:47,快速
K559,3,1004,南京,09:38,09:45,快速
K559,4,1009,常州,11:34,11:43,快速
K559,5,1015,苏州,12:42,12:46,快速
K559,6,1001,上海,13:48,NULL,快速
G7016,1,1001,上海,NULL,14:00,高速动车
G7016,2,1015,苏州,14:25,14:27,高速动车
G7016,3,1009,常州,14:58,15:00,高速动车
G7016,4,1004,南京,15:41,NULL,高速动车
K738,1,1001,上海,NULL,14:04,快速
K738,2,1015,苏州,15:11,15:14,快速
K738,3,1009,常州,16:13,16:16,快速
K738,4,1004,南京,18:05,18:19,快速
K738,5,1038,蚌埠,21:05,21:10,快速
K738,6,1011,徐州,23:01,NULL,快速
G7051,1,1004,南京,NULL,12:08,高速动车
G7051,2,1009,常州,12:54,12:56,高速动车
G7051,3,1015,苏州,13:33,13:35,高速动车
G7051,4,1001,上海,14:12,NULL,高速动车
T132,1,1001,上海,NULL,14:13,特快
T132,2,1015,苏州,15:02,15:06,特快
T132,3,1009,常州,16:00,16:04,特快
T132,4,1004,南京,17:37,17:45,特快
T132,5,1038,蚌埠,19:27,19:31,特快
T132,6,1011,徐州,21:20,NULL,特快
G7276,1,1001,上海,NULL,14:19,高速动车
G7276,2,1015,苏州,14:44,14:46,高速动车
G7276,3,1009,常州,15:17,15:19,高速动车
G7276,4,1005,南京南,16:13,16:15,高速动车
G7276,5,1030,合肥,17:08,17:13,高速动车
G7276,6,1036,淮南南,17:40,17:45,高速动车
G7276,7,1043,阜阳西,18:40,NULL,高速动车
G8267,1,1009,常州,NULL,13:01,高速动车
G8267,2,1015,苏州,13:50,13:52,高速动车
G8267,3,1001,上海,14:29,NULL,高速动车
G7050,1,1001,上海,NULL,14:30,高速动车
G7050,2,1015,苏州,15:07,15:09,高速动车
G7050,3,1004,南京,16:29,NULL,高速动车
G7013,1,1004,南京,NULL,13:00,高速动车
G7013,2,1009,常州,13:39,13:41,高速动车
G7013,3,1015,苏州,14:12,14:14,高速动车
G7013,4,1001,上海,14:39,NULL,高速动车
K1158,1,1030,合肥,NULL,05:46,快速
K1158,2,1037,芜湖,07:21,07:41,快速
K1158,3,1004,南京,09:36,10:12,快速
K1158,4,1009,常州,11:55,11:59,快速
K1158,5,1015,苏州,12:58,13:02,快速
K1158,6,1001,上海,14:40,NULL,快速
G7100,1,1001,上海,NULL,14:45,高速动车
G7100,2,1015,苏州,15:19,15:21,高速动车
G7100,3,1009,常州,16:03,16:05,高速动车
G7100,4,1004,南京,16:57,NULL,高速动车
K374,1,1011,徐州,NULL,05:12,快速
K374,2,1038,蚌埠,07:53,08:00,快速
K374,3,1004,南京,10:29,10:37,快速
K374,4,1009,常州,12:05,12:09,快速
K374,5,1015,苏州,13:08,13:12,快速
K374,6,1001,上海,14:46,NULL,快速
K560,1,1001,上海,NULL,14:48,快速
K560,2,1015,苏州,15:56,15:59,快速
K560,3,1009,常州,16:58,17:02,快速
K560,4,1004,南京,19:02,19:10,快速
K560,5,1038,蚌埠,21:21,21:26,快速
K560,6,1011,徐州,23:28,NULL,快速
Z218,1,1011,徐州,NULL,08:40,直达特快
Z218,2,1038,蚌埠,10:05,10:11,直达特快
Z218,3,1004,南京,12:03,12:11,直达特快
Z218,4,1015,苏州,13:57,14:01,直达特快
Z218,5,1001,上海,14:54,NULL,直达特快
Z268,1,1001,上海,NULL,14:54,直达特快
Z268,2,1015,苏州,15:44,15:48,直达特快
Z268,3,1009,常州,16:34,16:37,直达特快
Z268,4,1004,南京,17:46,17:53,直达特快
Z268,5,1038,蚌埠,19:33,19:38,直达特快
Z268,6,1011,徐州,21:08,NULL,直达特快
G441,1,1012,徐州东,NULL,11:37,高速动车
G441,2,1039,蚌埠南,12:14,12:19,高速动车
G441,3,1005,南京南,13:00,13:06,高速动车
G441,4,1010,常州北,13:38,13:57,高速动车
G441,5,1016,苏州北,14:19,14:29,高速动车
G441,6,1001,上海,14:57,NULL,高速动车
G7018,1,1001,上海,NULL,15:00,高速动车
G7018,2,1015,苏州,15:25,15:27,高速动车
G7018,3,1009,常州,15:58,16:00,高速动车
G7018,4,1004,南京,16:45,NULL,高速动车
G7229,1,1005,南京南,NULL,12:59,高速动车
G7229,2,1009,常州,13:51,13:53,高速动车
G7229,3,1015,苏州,14:24,14:26,高速动车
G7229,4,1001,上海,15:02,NULL,高速动车
G7800,1,1001,上海,NULL,15:05,高速动车
G7800,2,1015,苏州,15:40,NULL,高速动车
G8270,1,1001,上海,NULL,15:10,高速动车
G8270,2,1015,苏州,15:45,15:47,高速动车
G8270,3,1009,常州,16:18,NULL,高速动车
G7053,1,1004,南京,NULL,13:08,高速动车
G7053,2,1009,常州,14:01,14:03,高速动车
G7053,3,1015,苏州,14:35,14:37,高速动车
G7053,4,1001,上海,15:15,NULL,高速动车
G7082,1,1032,安庆,NULL,11:00,高速动车
G7082,2,1040,铜陵,11:41,11:43,高速动车
G7082,3,1037,芜湖,12:20,12:22,高速动车
G7082,4,1005,南京南,13:06,13:14,高速动车
G7082,5,1009,常州,14:06,14:08,高速动车
G7082,6,1015,苏州,14:45,14:47,高速动车
G7082,7,1001,上海,15:20,NULL,高速动车
G442,1,1001,上海,NULL,15:22,高速动车
G442,2,1016,苏州北,15:50,15:52,高速动车
G442,3,1010,常州北,16:14,16:16,高速动车
G442,4,1005,南京南,16:48,16:51,高速动车
G442,5,1039,蚌埠南,17:32,17:34,高速动车
G442,6,1012,徐州东,18:18,NULL,高速动车
D5591,1,1043,阜阳西,NULL,09:40,动车组
D5591,2,1036,淮南南,10:18,10:20,动车组
D5591,3,1030,合肥,10:49,10:53,动车组
D5591,4,1007,南通西,14:00,14:02,动车组
D5591,5,1001,上海,15:28,NULL,动车组
G7218,1,1001,上海,NULL,15:29,高速动车
G7218,2,1015,苏州,15:55,15:57,高速动车
G7218,3,1005,南京南,17:13,17:15,高速动车
G7218,4,1037,芜湖,17:52,NULL,高速动车
T116,1,1001,上海,NULL,15:33,特快
T116,2,1015,苏州,16:31,16:35,特快
T116,3,1009,常州,17:26,17:30,特快
T116,4,1004,南京,18:47,18:55,特快
T116,5,1038,蚌埠,20:42,20:47,特快
T116,6,1011,徐州,22:18,NULL,特快
G7052,1,1001,上海,NULL,15:39,高速动车
G7052,2,1015,苏州,16:10,16:12,高速动车
G7052,3,1009,常州,16:43,16:45,高速动车
G7052,4,1004,南京,17:44,NULL,高速动车
G7015,1,1004,南京,NULL,14:00,高速动车
G7015,2,1009,常州,14:39,14:41,高速动车
G7015,3,1015,苏州,15:12,15:14,高速动车
G7015,4,1001,上海,15:40,NULL,高速动车
G7252,1,1001,上海,NULL,15:44,高速动车
G7252,2,1005,南京南,16:57,17:00,高速动车
G7252,3,1031,合肥南,17:48,NULL,高速动车
C3802,1,1001,上海,NULL,15:46,城际动车
C3802,2,1006,南通,17:26,NULL,城际动车
G8275,1,1009,常州,NULL,14:46,高速动车
G8275,2,1015,苏州,15:17,15:19,高速动车
G8275,3,1001,上海,15:51,NULL,高速动车
Z252,1,1001,上海,NULL,15:52,直达特快
Z252,2,1015,苏州,16:37,16:43,直达特快
Z252,3,1009,常州,17:32,17:36,直达特快
Z252,4,1004,南京,18:53,19:03,直达特快
Z252,5,1038,蚌埠,20:48,20:54,直达特快
Z252,6,1011,徐州,22:24,NULL,直达特快
K190,1,1011,徐州,NULL,08:11,快速
K190,2,1038,蚌埠,09:53,09:58,快速
K190,3,1004,南京,12:10,12:18,快速
K190,4,1015,苏州,14:50,14:53,快速
K190,5,1001,上海,15:58,NULL,快速
G7020,1,1001,上海,NULL,16:00,高速动车
G7020,2,1015,苏州,16:25,16:27,高速动车
G7020,3,1009,常州,16:58,17:00,高速动车
G7020,4,1004,南京,17:39,NULL,高速动车
K372,1,1001,上海,NULL,16:03,快速
K372,2,1015,苏州,17:16,17:20,快速
K372,3,1009,常州,18:12,18:16,快速
K372,4,1004,南京,19:42,19:49,快速
K372,5,1038,蚌埠,21:54,22:00,快速
K372,6,1011,徐州,23:43,NULL,快速
G7234,1,1031,合肥南,NULL,13:08,高速动车
G7234,2,1005,南京南,13:56,13:58,高速动车
G7234,3,1009,常州,14:50,14:52,高速动车
G7234,4,1015,苏州,15:27,15:29,高速动车
G7234,5,1001,上海,16:09,NULL,高速动车
C3806,1,1001,上海,NULL,16:10,城际动车
C3806,2,1006,南通,17:44,NULL,城际动车
Z306,1,1011,徐州,NULL,09:16,直达特快
Z306,2,1038,蚌埠,10:46,10:51,直达特快
Z306,3,1004,南京,12:39,12:51,直达特快
Z306,4,1009,常州,14:10,14:13,直达特快
Z306,5,1015,苏州,15:06,15:11,直达特快
Z306,6,1001,上海,16:10,NULL,直达特快
G8277,1,1012,徐州东,NULL,12:06,高速动车
G8277,2,1015,苏州,15:41,15:43,高速动车
G8277,3,1001,上海,16:16,NULL,高速动车
K1331,1,1011,徐州,NULL,08:17,快速
K1331,2,1038,蚌埠,09:59,10:04,快速
K1331,3,1004,南京,12:16,12:24,快速
K1331,4,1009,常州,13:56,14:00,快速
K1331,5,1015,苏州,15:00,15:03,快速
K1331,6,1001,上海,16:16,NULL,快速
Z40,1,1001,上海,NULL,16:17,直达特快
Z40,2,1015,苏州,17:09,17:13,直达特快
Z40,3,1009,常州,18:00,18:04,直达特快
Z40,4,1004,南京,19:13,19:19,直达特快
Z40,5,1038,蚌埠,20:54,21:00,直达特快
Z40,6,1011,徐州,22:48,NULL,直达特快
G8274,1,1001,上海,NULL,16:20,高速动车
G8274,2,1015,苏州,16:52,16:54,高速动车
G8274,3,1009,常州,17:31,17:33,高速动车
G8274,4,1012,徐州东,20:24,NULL,高速动车
C3895,1,1007,南通西,NULL,14:42,城际动车
C3895,2,1001,上海,16:23,NULL,城际动车
G7057,1,1004,南京,NULL,14:28,高速动车
G7057,2,1015,苏州,15:52,15:54,高速动车
G7057,3,1001,上海,16:28,NULL,高速动车
G8291,1,1017,连云港,NULL,12:04,高速动车
G8291,2,1014,盐城,13:37,13:39,高速动车
G8291,3,1007,南通西,14:49,14:51,高速动车
G8291,4,1001,上海,16:29,NULL,高速动车
K152,1,1001,上海,NULL,16:31,快速
K152,2,1015,苏州,17:34,17:39,快速
K152,3,1009,常州,18:39,18:44,快速
K152,4,1004,南京,20:33,20:42,快速
K152,5,1038,蚌埠,00:04,NULL,快速
G7799,1,1015,苏州,NULL,16:03,高速动车
G7799,2,1001,上海,16:35,NULL,高速动车
G7017,1,1004,南京,NULL,15:00,高速动车
G7017,2,1009,常州,15:39,15:41,高速动车
G7017,3,1015,苏州,16:12,16:14,高速动车
G7017,4,1001,上海,16:40,NULL,高速动车
G8278,1,1001,上海,NULL,16:41,高速动车
G8278,2,1015,苏州,17:13,17:15,高速动车
G8278,3,1009,常州,17:47,17:49,高速动车
G8278,4,1012,徐州东,20:36,NULL,高速动车
G7222,1,1001,上海,NULL,16:52,高速动车
G7222,2,1015,苏州,17:30,17:32,高速动车
G7222,3,1009,常州,18:03,18:05,高速动车
G7222,4,1005,南京南,18:52,18:55,高速动车
G7222,5,1030,合肥,19:46,NULL,高速动车
G7059,1,1004,南京,NULL,15:05,高速动车
G7059,2,1015,苏州,16:19,16:22,高速动车
G7059,3,1001,上海,16:59,NULL,高速动车
G7022,1,1001,上海,NULL,17:00,高速动车
G7022,2,1015,苏州,17:25,17:27,高速动车
G7022,3,1009,常州,17:58,18:00,高速动车
G7022,4,1004,南京,18:41,NULL,高速动车
C3810,1,1001,上海,NULL,17:04,城际动车
C3810,2,1006,南通,18:51,NULL,城际动车
C3862,1,1004,南京,NULL,13:20,城际动车
C3862,2,1007,南通西,15:46,15:48,城际动车
C3862,3,1001,上海,17:14,NULL,城际动车
G8292,1,1001,上海,NULL,17:15,高速动车
G8292,2,1014,盐城,19:31,19:33,高速动车
G8292,3,1017,连云港,21:07,NULL,高速动车
G7318,1,1045,黄山北,NULL,13:48,高速动车
G7318,2,1023,杭州东,15:43,15:49,高速动车
G7318,3,1020,嘉兴南,16:13,16:15,高速动车
G7318,4,1003,上海虹桥,16:50,16:53,高速动车
G7318,5,1001,上海,17:19,NULL,高速动车
G7266,1,1031,合肥南,NULL,14:44,高速动车
G7266,2,1005,南京南,15:32,15:36,高速动车
G7266,3,1009,常州,16:21,16:23,高速动车
G7266,4,1015,苏州,16:48,16:50,高速动车
G7266,5,1001,上海,17:21,NULL,高速动车
G8264,1,1001,上海,NULL,17:21,高速动车
G8264,2,1015,苏州,18:04,18:06,高速动车
G8264,3,1009,常州,18:37,18:39,高速动车
G8264,4,1017,连云港,21:17,NULL,高速动车
G7056,1,1001,上海,NULL,17:26,高速动车
G7056,2,1015,苏州,18:10,18:12,高速动车
G7056,3,1009,常州,18:49,18:51,高速动车
G7056,4,1004,南京,19:36,NULL,高速动车
G7067,1,1015,苏州,NULL,16:55,高速动车
G7067,2,1001,上海,17:32,NULL,高速动车
G7256,1,1001,上海,NULL,17:33,高速动车
G7256,2,1010,常州北,18:25,18:27,高速动车
G7256,3,1005,南京南,19:00,19:02,高速动车
G7256,4,1030,合肥,19:53,NULL,高速动车
K518,1,1011,徐州,NULL,09:51,快速
K518,2,1038,蚌埠,11:33,11:37,快速
K518,3,1004,南京,13:35,13:41,快速
K518,4,1009,常州,15:01,15:04,快速
K518,5,1015,苏州,16:02,16:06,快速
K518,6,1001,上海,17:33,NULL,快速
C3872,1,1001,上海,NULL,17:40,城际动车
C3872,2,1007,南通西,19:03,19:05,城际动车
C3872,3,1004,南京,21:28,NULL,城际动车
G7019,1,1004,南京,NULL,16:00,高速动车
G7019,2,1009,常州,16:39,16:41,高速动车
G7019,3,1015,苏州,17:12,17:14,高速动车
G7019,4,1001,上海,17:40,NULL,高速动车
G7292,1,1001,上海,NULL,17:43,高速动车
G7292,2,1016,苏州北,18:14,18:19,高速动车
G7292,3,1010,常州北,18:48,18:50,高速动车
G7292,4,1005,南京南,19:23,19:31,高速动车
G7292,5,1039,蚌埠南,20:12,20:14,高速动车
G7292,6,1012,徐州东,20:58,NULL,高速动车
Z99,1,1001,上海,NULL,17:45,直达特快
Z99,2,1028,金华,20:55,NULL,直达特快
G7041,1,1004,南京,NULL,15:47,高速动车
G7041,2,1015,苏州,17:06,17:08,高速动车
G7041,3,1001,上海,17:50,NULL,高速动车
G7359,1,1001,上海,NULL,17:51,高速动车
G7359,2,1003,上海虹桥,18:20,18:23,高速动车
G7359,3,1020,嘉兴南,18:51,18:53,高速动车
G7359,4,1022,杭州,19:31,NULL,高速动车
G18,1,1001,上海,NULL,17:55,高速动车
G18,2,1005,南京南,19:06,NULL,高速动车
T110,1,1001,上海,NULL,17:57,特快
T110,2,1015,苏州,18:48,18:52,特快
T110,3,1009,常州,19:44,20:13,特快
T110,4,1004,南京,22:00,22:07,特快
T110,5,1011,徐州,01:30,NULL,特快
G7024,1,1001,上海,NULL,18:00,高速动车
G7024,2,1015,苏州,18:25,18:27,高速动车
G7024,3,1009,常州,18:58,19:00,高速动车
G7024,4,1004,南京,19:45,NULL,高速动车
K2188,1,1011,徐州,NULL,09:57,快速
K2188,2,1038,蚌埠,11:39,11:43,快速
K2188,3,1004,南京,13:41,13:47,快速
K2188,4,1009,常州,15:07,15:11,快速
K2188,5,1015,苏州,16:10,16:14,快速
K2188,6,1001,上海,18:01,NULL,快速
G7284,1,1033,宣城,NULL,15:05,高速动车
G7284,2,1037,芜湖,15:31,15:33,高速动车
G7284,3,1005,南京南,16:12,16:14,高速动车
G7284,4,1009,常州,16:58,17:00,高速动车
G7284,5,1015,苏州,17:32,17:34,高速动车
G7284,6,1001,上海,18:02,NULL,高速动车
Z92,1,1001,上海,NULL,18:03,直达特快
Z92,2,1015,苏州,18:54,18:58,直达特快
Z92,3,1004,南京,20:54,NULL,直达特快
G129,1,1012,徐州东,NULL,15:03,高速动车
G129,2,1005,南京南,16:26,16:29,高速动车
G129,3,1010,常州北,17:08,17:10,高速动车
G129,4,1016,苏州北,17:32,17:34,高速动车
G129,5,1001,上海,18:07,NULL,高速动车
K188,1,1001,上海,NULL,18:09,快速
K188,2,1015,苏州,19:32,19:36,快速
K188,3,1009,常州,21:06,21:10,快速
K188,4,1004,南京,23:06,23:13,快速
K188,5,1038,蚌埠,01:58,02:02,快速
K188,6,1011,徐州,03:57,NULL,快速
G7058,1,1001,上海,NULL,18:14,高速动车
G7058,2,1015,苏州,18:52,18:54,高速动车
G7058,3,1009,常州,19:32,19:34,高速动车
G7058,4,1004,南京,20:20,NULL,高速动车
K1332,1,1001,上海,NULL,18:17,快速
K1332,2,1015,苏州,20:10,20:14,快速
K1332,3,1009,常州,21:30,21:34,快速
K1332,4,1004,南京,23:18,23:24,快速
K1332,5,1038,蚌埠,02:08,02:18,快速
K1332,6,1011,徐州,04:03,NULL,快速
G7063,1,1004,南京,NULL,16:14,高速动车
G7063,2,1009,常州,17:03,17:05,高速动车
G7063,3,1001,上海,18:21,NULL,高速动车
Z196,1,1001,上海,NULL,18:24,直达特快
Z196,2,1004,南京,21:00,NULL,直达特快
1230,1,1011,徐州,NULL,10:09,普快
1230,2,1038,蚌埠,11:58,12:01,普快
1230,3,1004,南京,14:06,14:16,普快
1230,4,1009,常州,15:48,15:51,普快
1230,5,1015,苏州,17:08,17:12,普快
1230,6,1001,上海,18:26,NULL,普快
G7290,1,1001,上海,NULL,18:31,高速动车
G7290,2,1016,苏州北,19:06,19:08,高速动车
G7290,3,1010,常州北,19:42,19:44,高速动车
G7290,4,1005,南京南,20:31,20:37,高速动车
G7290,5,1039,蚌埠南,21:25,21:31,高速动车
G7290,6,1012,徐州东,22:16,NULL,高速动车
G7246,1,1031,合肥南,NULL,15:34,高速动车
G7246,2,1005,南京南,16:24,16:28,高速动车
G7246,3,1015,苏州,17:57,17:59,高速动车
G7246,4,1001,上海,18:34,NULL,高速动车
Z216,1,1001,上海,NULL,18:36,直达特快
Z216,2,1015,苏州,19:21,19:24,直达特快
Z216,3,1004,南京,21:13,21:21,直达特快
Z216,4,1011,徐州,00:12,NULL,直达特快
G7021,1,1004,南京,NULL,17:00,高速动车
G7021,2,1009,常州,17:39,17:41,高速动车
G7021,3,1015,苏州,18:12,18:14,高速动车
G7021,4,1001,上海,18:39,NULL,高速动车
G7272,1,1001,上海,NULL,18:42,高速动车
G7272,2,1015,苏州,19:21,19:23,高速动车
G7272,3,1009,常州,19:54,19:56,高速动车
G7272,4,1005,南京南,20:45,20:47,高速动车
G7272,5,1037,芜湖,21:24,21:26,高速动车
G7272,6,1040,铜陵,21:58,22:00,高速动车
G7272,7,1032,安庆,22:41,NULL,高速动车
C3866,1,1004,南京,NULL,14:48,城际动车
C3866,2,1007,南通西,17:07,17:09,城际动车
C3866,3,1001,上海,18:48,NULL,城际动车
G7096,1,1001,上海,NULL,18:53,高速动车
G7096,2,1015,苏州,19:31,NULL,高速动车
Z172,1,1001,上海,NULL,18:54,直达特快
Z172,2,1015,苏州,19:44,20:05,直达特快
Z172,3,1009,常州,20:52,20:55,直达特快
Z172,4,1004,南京,22:06,22:13,直达特快
Z172,5,1038,蚌埠,23:54,23:57,直达特快
Z172,6,1011,徐州,01:15,NULL,直达特快
G7026,1,1001,上海,NULL,19:00,高速动车
G7026,2,1015,苏州,19:26,19:28,高速动车
G7026,3,1009,常州,19:59,20:01,高速动车
G7026,4,1004,南京,20:46,NULL,高速动车
G8271,1,1012,徐州东,NULL,14:42,高速动车
G8271,2,1009,常州,17:44,17:47,高速动车
G8271,3,1015,苏州,18:18,18:26,高速动车
G8271,4,1001,上海,19:07,NULL,高速动车
G7267,1,1036,淮南南,NULL,15:37,高速动车
G7267,2,1030,合肥,16:04,16:12,高速动车
G7267,3,1005,南京南,17:07,17:10,高速动车
G7267,4,1009,常州,18:02,18:04,高速动车
G7267,5,1015,苏州,18:35,18:37,高速动车
G7267,6,1001,上海,19:11,NULL,高速动车
G7260,1,1001,上海,NULL,19:12,高速动车
G7260,2,1015,苏州,19:48,19:50,高速动车
G7260,3,1009,常州,20:21,20:23,高速动车
G7260,4,1005,南京南,21:16,21:20,高速动车
G7260,5,1031,合肥南,22:08,NULL,高速动车
C3894,1,1001,上海,NULL,19:14,城际动车
C3894,2,1007,南通西,20:46,NULL,城际动车
G7242,1,1031,合肥南,NULL,15:55,高速动车
G7242,2,1005,南京南,16:44,16:47,高速动车
G7242,3,1009,常州,17:50,17:52,高速动车
G7242,4,1015,苏州,18:40,18:42,高速动车
G7242,5,1001,上海,19:18,NULL,高速动车
D9481,1,1007,南通西,NULL,17:57,动车组
D9481,2,1001,上海,19:26,NULL,动车组
G7298,1,1012,徐州东,NULL,16:44,高速动车
G7298,2,1039,蚌埠南,17:22,17:24,高速动车
G7298,3,1005,南京南,18:05,18:09,高速动车
G7298,4,1010,常州北,18:42,18:43,高速动车
G7298,5,1001,上海,19:27,NULL,高速动车
G7062,1,1001,上海,NULL,19:29,高速动车
G7062,2,1015,苏州,20:01,20:03,高速动车
G7062,3,1009,常州,20:45,20:47,高速动车
G7062,4,1004,南京,21:32,NULL,高速动车
G7086,1,1032,安庆,NULL,15:21,高速动车
G7086,2,1040,铜陵,16:02,16:04,高速动车
G7086,3,1037,芜湖,16:41,16:43,高速动车
G7086,4,1005,南京南,17:21,17:24,高速动车
G7086,5,1009,常州,18:21,18:23,高速动车
G7086,6,1015,苏州,18:56,18:58,高速动车
G7086,7,1001,上海,19:36,NULL,高速动车
G7226,1,1001,上海,NULL,19:37,高速动车
G7226,2,1015,苏州,20:18,20:20,高速动车
G7226,3,1009,常州,20:51,20:53,高速动车
G7226,4,1005,南京南,21:45,21:50,高速动车
G7226,5,1037,芜湖,22:28,NULL,高速动车
G7023,1,1004,南京,NULL,18:00,高速动车
G7023,2,1009,常州,18:39,18:41,高速动车
G7023,3,1015,苏州,19:12,19:14,高速动车
G7023,4,1001,上海,19:40,NULL,高速动车
G7288,1,1037,芜湖,NULL,16:52,高速动车
G7288,2,1005,南京南,17:36,17:39,高速动车
G7288,3,1009,常州,18:31,18:33,高速动车
G7288,4,1015,苏州,19:04,19:06,高速动车
G7288,5,1001,上海,19:50,NULL,高速动车
G7300,1,1001,上海,NULL,19:51,高速动车
G7300,2,1016,苏州北,20:26,20:28,高速动车
G7300,3,1005,南京南,21:30,21:35,高速动车
G7300,4,1039,蚌埠南,22:17,22:19,高速动车
G7300,5,1012,徐州东,22:56,NULL,高速动车
K8356,1,1001,上海,NULL,19:54,快速
K8356,2,1015,苏州,20:48,20:51,快速
K8356,3,1009,常州,22:01,22:05,快速
K8356,4,1004,南京,23:30,23:36,快速
K8356,5,1038,蚌埠,02:29,02:35,快速
K8356,6,1011,徐州,05:00,05:07,快速
K8356,7,1013,新沂,06:31,06:34,快速
K8356,8,1017,连云港,07:32,07:36,快速
K8356,9,1018,连云港东,08:04,NULL,快速
G7238,1,1031,合肥南,NULL,16:59,高速动车
G7238,2,1005,南京南,17:47,17:49,高速动车
G7238,3,1009,常州,18:50,18:52,高速动车
G7238,4,1015,苏州,19:29,19:32,高速动车
G7238,5,1001,上海,19:59,NULL,高速动车
G7028,1,1001,上海,NULL,20:00,高速动车
G7028,2,1015,苏州,20:25,20:27,高速动车
G7028,3,1009,常州,20:58,21:00,高速动车
G7028,4,1004,南京,21:45,NULL,高速动车
G7250,1,1031,合肥南,NULL,16:54,高速动车
G7250,2,1005,南京南,17:42,17:44,高速动车
G7250,3,1009,常州,18:44,18:46,高速动车
G7250,4,1015,苏州,19:17,19:19,高速动车
G7250,5,1001,上海,20:07,NULL,高速动车
Z164,1,1001,上海,NULL,20:08,直达特快
Z164,2,1015,苏州,20:54,20:58,直达特快
Z164,3,1004,南京,22:54,23:01,直达特快
Z164,4,1038,蚌埠,00:34,00:39,直达特快
Z164,5,1011,徐州,02:04,NULL,直达特快
G7065,1,1004,南京,NULL,18:09,高速动车
G7065,2,1009,常州,19:01,19:03,高速动车
G7065,3,1015,苏州,19:34,19:37,高速动车
G7065,4,1001,上海,20:14,NULL,高速动车
K282,1,1001,上海,NULL,20:14,快速
K282,2,1015,苏州,21:21,21:25,快速
K282,3,1009,常州,22:23,22:26,快速
K282,4,1004,南京,00:41,00:49,快速
K282,5,1038,蚌埠,02:47,02:53,快速
K282,6,1011,徐州,04:45,NULL,快速
G7066,1,1001,上海,NULL,20:15,高速动车
G7066,2,1015,苏州,20:48,20:50,高速动车
G7066,3,1009,常州,21:21,21:23,高速动车
G7066,4,1004,南京,22:08,NULL,高速动车
1228,1,1001,上海,NULL,20:20,普快
1228,2,1015,苏州,21:15,21:19,普快
1228,3,1009,常州,22:17,22:20,普快
1228,4,1004,南京,00:23,00:29,普快
1228,5,1038,蚌埠,02:41,02:47,普快
1228,6,1011,徐州,04:39,NULL,普快
D954,1,1031,合肥南,NULL,17:43,动车组
D954,2,1005,南京南,18:31,18:37,动车组
D954,3,1009,常州,19:26,19:28,动车组
D954,4,1015,苏州,19:55,19:57,动车组
D954,5,1001,上海,20:27,NULL,动车组
G7064,1,1001,上海,NULL,20:28,高速动车
G7064,2,1015,苏州,21:02,21:04,高速动车
G7064,3,1009,常州,21:35,21:37,高速动车
G7064,4,1005,南京南,22:33,NULL,高速动车
G7286,1,1001,上海,NULL,20:35,高速动车
G7286,2,1015,苏州,21:07,21:09,高速动车
G7286,3,1009,常州,21:40,21:42,高速动车
G7286,4,1005,南京南,22:27,22:30,高速动车
G7286,5,1037,芜湖,23:07,NULL,高速动车
G7025,1,1004,南京,NULL,19:00,高速动车
G7025,2,1009,常州,19:39,19:41,高速动车
G7025,3,1015,苏州,20:12,20:14,高速动车
G7025,4,1001,上海,20:40,NULL,高速动车
G7070,1,1001,上海,NULL,20:40,高速动车
G7070,2,1015,苏州,21:12,21:14,高速动车
G7070,3,1009,常州,21:45,21:47,高速动车
G7070,4,1005,南京南,22:40,NULL,高速动车
G8261,1,1017,连云港,NULL,16:45,高速动车
G8261,2,1009,常州,19:34,19:36,高速动车
G8261,3,1015,苏州,20:07,20:09,高速动车
G8261,4,1001,上海,20:44,NULL,高速动车
C3818,1,1001,上海,NULL,20:48,城际动车
C3818,2,1006,南通,22:22,NULL,城际动车
D9507,1,1017,连云港,NULL,16:20,动车组
D9507,2,1009,常州,19:15,19:17,动车组
D9507,3,1015,苏州,19:49,19:51,动车组
D9507,4,1001,上海,20:48,NULL,动车组
G7099,1,1004,南京,NULL,18:54,高速动车
G7099,2,1009,常州,19:49,19:51,高速动车
G7099,3,1015,苏州,20:22,20:24,高速动车
G7099,4,1001,上海,20:59,NULL,高速动车
G7030,1,1001,上海,NULL,21:00,高速动车
G7030,2,1015,苏州,21:32,21:34,高速动车
G7030,3,1009,常州,22:05,22:07,高速动车
G7030,4,1005,南京南,22:59,NULL,高速动车
G7098,1,1001,上海,NULL,21:05,高速动车
G7098,2,1015,苏州,21:37,21:39,高速动车
G7098,3,1009,常州,22:10,22:12,高速动车
G7098,4,1004,南京,22:58,NULL,高速动车
Z304,1,1001,上海,NULL,21:05,直达特快
Z304,2,1015,苏州,21:50,21:53,直达特快
Z304,3,1004,南京,23:44,23:50,直达特快
Z304,4,1038,蚌埠,01:23,01:50,直达特快
Z304,5,1011,徐州,03:09,NULL,直达特快
G7090,1,1032,安庆,NULL,17:11,高速动车
G7090,2,1040,铜陵,17:52,17:54,高速动车
G7090,3,1037,芜湖,18:25,18:27,高速动车
G7090,4,1005,南京南,19:05,19:07,高速动车
G7090,5,1009,常州,19:57,19:59,高速动车
G7090,6,1015,苏州,20:32,20:34,高速动车
G7090,7,1001,上海,21:09,NULL,高速动车
G7095,1,1015,苏州,NULL,20:29,高速动车
G7095,2,1001,上海,21:13,NULL,高速动车
G7214,1,1001,上海,NULL,21:19,高速动车
G7214,2,1015,苏州,22:02,NULL,高速动车
D710,1,1001,上海,NULL,21:23,动车组
D710,2,1015,苏州,22:08,22:10,动车组
D710,3,1004,南京,23:56,NULL,动车组
D9488,1,1004,南京,NULL,17:27,动车组
D9488,2,1007,南通西,19:58,20:00,动车组
D9488,3,1001,上海,21:26,NULL,动车组
G7254,1,1031,合肥南,NULL,18:42,高速动车
G7254,2,1005,南京南,19:30,19:34,高速动车
G7254,3,1009,常州,20:19,20:21,高速动车
G7254,4,1015,苏州,20:53,20:55,高速动车
G7254,5,1001,上海,21:30,NULL,高速动车
G7360,1,1022,杭州,NULL,20:00,高速动车
G7360,2,1020,嘉兴南,20:29,20:31,高速动车
G7360,3,1003,上海虹桥,21:01,21:03,高速动车
G7360,4,1001,上海,21:34,NULL,高速动车
G7027,1,1004,南京,NULL,20:00,高速动车
G7027,2,1009,常州,20:45,20:47,高速动车
G7027,3,1015,苏州,21:18,21:20,高速动车
G7027,4,1001,上海,21:49,NULL,高速动车
G7068,1,1001,上海,NULL,21:50,高速动车
G7068,2,1015,苏州,22:16,22:18,高速动车
G7068,3,1009,常州,22:49,22:51,高速动车
G7068,4,1004,南京,23:30,NULL,高速动车
C3870,1,1004,南京,NULL,17:59,城际动车
C3870,2,1001,上海,21:51,NULL,城际动车
G7275,1,1043,阜阳西,NULL,18:24,高速动车
G7275,2,1036,淮南南,19:05,19:07,高速动车
G7275,3,1030,合肥,19:34,19:39,高速动车
G7275,4,1005,南京南,20:30,20:34,高速动车
G7275,5,1016,苏州北,21:25,21:27,高速动车
G7275,6,1001,上海,21:55,NULL,高速动车
G7220,1,1037,芜湖,NULL,19:16,高速动车
G7220,2,1005,南京南,20:00,20:04,高速动车
G7220,3,1009,常州,20:50,20:52,高速动车
G7220,4,1015,苏州,21:23,21:25,高速动车
G7220,5,1001,上海,21:59,NULL,高速动车
K8482,1,1001,上海,NULL,22:04,快速
K8482,2,1015,苏州,22:59,23:02,快速
K8482,3,1009,常州,23:59,00:03,快速
K8482,4,1004,南京,01:29,01:37,快速
K8482,5,1038,蚌埠,03:55,04:02,快速
K8482,6,1042,阜阳,07:23,NULL,快速
K1048,1,1001,上海,NULL,22:12,快速
K1048,2,1015,苏州,23:05,23:09,快速
K1048,3,1009,常州,00:07,00:11,快速
K1048,4,1004,南京,02:09,02:18,快速
K1048,5,1038,蚌埠,04:16,04:22,快速
K1048,6,1042,阜阳,07:53,NULL,快速
G7210,1,1001,上海,NULL,22:13,高速动车
G7210,2,1015,苏州,22:47,NULL,高速动车
K1505,1,1042,阜阳,NULL,12:19,快速
K1505,2,1034,淮南,13:41,13:45,快速
K1505,3,1038,蚌埠,15:54,16:15,快速
K1505,4,1004,南京,18:21,18:29,快速
K1505,5,1009,常州,20:08,20:12,快速
K1505,6,1015,苏州,21:12,21:15,快速
K1505,7,1001,上海,22:22,NULL,快速
G7212,1,1001,上海,NULL,22:23,高速动车
G7212,2,1015,苏州,22:52,22:54,高速动车
G7212,3,1009,常州,23:20,NULL,高速动车
G7069,1,1004,南京,NULL,20:39,高速动车
G7069,2,1009,常州,21:24,21:26,高速动车
G7069,3,1015,苏州,21:57,21:59,高速动车
G7069,4,1001,上海,22:33,NULL,高速动车
K8365,1,1042,阜阳,NULL,12:55,快速
K8365,2,1034,淮南,14:30,14:36,快速
K8365,3,1038,蚌埠,16:31,16:47,快速
K8365,4,1004,南京,18:53,19:08,快速
K8365,5,1009,常州,20:33,20:36,快速
K8365,6,1015,苏州,21:30,21:34,快速
K8365,7,1001,上海,22:36,NULL,快速
G15,1,1005,南京南,NULL,21:34,高速动车
G15,2,1001,上海,22:43,NULL,高速动车
D310,1,1001,上海,NULL,22:44,动车组
D310,2,1015,苏州,23:28,23:31,动车组
D310,3,1009,常州,00:16,00:19,动车组
D310,4,1004,南京,01:41,01:49,动车组
D310,5,1011,徐州,05:12,NULL,动车组
G7094,1,1032,安庆,NULL,18:48,高速动车
G7094,2,1040,铜陵,19:29,19:31,高速动车
G7094,3,1037,芜湖,20:08,20:10,高速动车
G7094,4,1005,南京南,20:54,20:57,高速动车
G7094,5,1009,常州,21:47,21:49,高速动车
G7094,6,1015,苏州,22:20,22:22,高速动车
G7094,7,1001,上海,22:48,NULL,高速动车
D306,1,1001,上海,NULL,22:50,动车组
D306,2,1015,苏州,23:34,23:37,动车组
D306,3,1009,常州,00:22,00:25,动车组
D306,4,1004,南京,01:47,01:55,动车组
D306,5,1011,徐州,05:18,NULL,动车组
K8427,1,1038,蚌埠,NULL,16:53,快速
K8427,2,1004,南京,18:59,19:14,快速
K8427,3,1015,苏州,21:42,21:46,快速
K8427,4,1001,上海,22:53,NULL,快速
G8269,1,1009,常州,NULL,21:41,高速动车
G8269,2,1015,苏州,22:12,22:14,高速动车
G8269,3,1001,上海,22:57,NULL,高速动车
G236,1,1012,徐州东,NULL,20:28,高速动车
G236,2,1005,南京南,21:48,21:51,高速动车
G236,3,1001,上海,23:10,NULL,高速动车
K8432,1,1001,上海,NULL,23:18,快速
K8432,2,1015,苏州,00:21,00:25,快速
K8432,3,1009,常州,01:24,01:27,快速
K8432,4,1004,南京,02:58,03:06,快速
K8432,5,1038,蚌埠,05:24,05:40,快速
K8432,6,1011,徐州,09:22,NULL,快速
G8265,1,1017,连云港,NULL,19:40,高速动车
G8265,2,1009,常州,22:10,22:12,高速动车
G8265,3,1015,苏州,22:44,22:46,高速动车
G8265,4,1001,上海,23:19,NULL,高速动车
K8362,1,1001,上海,NULL,23:24,快速
K8362,2,1015,苏州,00:27,00:31,快速
K8362,3,1009,常州,01:36,01:45,快速
K8362,4,1004,南京,03:10,03:27,快速
K8362,5,1037,芜湖,05:09,05:35,快速
K8362,6,1030,合肥,07:11,07:33,快速
K8362,7,1042,阜阳,11:05,NULL,快速
K8366,1,1001,上海,NULL,23:33,快速
K8366,2,1015,苏州,00:36,00:40,快速
K8366,3,1004,南京,03:04,03:12,快速
K8366,4,1038,蚌埠,05:12,05:26,快速
K8366,5,1034,淮南,06:38,06:41,快速
K8366,6,1042,阜阳,08:22,NULL,快速
K1506,1,1001,上海,NULL,23:41,快速
K1506,2,1015,苏州,00:43,00:47,快速
K1506,3,1009,常州,01:48,01:52,快速
K1506,4,1004,南京,03:26,03:34,快速
K1506,5,1038,蚌埠,05:41,06:09,快速
K1506,6,1034,淮南,07:21,07:24,快速
K1506,7,1042,阜阳,09:37,NULL,快速
K8428,1,1001,上海,NULL,23:49,快速
K8428,2,1015,苏州,00:52,00:56,快速
K8428,3,1009,常州,01:58,02:02,快速
K8428,4,1004,南京,03:35,03:46,快速
K8428,5,1038,蚌埠,05:47,NULL,快速
K1372,1,1028,金华,NULL,00:34,快速
K1372,2,1024,杭州南,02:08,02:12,快速
K1372,3,1002,上海南,04:15,NULL,快速
K1805,1,1011,徐州,NULL,16:20,快速
K1805,2,1038,蚌埠,19:12,19:20,快速
K1805,3,1004,南京,22:08,22:25,快速
K1805,4,1009,常州,00:56,01:00,快速
K1805,5,1015,苏州,02:24,02:29,快速
K1805,6,1002,上海南,03:51,04:22,快速
K1805,7,1022,杭州,06:29,NULL,快速
K528,1,1027,衢州,NULL,23:13,快速
K528,2,1028,金华,00:09,00:15,快速
K528,3,1024,杭州南,01:59,02:03,快速
K528,4,1002,上海南,04:06,04:28,快速
K528,5,1015,苏州,05:38,05:42,快速
K528,6,1009,常州,06:41,06:44,快速
K528,7,1004,南京,08:16,NULL,快速
K1511,1,1011,徐州,NULL,20:04,快速
K1511,2,1038,蚌埠,22:12,22:28,快速
K1511,3,1004,南京,00:39,00:46,快速
K1511,4,1009,常州,02:06,02:09,快速
K1511,5,1015,苏州,03:07,03:11,快速
K1511,6,1002,上海南,04:21,04:56,快速
K1511,7,1024,杭州南,06:58,07:05,快速
K1511,8,1028,金华,08:49,NULL,快速
K335,1,1011,徐州,NULL,21:01,快速
K335,2,1038,蚌埠,22:47,22:52,快速
K335,3,1004,南京,00:57,01:04,快速
K335,4,1009,常州,02:24,02:27,快速
K335,5,1015,苏州,03:25,03:28,快速
K335,6,1002,上海南,04:41,05:02,快速
K335,7,1024,杭州南,07:11,07:17,快速
K335,8,1021,宁波,09:37,NULL,快速
K752,1,1027,衢州,NULL,23:38,快速
K752,2,1028,金华,00:34,00:41,快速
K752,3,1024,杭州南,02:40,02:46,快速
K752,4,1002,上海南,05:28,NULL,快速
K80,1,1027,衢州,NULL,00:22,快速
K80,2,1028,金华,01:18,01:25,快速
K80,3,1024,杭州南,03:10,03:17,快速
K80,4,1002,上海南,05:35,NULL,快速
K8354,1,1018,连云港东,NULL,16:25,快速
K8354,2,1017,连云港,16:53,16:58,快速
K8354,3,1013,新沂,18:07,18:10,快速
K8354,4,1011,徐州,19:34,19:46,快速
K8354,5,1038,蚌埠,22:40,22:46,快速
K8354,6,1004,南京,00:51,00:58,快速
K8354,7,1009,常州,02:18,02:21,快速
K8354,8,1015,苏州,03:31,03:35,快速
K8354,9,1002,上海南,05:22,05:46,快速
K8354,10,1022,杭州,08:02,NULL,快速
T135,1,1011,徐州,NULL,21:21,特快
T135,2,1038,蚌埠,23:10,23:16,特快
T135,3,1004,南京,01:15,01:21,特快
T135,4,1009,常州,02:39,02:43,特快
T135,5,1015,苏州,03:43,03:48,特快
T135,6,1002,上海南,05:48,06:16,特快
T135,7,1024,杭州南,08:16,08:27,特快
T135,8,1021,宁波,11:06,NULL,特快
K288,1,1024,杭州南,NULL,04:05,快速
K288,2,1002,上海南,06:27,NULL,快速
D3072,1,1002,上海南,NULL,06:27,动车组
D3072,2,1003,上海虹桥,06:51,07:03,动车组
D3072,3,1015,苏州,07:38,07:40,动车组
D3072,4,1009,常州,08:12,08:14,动车组
D3072,5,1005,南京南,09:10,09:17,动车组
D3072,6,1031,合肥南,10:16,NULL,动车组
K50,1,1011,徐州,NULL,21:45,快速
K50,2,1038,蚌埠,23:28,23:33,快速
K50,3,1004,南京,01:31,01:38,快速
K50,4,1009,常州,03:18,03:23,快速
K50,5,1015,苏州,04:31,04:36,快速
K50,6,1002,上海南,05:58,06:33,快速
K50,7,1022,杭州,09:11,NULL,快速
Z245,1,1028,金华,NULL,03:21,直达特快
Z245,2,1024,杭州南,04:33,04:39,直达特快
Z245,3,1002,上海南,06:44,NULL,直达特快
D5401,1,1002,上海南,NULL,06:53,动车组
D5401,2,1022,杭州,08:39,NULL,动车组
K1187,1,1027,衢州,NULL,01:01,快速
K1187,2,1028,金华,02:00,02:09,快速
K1187,3,1024,杭州南,04:09,04:15,快速
K1187,4,1002,上海南,07:06,NULL,快速
K833,1,1002,上海南,NULL,07:07,快速
K833,2,1024,杭州南,09:32,09:38,快速
K833,3,1028,金华,12:01,12:07,快速
K833,4,1027,衢州,12:59,NULL,快速
K1091,1,1011,徐州,NULL,18:42,快速
K1091,2,1038,蚌埠,22:06,22:22,快速
K1091,3,1004,南京,00:45,00:52,快速
K1091,4,1009,常州,02:12,02:15,快速
K1091,5,1015,苏州,03:49,03:54,快速
K1091,6,1002,上海南,06:50,07:21,快速
K1091,7,1022,杭州,10:07,10:38,快速
K1091,8,1028,金华,13:16,13:30,快速
K1091,9,1027,衢州,14:40,NULL,快速
K751,1,1002,上海南,NULL,07:31,快速
K751,2,1024,杭州南,10:03,10:08,快速
K751,3,1028,金华,12:16,12:22,快速
K751,4,1027,衢州,13:14,NULL,快速
K1128,1,1027,衢州,NULL,01:22,快速
K1128,2,1028,金华,02:32,02:42,快速
K1128,3,1022,杭州,05:15,05:30,快速
K1128,4,1002,上海南,07:58,NULL,快速
T212,1,1027,衢州,NULL,02:43,特快
T212,2,1028,金华,03:37,03:45,特快
T212,3,1024,杭州南,05:16,05:22,特快
T212,4,1002,上海南,08:18,NULL,特快
D771,1,1002,上海南,NULL,08:18,动车组
D771,2,1023,杭州东,09:56,09:59,动车组
D771,3,1024,杭州南,10:14,10:20,动车组
D771,4,1028,金华,11:37,11:43,动车组
D771,5,1027,衢州,12:22,NULL,动车组
K512,1,1028,金华,NULL,03:06,快速
K512,2,1024,杭州南,05:04,05:09,快速
K512,3,1002,上海南,08:32,NULL,快速
D3022,1,1002,上海南,NULL,08:44,动车组
D3022,2,1003,上海虹桥,09:04,09:14,动车组
D3022,3,1015,苏州,09:42,09:44,动车组
D3022,4,1009,常州,10:32,10:34,动车组
D3022,5,1005,南京南,11:43,11:48,动车组
D3022,6,1031,合肥南,12:37,NULL,动车组
T170,1,1028,金华,NULL,04:36,特快
T170,2,1024,杭州南,06:19,06:29,特快
T170,3,1002,上海南,08:47,NULL,特快
K1185,1,1002,上海南,NULL,08:51,快速
K1185,2,1023,杭州东,10:46,10:51,快速
K1185,3,1024,杭州南,11:07,11:13,快速
K1185,4,1028,金华,13:48,13:54,快速
K1185,5,1027,衢州,14:47,NULL,快速
D3060,1,1002,上海南,NULL,09:05,动车组
D3060,2,1003,上海虹桥,09:26,09:46,动车组
D3060,3,1015,苏州,10:35,10:37,动车组
D3060,4,1009,常州,11:19,11:21,动车组
D3060,5,1005,南京南,12:22,12:26,动车组
D3060,6,1031,合肥南,13:14,NULL,动车组
D5402,1,1022,杭州,NULL,07:28,动车组
D5402,2,1002,上海南,09:06,NULL,动车组
Z258,1,1028,金华,NULL,05:12,直达特快
Z258,2,1024,杭州南,06:47,06:51,直达特快
Z258,3,1002,上海南,09:12,NULL,直达特快
D5403,1,1002,上海南,NULL,09:32,动车组
D5403,2,1022,杭州,11:13,NULL,动车组
D3068,1,1002,上海南,NULL,09:38,动车组
D3068,2,1003,上海虹桥,10:01,10:10,动车组
D3068,3,1015,苏州,10:50,10:52,动车组
D3068,4,1009,常州,11:24,11:26,动车组
D3068,5,1005,南京南,12:27,12:31,动车组
D3068,6,1031,合肥南,13:19,NULL,动车组
K470,1,1028,金华,NULL,04:22,快速
K470,2,1024,杭州南,06:10,06:14,快速
K470,3,1002,上海南,09:26,09:52,快速
K470,4,1015,苏州,11:26,NULL,快速
D5483,1,1002,上海南,NULL,10:13,动车组
D5483,2,1023,杭州东,11:52,11:56,动车组
D5483,3,1024,杭州南,12:11,12:13,动车组
D5483,4,1028,金华,13:42,13:48,动车组
D5483,5,1027,衢州,14:27,NULL,动车组
T78,1,1027,衢州,NULL,05:15,特快
T78,2,1028,金华,06:04,06:10,特快
T78,3,1024,杭州南,07:38,07:42,特快
T78,4,1002,上海南,10:18,NULL,特快
Z284,1,1011,徐州,NULL,02:35,直达特快
Z284,2,1038,蚌埠,03:54,03:57,直达特快
Z284,3,1004,南京,05:31,05:37,直达特快
Z284,4,1009,常州,06:55,07:00,直达特快
Z284,5,1015,苏州,07:58,08:01,直达特快
Z284,6,1002,上海南,09:51,10:20,直达特快
Z284,7,1022,杭州,12:15,NULL,直达特快
D5404,1,1022,杭州,NULL,08:58,动车组
D5404,2,1002,上海南,10:38,NULL,动车组
T169,1,1002,上海南,NULL,10:42,特快
T169,2,1024,杭州南,12:35,12:41,特快
T169,3,1028,金华,14:23,14:31,特快
T169,4,1027,衢州,15:18,NULL,特快
D5405,1,1002,上海南,NULL,10:59,动车组
D5405,2,1022,杭州,12:40,NULL,动车组
T102,1,1028,金华,NULL,07:15,特快
T102,2,1024,杭州南,09:00,09:06,特快
T102,3,1002,上海南,11:05,NULL,特快
K124,1,1028,金华,NULL,05:22,快速
K124,2,1024,杭州南,07:16,07:22,快速
K124,3,1002,上海南,11:18,NULL,快速
T77,1,1002,上海南,NULL,11:25,特快
T77,2,1024,杭州南,13:25,13:34,特快
T77,3,1028,金华,15:05,NULL,特快
T382,1,1028,金华,NULL,07:22,特快
T382,2,1024,杭州南,09:07,09:13,特快
T382,3,1002,上海南,11:32,NULL,特快
K576,1,1028,金华,NULL,06:28,快速
K576,2,1024,杭州南,08:19,08:24,快速
K576,3,1002,上海南,11:38,NULL,快速
T211,1,1002,上海南,NULL,11:41,特快
T211,2,1024,杭州南,13:47,13:52,特快
T211,3,1028,金华,15:25,15:33,特快
T211,4,1027,衢州,16:24,NULL,特快
K1371,1,1002,上海南,NULL,11:49,快速
K1371,2,1024,杭州南,13:59,14:05,快速
K1371,3,1028,金华,15:47,15:54,快速
K1371,4,1027,衢州,16:46,NULL,快速
K759,1,1002,上海南,NULL,12:01,快速
K759,2,1024,杭州南,14:33,14:42,快速
K759,3,1028,金华,16:34,16:40,快速
K759,4,1027,衢州,17:41,NULL,快速
K760,1,1028,金华,NULL,06:50,快速
K760,2,1024,杭州南,08:54,09:00,快速
K760,3,1002,上海南,12:09,NULL,快速
D5407,1,1002,上海南,NULL,12:13,动车组
D5407,2,1022,杭州,13:56,NULL,动车组
K73,1,1027,衢州,NULL,05:56,快速
K73,2,1028,金华,06:52,07:00,快速
K73,3,1024,杭州南,09:15,09:21,快速
K73,4,1002,上海南,12:15,NULL,快速
K352,1,1027,衢州,NULL,05:28,快速
K352,2,1028,金华,06:28,06:36,快速
K352,3,1024,杭州南,08:31,08:43,快速
K352,4,1023,杭州东,08:59,09:07,快速
K352,5,1002,上海南,12:34,NULL,快速
K1108,1,1030,合肥,NULL,03:32,快速
K1108,2,1037,芜湖,05:15,05:21,快速
K1108,3,1033,宣城,06:18,06:23,快速
K1108,4,1022,杭州,09:17,09:45,快速
K1108,5,1002,上海南,12:40,NULL,快速
K112,1,1027,衢州,NULL,07:25,快速
K112,2,1028,金华,08:29,08:35,快速
K112,3,1024,杭州南,10:16,10:20,快速
K112,4,1023,杭州东,10:36,10:41,快速
K112,5,1002,上海南,12:46,NULL,快速
D5484,1,1027,衢州,NULL,09:07,动车组
D5484,2,1028,金华,09:51,09:53,动车组
D5484,3,1023,杭州东,11:23,11:29,动车组
D5484,4,1002,上海南,13:04,NULL,动车组
T101,1,1002,上海南,NULL,13:13,特快
T101,2,1024,杭州南,15:16,15:22,特快
T101,3,1028,金华,17:09,NULL,特快
K808,1,1028,金华,NULL,08:00,快速
K808,2,1024,杭州南,09:56,10:07,快速
K808,3,1023,杭州东,10:23,10:32,快速
K808,4,1002,上海南,12:58,13:26,快速
K808,5,1015,苏州,14:54,NULL,快速
T82,1,1027,衢州,NULL,08:43,特快
T82,2,1028,金华,09:32,09:38,特快
T82,3,1024,杭州南,11:22,11:28,特快
T82,4,1002,上海南,13:27,NULL,特快
D5409,1,1002,上海南,NULL,13:34,动车组
D5409,2,1022,杭州,15:14,NULL,动车组
K123,1,1002,上海南,NULL,13:40,快速
K123,2,1024,杭州南,16:02,16:10,快速
K123,3,1028,金华,17:52,17:58,快速
K123,4,1027,衢州,19:06,NULL,快速
K254,1,1027,衢州,NULL,07:13,快速
K254,2,1028,金华,08:17,08:28,快速
K254,3,1024,杭州南,10:23,10:27,快速
K254,4,1023,杭州东,10:43,10:48,快速
K254,5,1002,上海南,13:47,NULL,快速
D5406,1,1022,杭州,NULL,12:25,动车组
D5406,2,1002,上海南,14:05,NULL,动车组
K1107,1,1002,上海南,NULL,14:06,快速
K1107,2,1022,杭州,16:06,16:28,快速
K1107,3,1033,宣城,18:54,18:57,快速
K1107,4,1037,芜湖,19:50,19:56,快速
K1107,5,1030,合肥,21:26,NULL,快速
K575,1,1002,上海南,NULL,14:12,快速
K575,2,1024,杭州南,16:27,16:33,快速
K575,3,1028,金华,18:28,18:39,快速
K575,4,1027,衢州,19:34,NULL,快速
K1806,1,1022,杭州,NULL,11:34,快速
K1806,2,1002,上海南,13:59,14:26,快速
K1806,3,1015,苏州,15:33,15:37,快速
K1806,4,1009,常州,16:48,16:51,快速
K1806,5,1004,南京,18:24,18:32,快速
K1806,6,1038,蚌埠,21:27,21:32,快速
K1806,7,1011,徐州,23:22,NULL,快速
K71,1,1002,上海南,NULL,14:34,快速
K71,2,1024,杭州南,16:55,17:01,快速
K71,3,1028,金华,18:59,19:05,快速
K71,4,1027,衢州,19:57,NULL,快速
D5495,1,1002,上海南,NULL,14:45,动车组
D5495,2,1022,杭州,16:24,16:30,动车组
D5495,3,1028,金华,18:04,18:10,动车组
D5495,4,1027,衢州,18:50,NULL,动车组
D5408,1,1022,杭州,NULL,13:10,动车组
D5408,2,1002,上海南,14:52,NULL,动车组
K111,1,1002,上海南,NULL,15:05,快速
K111,2,1024,杭州南,17:28,17:36,快速
K111,3,1028,金华,19:35,19:42,快速
K111,4,1027,衢州,20:44,NULL,快速
T26,1,1027,衢州,NULL,09:40,特快
T26,2,1028,金华,10:32,10:38,特快
T26,3,1024,杭州南,12:29,12:33,特快
T26,4,1002,上海南,15:06,NULL,特快
K1374,1,1027,衢州,NULL,09:21,快速
K1374,2,1028,金华,10:17,10:32,快速
K1374,3,1024,杭州南,12:17,12:23,快速
K1374,4,1023,杭州东,12:39,12:52,快速
K1374,5,1002,上海南,15:12,NULL,快速
K253,1,1002,上海南,NULL,15:13,快速
K253,2,1023,杭州东,17:46,17:55,快速
K253,3,1024,杭州南,18:11,18:16,快速
K253,4,1028,金华,20:02,20:12,快速
K253,5,1027,衢州,21:25,NULL,快速
D5496,1,1027,衢州,NULL,11:22,动车组
D5496,2,1028,金华,12:05,12:11,动车组
D5496,3,1022,杭州,13:46,13:55,动车组
D5496,4,1002,上海南,15:34,NULL,动车组
K351,1,1002,上海南,NULL,15:36,快速
K351,2,1024,杭州南,18:34,18:39,快速
K351,3,1028,金华,20:21,20:27,快速
K351,4,1027,衢州,21:53,NULL,快速
D5411,1,1002,上海南,NULL,15:46,动车组
D5411,2,1022,杭州,17:25,NULL,动车组
D5485,1,1002,上海南,NULL,15:57,动车组
D5485,2,1023,杭州东,17:35,17:39,动车组
D5485,3,1028,金华,19:13,19:19,动车组
D5485,4,1027,衢州,20:04,NULL,动车组
D5410,1,1022,杭州,NULL,14:16,动车组
D5410,2,1002,上海南,15:59,NULL,动车组
T81,1,1002,上海南,NULL,16:05,特快
T81,2,1024,杭州南,18:05,18:10,特快
T81,3,1028,金华,19:54,20:02,特快
T81,4,1027,衢州,20:50,NULL,特快
K1512,1,1028,金华,NULL,10:45,快速
K1512,2,1024,杭州南,12:36,12:44,快速
K1512,3,1002,上海南,15:47,16:17,快速
K1512,4,1015,苏州,17:40,17:45,快速
K1512,5,1009,常州,18:45,18:50,快速
K1512,6,1004,南京,20:23,20:36,快速
K1512,7,1011,徐州,01:45,NULL,快速
D5413,1,1002,上海南,NULL,16:28,动车组
D5413,2,1022,杭州,18:07,NULL,动车组
K48,1,1022,杭州,NULL,13:37,快速
K48,2,1002,上海南,16:14,16:34,快速
K48,3,1015,苏州,17:53,17:56,快速
K48,4,1009,常州,18:54,18:57,快速
K48,5,1004,南京,20:39,20:48,快速
K48,6,1038,蚌埠,00:42,00:46,快速
K48,7,1011,徐州,02:35,NULL,快速
K1373,1,1002,上海南,NULL,16:49,快速
K1373,2,1023,杭州东,19:01,19:05,快速
K1373,3,1024,杭州南,19:21,19:29,快速
K1373,4,1028,金华,21:28,21:35,快速
K1373,5,1027,衢州,22:27,NULL,快速
T381,1,1002,上海南,NULL,16:55,特快
T381,2,1024,杭州南,18:57,19:03,特快
T381,3,1028,金华,20:38,20:44,特快
T381,4,1027,衢州,21:45,NULL,特快
K496,1,1028,金华,NULL,11:44,快速
K496,2,1024,杭州南,13:53,13:58,快速
K496,3,1023,杭州东,14:14,14:20,快速
K496,4,1002,上海南,16:56,NULL,快速
D5412,1,1022,杭州,NULL,15:35,动车组
D5412,2,1002,上海南,17:14,NULL,动车组
K469,1,1015,苏州,NULL,15:23,快速
K469,2,1002,上海南,16:49,17:20,快速
K469,3,1023,杭州东,19:26,19:35,快速
K469,4,1024,杭州南,19:51,19:55,快速
K469,5,1028,金华,21:56,22:02,快速
K469,6,1027,衢州,22:54,NULL,快速
K1127,1,1002,上海南,NULL,17:28,快速
K1127,2,1022,杭州,20:07,20:31,快速
K1127,3,1028,金华,22:54,23:12,快速
K1127,4,1027,衢州,00:15,NULL,快速
D5415,1,1002,上海南,NULL,17:42,动车组
D5415,2,1022,杭州,19:22,NULL,动车组
T25,1,1002,上海南,NULL,17:49,特快
T25,2,1024,杭州南,20:03,20:10,特快
T25,3,1028,金华,21:43,21:51,特快
T25,4,1027,衢州,22:39,NULL,特快
K79,1,1002,上海南,NULL,18:26,快速
K79,2,1024,杭州南,20:52,20:58,快速
K79,3,1028,金华,23:00,23:06,快速
K79,4,1027,衢州,00:08,NULL,快速
K807,1,1015,苏州,NULL,16:59,快速
K807,2,1002,上海南,18:27,18:51,快速
K807,3,1023,杭州东,20:48,20:57,快速
K807,4,1024,杭州南,21:13,21:19,快速
K807,5,1028,金华,23:21,23:33,快速
K807,6,1027,衢州,00:36,NULL,快速
K495,1,1002,上海南,NULL,19:03,快速
K495,2,1024,杭州南,21:20,21:25,快速
K495,3,1028,金华,23:13,NULL,快速
Z257,1,1002,上海南,NULL,19:09,直达特快
Z257,2,1024,杭州南,21:07,21:13,直达特快
Z257,3,1028,金华,22:31,NULL,直达特快
K527,1,1004,南京,NULL,14:38,快速
K527,2,1009,常州,16:13,16:16,快速
K527,3,1015,苏州,17:15,17:19,快速
K527,4,1002,上海南,18:48,19:15,快速
K527,5,1024,杭州南,21:26,21:32,快速
K527,6,1028,金华,23:28,23:40,快速
K527,7,1027,衢州,01:26,NULL,快速
D3074,1,1031,合肥南,NULL,15:15,动车组
D3074,2,1005,南京南,16:14,16:18,动车组
D3074,3,1015,苏州,18:06,18:08,动车组
D3074,4,1003,上海虹桥,18:47,19:00,动车组
D3074,5,1002,上海南,19:21,NULL,动车组
K511,1,1002,上海南,NULL,19:21,快速
K511,2,1024,杭州南,21:36,21:42,快速
K511,3,1028,金华,23:35,23:47,快速
K511,4,1027,衢州,01:33,NULL,快速
Z282,1,1022,杭州,NULL,17:04,直达特快
Z282,2,1002,上海南,18:54,19:30,直达特快
Z282,3,1015,苏州,20:25,20:30,直达特快
Z282,4,1009,常州,21:17,21:21,直达特快
Z282,5,1004,南京,22:48,22:55,直达特快
Z282,6,1038,蚌埠,00:28,00:33,直达特快
Z282,7,1011,徐州,02:10,NULL,直达特快
D5414,1,1022,杭州,NULL,17:57,动车组
D5414,2,1002,上海南,19:37,NULL,动车组
D5417,1,1002,上海南,NULL,20:02,动车组
D5417,2,1022,杭州,21:46,NULL,动车组
D5416,1,1022,杭州,NULL,18:27,动车组
D5416,2,1002,上海南,20:07,NULL,动车组
K287,1,1002,上海南,NULL,20:24,快速
K287,2,1024,杭州南,23:03,23:08,快速
K287,3,1028,金华,00:51,NULL,快速
K8352,1,1022,杭州,NULL,17:42,快速
K8352,2,1002,上海南,19:58,20:30,快速
K8352,3,1015,苏州,21:42,21:45,快速
K8352,4,1009,常州,23:34,23:38,快速
K8352,5,1004,南京,01:35,01:43,快速
K8352,6,1038,蚌埠,04:01,04:08,快速
K8352,7,1011,徐州,06:57,07:03,快速
K8352,8,1013,新沂,08:27,08:30,快速
K8352,9,1017,连云港,09:28,09:31,快速
K8352,10,1018,连云港东,09:59,NULL,快速
D5486,1,1027,衢州,NULL,16:26,动车组
D5486,2,1028,金华,17:07,17:13,动车组
D5486,3,1024,杭州南,18:40,18:42,动车组
D5486,4,1023,杭州东,18:54,19:00,动车组
D5486,5,1002,上海南,20:31,NULL,动车组
Z247,1,1002,上海南,NULL,20:42,直达特快
Z247,2,1024,杭州南,22:31,22:40,直达特快
Z247,3,1028,金华,00:05,NULL,直达特快
K336,1,1021,宁波,NULL,15:43,快速
K336,2,1024,杭州南,17:48,17:54,快速
K336,3,1002,上海南,20:45,21:16,快速
K336,4,1015,苏州,22:53,22:56,快速
K336,5,1009,常州,23:47,23:50,快速
K336,6,1004,南京,01:23,01:31,快速
K336,7,1038,蚌埠,03:29,03:44,快速
K336,8,1011,徐州,05:27,NULL,快速
D3070,1,1031,合肥南,NULL,18:08,动车组
D3070,2,1005,南京南,19:09,19:13,动车组
D3070,3,1009,常州,20:08,20:10,动车组
D3070,4,1015,苏州,20:48,20:50,动车组
D3070,5,1003,上海虹桥,21:24,21:34,动车组
D3070,6,1002,上海南,21:56,NULL,动车组
K1092,1,1027,衢州,NULL,15:34,快速
K1092,2,1028,金华,16:30,16:36,快速
K1092,3,1022,杭州,18:47,19:08,快速
K1092,4,1002,上海南,21:31,22:00,快速
K1092,5,1015,苏州,23:11,23:15,快速
K1092,6,1009,常州,00:31,00:35,快速
K1092,7,1004,南京,02:36,02:43,快速
K1092,8,1038,蚌埠,04:48,04:55,快速
K1092,9,1011,徐州,08:42,NULL,快速
D5418,1,1022,杭州,NULL,20:18,动车组
D5418,2,1002,上海南,22:07,NULL,动车组
T136,1,1021,宁波,NULL,17:36,特快
T136,2,1024,杭州南,19:45,19:53,特快
T136,3,1023,杭州东,20:09,20:15,特快
T136,4,1002,上海南,22:16,22:40,特快
T136,5,1015,苏州,23:59,00:02,特快
T136,6,1009,常州,00:59,01:03,特快
T136,7,1004,南京,02:24,02:32,特快
T136,8,1011,徐州,06:16,NULL,特快
D772,1,1027,衢州,NULL,19:15,动车组
D772,2,1028,金华,19:58,20:04,动车组
D772,3,1024,杭州南,21:27,21:30,动车组
D772,4,1023,杭州东,21:46,21:49,动车组
D772,5,1002,上海南,23:18,NULL,动车组
K834,1,1027,衢州,NULL,18:25,快速
K834,2,1028,金华,19:27,19:33,快速
K834,3,1024,杭州南,21:15,21:24,快速
K834,4,1002,上海南,23:33,NULL,快速
G7541,1,1003,上海虹桥,NULL,05:49,高速动车
G7541,2,1023,杭州东,06:48,06:50,高速动车
G7541,3,1024,杭州南,06:59,07:01,高速动车
G7541,4,1021,宁波,07:50,NULL,高速动车
D2206,1,1003,上海虹桥,NULL,06:00,动车组
D2206,2,1007,南通西,07:10,07:13,动车组
D2206,3,1031,合肥南,10:11,NULL,动车组
G1786,1,1003,上海虹桥,NULL,06:00,高速动车
G1786,2,1010,常州北,06:47,06:49,高速动车
G1786,3,1005,南京南,07:29,07:34,高速动车
G1786,4,1031,合肥南,08:34,NULL,高速动车
G456,1,1003,上海虹桥,NULL,06:05,高速动车
G456,2,1010,常州北,06:52,06:54,高速动车
G456,3,1005,南京南,07:32,07:34,高速动车
G456,4,1039,蚌埠南,08:16,08:18,高速动车
G456,5,1012,徐州东,08:56,NULL,高速动车
G1321,1,1003,上海虹桥,NULL,06:10,高速动车
G1321,2,1023,杭州东,06:56,07:00,高速动车
G1321,3,1028,金华,07:57,07:59,高速动车
G1321,4,1027,衢州,08:20,NULL,高速动车
G1970,1,1003,上海虹桥,NULL,06:10,高速动车
G1970,2,1016,苏州北,06:33,06:35,高速动车
G1970,3,1010,常州北,06:57,06:59,高速动车
G1970,4,1005,南京南,07:37,07:39,高速动车
G1970,5,1039,蚌埠南,08:21,08:23,高速动车
G1970,6,1012,徐州东,09:01,NULL,高速动车
D352,1,1003,上海虹桥,NULL,06:13,动车组
D352,2,1015,苏州,06:47,06:49,动车组
D352,3,1009,常州,07:26,07:28,动车组
D352,4,1005,南京南,08:30,08:37,动车组
D352,5,1031,合肥南,09:25,NULL,动车组
G1802,1,1003,上海虹桥,NULL,06:15,高速动车
G1802,2,1016,苏州北,06:38,06:40,高速动车
G1802,3,1005,南京南,07:42,07:44,高速动车
G1802,4,1012,徐州东,09:12,NULL,高速动车
G7331,1,1003,上海虹桥,NULL,06:15,高速动车
G7331,2,1023,杭州东,07:07,07:18,高速动车
G7331,3,1029,金华南,08:16,08:18,高速动车
G7331,4,1019,丽水,09:04,09:06,高速动车
G7331,5,1026,温州南,09:41,NULL,高速动车
G7333,1,1003,上海虹桥,NULL,06:27,高速动车
G7333,2,1023,杭州东,07:22,07:26,高速动车
G7333,3,1029,金华南,08:25,08:27,高速动车
G7333,4,1019,丽水,09:13,09:15,高速动车
G7333,5,1026,温州南,09:56,NULL,高速动车
G9232,1,1003,上海虹桥,NULL,06:27,高速动车
G9232,2,1009,常州,07:36,NULL,高速动车
D636,1,1003,上海虹桥,NULL,06:32,动车组
D636,2,1009,常州,07:41,07:43,动车组
D636,3,1005,南京南,08:46,08:52,动车组
D636,4,1031,合肥南,09:46,NULL,动车组
G3176,1,1003,上海虹桥,NULL,06:32,高速动车
G3176,2,1005,南京南,07:52,07:56,高速动车
G3176,3,1030,合肥,08:47,08:52,高速动车
G3176,4,1036,淮南南,09:19,09:21,高速动车
G3176,5,1043,阜阳西,10:01,NULL,高速动车
G104,1,1003,上海虹桥,NULL,06:37,高速动车
G104,2,1005,南京南,07:59,08:02,高速动车
G104,3,1039,蚌埠南,08:44,08:53,高速动车
G104,4,1012,徐州东,09:31,NULL,高速动车
D916,1,1023,杭州东,NULL,05:45,动车组
D916,2,1003,上海虹桥,06:35,06:38,动车组
D916,3,1006,南通,08:10,NULL,动车组
D3145,1,1003,上海虹桥,NULL,06:39,动车组
D3145,2,1020,嘉兴南,07:07,07:09,动车组
D3145,3,1023,杭州东,07:40,07:43,动车组
D3145,4,1021,宁波,08:58,09:08,动车组
D3145,5,1026,温州南,10:58,NULL,动车组
G3180,1,1003,上海虹桥,NULL,06:42,高速动车
G3180,2,1016,苏州北,07:05,07:07,高速动车
G3180,3,1010,常州北,07:29,07:31,高速动车
G3180,4,1005,南京南,08:04,08:07,高速动车
G3180,5,1030,合肥,09:04,09:12,高速动车
G3180,6,1036,淮南南,09:39,09:41,高速动车
G3180,7,1043,阜阳西,10:29,NULL,高速动车
G1383,1,1003,上海虹桥,NULL,06:44,高速动车
G1383,2,1020,嘉兴南,07:11,07:14,高速动车
G1383,3,1023,杭州东,07:45,07:48,高速动车
G1383,4,1028,金华,08:38,08:40,高速动车
G1383,5,1027,衢州,09:01,NULL,高速动车
G3230,1,1003,上海虹桥,NULL,06:44,高速动车
G3230,2,1015,苏州,07:09,07:11,高速动车
G3230,3,1009,常州,07:59,08:01,高速动车
G3230,4,1005,南京南,09:02,09:07,高速动车
G3230,5,1031,合肥南,10:06,NULL,高速动车
G1772,1,1003,上海虹桥,NULL,06:47,高速动车
G1772,2,1016,苏州北,07:10,07:12,高速动车
G1772,3,1010,常州北,07:34,07:36,高速动车
G1772,4,1005,南京南,08:29,08:32,高速动车
G1772,5,1031,合肥南,09:20,NULL,高速动车
G7501,1,1003,上海虹桥,NULL,06:49,高速动车
G7501,2,1020,嘉兴南,07:16,07:22,高速动车
G7501,3,1023,杭州东,07:54,07:58,高速动车
G7501,4,1021,宁波,08:52,08:56,高速动车
G7501,5,1026,温州南,10:46,NULL,高速动车
G1651,1,1003,上海虹桥,NULL,06:54,高速动车
G1651,2,1023,杭州东,07:57,08:03,高速动车
G1651,3,1028,金华,09:00,NULL,高速动车
D937,1,1021,宁波,NULL,04:25,动车组
D937,2,1023,杭州东,05:59,06:05,动车组
D937,3,1003,上海虹桥,06:55,NULL,动车组
C3792,1,1003,上海虹桥,NULL,06:58,城际动车
C3792,2,1007,南通西,08:20,NULL,城际动车
D2287,1,1003,上海虹桥,NULL,07:00,动车组
D2287,2,1020,嘉兴南,07:38,07:41,动车组
D2287,3,1023,杭州东,08:06,08:13,动车组
D2287,4,1021,宁波,09:16,09:26,动车组
D2287,5,1026,温州南,11:23,NULL,动车组
D942,1,1021,宁波,NULL,04:30,动车组
D942,2,1023,杭州东,06:04,06:10,动车组
D942,3,1003,上海虹桥,07:00,NULL,动车组
G7543,1,1003,上海虹桥,NULL,07:05,高速动车
G7543,2,1020,嘉兴南,07:34,07:36,高速动车
G7543,3,1023,杭州东,08:00,08:08,高速动车
G7543,4,1021,宁波,09:10,09:13,高速动车
G7543,5,1026,温州南,11:05,NULL,高速动车
G2365,1,1003,上海虹桥,NULL,07:10,高速动车
G2365,2,1020,嘉兴南,07:44,07:46,高速动车
G2365,3,1023,杭州东,08:16,08:20,高速动车
G2365,4,1028,金华,09:10,NULL,高速动车
G106,1,1003,上海虹桥,NULL,07:12,高速动车
G106,2,1016,苏州北,07:37,07:39,高速动车
G106,3,1005,南京南,08:34,08:37,高速动车
G106,4,1012,徐州东,09:57,NULL,高速动车
G1974,1,1003,上海虹桥,NULL,07:17,高速动车
G1974,2,1016,苏州北,07:42,07:44,高速动车
G1974,3,1010,常州北,08:13,08:15,高速动车
G1974,4,1005,南京南,08:47,08:49,高速动车
G1974,5,1039,蚌埠南,09:31,09:41,高速动车
G1974,6,1012,徐州东,10:18,NULL,高速动车
G1371,1,1003,上海虹桥,NULL,07:21,高速动车
G1371,2,1020,嘉兴南,07:48,07:51,高速动车
G1371,3,1023,杭州东,08:21,08:25,高速动车
G1371,4,1028,金华,09:15,09:18,高速动车
G1371,5,1027,衢州,09:39,NULL,高速动车
G7102,1,1003,上海虹桥,NULL,07:24,高速动车
G7102,2,1015,苏州,08:04,08:06,高速动车
G7102,3,1009,常州,08:37,08:39,高速动车
G7102,4,1004,南京,09:26,NULL,高速动车
D701,1,1004,南京,NULL,04:58,动车组
D701,2,1015,苏州,06:35,06:37,动车组
D701,3,1003,上海虹桥,07:25,NULL,动车组
G7395,1,1003,上海虹桥,NULL,07:26,高速动车
G7395,2,1020,嘉兴南,08:00,08:02,高速动车
G7395,3,1022,杭州,08:32,08:48,高速动车
G7395,4,1005,南京南,10:32,NULL,高速动车
G110,1,1020,嘉兴南,NULL,06:53,高速动车
G110,2,1003,上海虹桥,07:20,07:28,高速动车
G110,3,1016,苏州北,07:58,08:00,高速动车
G110,4,1010,常州北,08:22,08:35,高速动车
G110,5,1005,南京南,09:14,09:16,高速动车
G110,6,1012,徐州东,10:41,NULL,高速动车
G2189,1,1003,上海虹桥,NULL,07:29,高速动车
G2189,2,1020,嘉兴南,08:04,08:07,高速动车
G2189,3,1023,杭州东,08:30,08:35,高速动车
G2189,4,1028,金华,09:25,09:30,高速动车
G2189,5,1027,衢州,09:51,NULL,高速动车
G1232,1,1003,上海虹桥,NULL,07:34,高速动车
G1232,2,1016,苏州北,08:04,08:20,高速动车
G1232,3,1005,南京南,09:25,09:30,高速动车
G1232,4,1012,徐州东,11:14,NULL,高速动车
D3131,1,1003,上海虹桥,NULL,07:35,动车组
D3131,2,1020,嘉兴南,08:10,08:12,动车组
D3131,3,1023,杭州东,08:37,08:41,动车组
D3131,4,1021,宁波,09:44,09:52,动车组
D3131,5,1026,温州南,11:42,NULL,动车组
G8312,1,1003,上海虹桥,NULL,07:37,高速动车
G8312,2,1007,南通西,08:54,08:56,高速动车
G8312,3,1014,盐城,09:57,09:59,高速动车
G8312,4,1017,连云港,11:32,NULL,高速动车
D2212,1,1020,嘉兴南,NULL,06:47,动车组
D2212,2,1003,上海虹桥,07:35,07:42,动车组
D2212,3,1015,苏州,08:19,08:21,动车组
D2212,4,1009,常州,09:04,09:06,动车组
D2212,5,1005,南京南,10:17,10:22,动车组
D2212,6,1031,合肥南,11:11,NULL,动车组
D781,1,1017,连云港,NULL,23:13,动车组
D781,2,1011,徐州,01:23,01:43,动车组
D781,3,1004,南京,04:39,04:45,动车组
D781,4,1015,苏州,06:41,06:43,动车组
D781,5,1003,上海虹桥,07:32,07:45,动车组
D781,6,1022,杭州,09:30,NULL,动车组
D377,1,1003,上海虹桥,NULL,07:46,动车组
D377,2,1020,嘉兴南,08:37,08:42,动车组
D377,3,1023,杭州东,09:07,09:09,动车组
D377,4,1024,杭州南,09:18,09:20,动车组
D377,5,1021,宁波,10:13,10:17,动车组
D377,6,1026,温州南,12:07,NULL,动车组
G598,1,1003,上海虹桥,NULL,07:46,高速动车
G598,2,1005,南京南,08:58,09:02,高速动车
G598,3,1031,合肥南,09:51,NULL,高速动车
C3752,1,1003,上海虹桥,NULL,07:49,城际动车
C3752,2,1012,徐州东,12:31,NULL,城际动车
G120,1,1003,上海虹桥,NULL,07:51,高速动车
G120,2,1010,常州北,08:41,08:43,高速动车
G120,3,1005,南京南,09:18,09:21,高速动车
G120,4,1012,徐州东,10:37,NULL,高速动车
G1631,1,1003,上海虹桥,NULL,07:54,高速动车
G1631,2,1023,杭州东,08:49,08:53,高速动车
G1631,3,1028,金华,09:42,NULL,高速动车
G8,1,1003,上海虹桥,NULL,08:00,高速动车
G8,2,1005,南京南,09:00,NULL,高速动车
G85,1,1003,上海虹桥,NULL,08:00,高速动车
G85,2,1023,杭州东,08:45,NULL,高速动车
G7556,1,1020,嘉兴南,NULL,07:27,高速动车
G7556,2,1003,上海虹桥,08:03,NULL,高速动车
G7503,1,1015,苏州,NULL,07:14,高速动车
G7503,2,1003,上海虹桥,07:57,08:04,高速动车
G7503,3,1020,嘉兴南,08:32,08:34,高速动车
G7503,4,1023,杭州东,08:57,08:59,高速动车
G7503,5,1021,宁波,09:53,NULL,高速动车
G112,1,1003,上海虹桥,NULL,08:05,高速动车
G112,2,1016,苏州北,08:28,08:30,高速动车
G112,3,1010,常州北,08:54,08:56,高速动车
G112,4,1005,南京南,09:29,09:35,高速动车
G112,5,1012,徐州东,10:56,NULL,高速动车
G1952,1,1020,嘉兴南,NULL,07:14,高速动车
G1952,2,1003,上海虹桥,07:55,08:10,高速动车
G1952,3,1016,苏州北,08:33,08:35,高速动车
G1952,4,1005,南京南,09:34,09:37,高速动车
G1952,5,1030,合肥,10:29,10:36,高速动车
G1952,6,1036,淮南南,11:03,11:05,高速动车
G1952,7,1043,阜阳西,11:39,NULL,高速动车
G7549,1,1003,上海虹桥,NULL,08:10,高速动车
G7549,2,1020,嘉兴南,08:47,08:49,高速动车
G7549,3,1023,杭州东,09:19,09:21,高速动车
G7549,4,1021,宁波,10:18,10:23,高速动车
G7549,5,1026,温州南,12:17,NULL,高速动车
G7558,1,1023,杭州东,NULL,06:59,高速动车
G7558,2,1003,上海虹桥,08:12,NULL,高速动车
G114,1,1003,上海虹桥,NULL,08:15,高速动车
G114,2,1005,南京南,09:48,09:50,高速动车
G114,3,1039,蚌埠南,10:32,10:41,高速动车
G114,4,1012,徐州东,11:18,NULL,高速动车
G1653,1,1003,上海虹桥,NULL,08:15,高速动车
G1653,2,1023,杭州东,09:01,NULL,高速动车
D3201,1,1003,上海虹桥,NULL,08:18,动车组
D3201,2,1020,嘉兴南,08:58,09:01,动车组
D3201,3,1023,杭州东,09:28,09:31,动车组
D3201,4,1021,宁波,10:40,10:47,动车组
D3201,5,1026,温州南,12:31,NULL,动车组
G7101,1,1004,南京,NULL,06:12,高速动车
G7101,2,1009,常州,07:04,07:06,高速动车
G7101,3,1015,苏州,07:44,07:46,高速动车
G7101,4,1003,上海虹桥,08:18,NULL,高速动车
G7552,1,1023,杭州东,NULL,07:16,高速动车
G7552,2,1020,嘉兴南,07:53,07:55,高速动车
G7552,3,1003,上海虹桥,08:22,NULL,高速动车
D3090,1,1003,上海虹桥,NULL,08:23,动车组
D3090,2,1007,南通西,09:45,09:47,动车组
D3090,3,1031,合肥南,13:04,NULL,动车组
G1337,1,1003,上海虹桥,NULL,08:24,高速动车
G1337,2,1020,嘉兴南,08:51,08:54,高速动车
G1337,3,1023,杭州东,09:24,09:26,高速动车
G1337,4,1028,金华,10:23,10:25,高速动车
G1337,5,1027,衢州,10:46,NULL,高速动车
G576,1,1003,上海虹桥,NULL,08:24,高速动车
G576,2,1016,苏州北,08:48,08:50,高速动车
G576,3,1005,南京南,09:57,10:02,高速动车
G576,4,1031,合肥南,11:01,NULL,高速动车
G7325,1,1003,上海虹桥,NULL,08:27,高速动车
G7325,2,1020,嘉兴南,09:15,09:23,高速动车
G7325,3,1023,杭州东,09:58,10:04,高速动车
G7325,4,1019,丽水,11:56,11:58,高速动车
G7325,5,1026,温州南,12:34,NULL,高速动车
G676,1,1003,上海虹桥,NULL,08:30,高速动车
G676,2,1016,苏州北,08:53,08:59,高速动车
G676,3,1010,常州北,09:28,09:35,高速动车
G676,4,1005,南京南,10:20,10:27,高速动车
G676,5,1031,合肥南,11:22,NULL,高速动车
G360,1,1003,上海虹桥,NULL,08:36,高速动车
G360,2,1005,南京南,09:44,09:46,高速动车
G360,3,1012,徐州东,11:01,NULL,高速动车
G1509,1,1005,南京南,NULL,07:00,高速动车
G1509,2,1010,常州北,07:38,07:40,高速动车
G1509,3,1016,苏州北,08:10,08:12,高速动车
G1509,4,1003,上海虹桥,08:35,08:42,高速动车
G1509,5,1023,杭州东,09:32,09:36,高速动车
G1509,6,1045,黄山北,11:08,NULL,高速动车
G212,1,1003,上海虹桥,NULL,08:42,高速动车
G212,2,1016,苏州北,09:05,09:07,高速动车
G212,3,1010,常州北,09:41,09:43,高速动车
G212,4,1005,南京南,10:16,10:20,高速动车
G212,5,1012,徐州东,11:39,NULL,高速动车
G7534,1,1021,宁波,NULL,06:53,高速动车
G7534,2,1023,杭州东,07:46,07:51,高速动车
G7534,3,1020,嘉兴南,08:14,08:16,高速动车
G7534,4,1003,上海虹桥,08:44,NULL,高速动车
G1866,1,1021,宁波,NULL,06:21,高速动车
G1866,2,1023,杭州东,07:21,07:25,高速动车
G1866,3,1020,嘉兴南,08:03,08:06,高速动车
G1866,4,1003,上海虹桥,08:35,08:47,高速动车
G1866,5,1016,苏州北,09:10,09:21,高速动车
G1866,6,1010,常州北,09:46,09:48,高速动车
G1866,7,1005,南京南,10:28,10:33,高速动车
G1866,8,1012,徐州东,11:56,NULL,高速动车
G7104,1,1003,上海虹桥,NULL,08:48,高速动车
G7104,2,1015,苏州,09:16,09:18,高速动车
G7104,3,1009,常州,09:49,09:51,高速动车
G7104,4,1004,南京,10:36,NULL,高速动车
D2281,1,1004,南京,NULL,06:37,动车组
D2281,2,1009,常州,07:27,07:29,动车组
D2281,3,1015,苏州,08:01,08:03,动车组
D2281,4,1003,上海虹桥,08:46,08:49,动车组
D2281,5,1020,嘉兴南,09:31,09:34,动车组
D2281,6,1023,杭州东,10:09,10:14,动车组
D2281,7,1021,宁波,11:18,11:25,动车组
D2281,8,1026,温州南,13:09,NULL,动车组
G7129,1,1005,南京南,NULL,06:48,高速动车
G7129,2,1009,常州,07:44,07:46,高速动车
G7129,3,1015,苏州,08:17,08:19,高速动车
G7129,4,1003,上海虹桥,08:51,NULL,高速动车
G230,1,1003,上海虹桥,NULL,08:52,高速动车
G230,2,1010,常州北,09:53,09:55,高速动车
G230,3,1005,南京南,10:33,10:38,高速动车
G230,4,1039,蚌埠南,11:21,11:23,高速动车
G230,5,1012,徐州东,12:01,NULL,高速动车
G1373,1,1003,上海虹桥,NULL,08:55,高速动车
G1373,2,1023,杭州东,09:42,09:46,高速动车
G1373,3,1028,金华,10:30,NULL,高速动车
C3704,1,1006,南通,NULL,07:41,城际动车
C3704,2,1003,上海虹桥,08:57,NULL,城际动车
G2,1,1003,上海虹桥,NULL,09:00,高速动车
G2,2,1005,南京南,10:00,NULL,高速动车
G7505,1,1005,南京南,NULL,07:13,高速动车
G7505,2,1010,常州北,07:51,07:53,高速动车
G7505,3,1016,苏州北,08:23,08:25,高速动车
G7505,4,1003,上海虹桥,08:55,09:00,高速动车
G7505,5,1020,嘉兴南,09:27,09:29,高速动车
G7505,6,1023,杭州东,09:54,09:58,高速动车
G7505,7,1021,宁波,10:59,NULL,高速动车
G7554,1,1023,杭州东,NULL,07:56,高速动车
G7554,2,1020,嘉兴南,08:30,08:33,高速动车
G7554,3,1003,上海虹桥,09:01,NULL,高速动车
D2285,1,1003,上海虹桥,NULL,09:03,动车组
D2285,2,1020,嘉兴南,09:42,09:46,动车组
D2285,3,1023,杭州东,10:17,10:20,动车组
D2285,4,1021,宁波,11:23,11:31,动车组
D2285,5,1026,温州南,13:27,NULL,动车组
G7492,1,1028,金华,NULL,06:37,高速动车
G7492,2,1023,杭州东,07:33,07:38,高速动车
G7492,3,1020,嘉兴南,08:18,08:20,高速动车
G7492,4,1003,上海虹桥,08:58,09:03,高速动车
G7492,5,1015,苏州,09:36,09:39,高速动车
G7492,6,1009,常州,10:13,10:14,高速动车
G7492,7,1005,南京南,11:08,11:10,高速动车
G7492,8,1037,芜湖,11:53,11:55,高速动车
G7492,9,1040,铜陵,12:33,12:35,高速动车
G7492,10,1032,安庆,13:16,NULL,高速动车
G1236,1,1003,上海虹桥,NULL,09:08,高速动车
G1236,2,1010,常州北,10:02,10:04,高速动车
G1236,3,1005,南京南,10:37,10:42,高速动车
G1236,4,1039,蚌埠南,11:25,11:27,高速动车
G1236,5,1012,徐州东,12:14,NULL,高速动车
G8316,1,1003,上海虹桥,NULL,09:08,高速动车
G8316,2,1007,南通西,10:30,10:32,高速动车
G8316,3,1014,盐城,11:18,11:22,高速动车
G8316,4,1017,连云港,12:49,NULL,高速动车
G7349,1,1005,南京南,NULL,07:30,高速动车
G7349,2,1010,常州北,08:08,08:10,高速动车
G7349,3,1016,苏州北,08:40,08:42,高速动车
G7349,4,1003,上海虹桥,09:07,09:10,高速动车
G7349,5,1020,嘉兴南,09:37,09:40,高速动车
G7349,6,1023,杭州东,10:04,10:09,高速动车
G7349,7,1019,丽水,11:45,11:47,高速动车
G7349,8,1026,温州南,12:23,NULL,高速动车
G1806,1,1003,上海虹桥,NULL,09:13,高速动车
G1806,2,1010,常州北,10:07,10:09,高速动车
G1806,3,1005,南京南,10:41,10:47,高速动车
G1806,4,1039,蚌埠南,11:29,11:41,高速动车
G1806,5,1012,徐州东,12:18,NULL,高速动车
G7313,1,1004,南京,NULL,07:10,高速动车
G7313,2,1009,常州,07:55,07:57,高速动车
G7313,3,1015,苏州,08:35,08:37,高速动车
G7313,4,1003,上海虹桥,09:10,09:15,高速动车
G7313,5,1020,嘉兴南,09:55,09:58,高速动车
G7313,6,1023,杭州东,10:32,10:35,高速动车
G7313,7,1045,黄山北,12:00,NULL,高速动车
G54,1,1003,上海虹桥,NULL,09:18,高速动车
G54,2,1016,苏州北,09:51,09:54,高速动车
G54,3,1010,常州北,10:16,10:18,高速动车
G54,4,1005,南京南,10:50,10:55,高速动车
G54,5,1039,蚌埠南,11:47,11:49,高速动车
G54,6,1012,徐州东,12:26,NULL,高速动车
D3064,1,1003,上海虹桥,NULL,09:21,动车组
D3064,2,1007,南通西,10:45,10:47,动车组
D3064,3,1031,合肥南,13:58,NULL,动车组
G1655,1,1003,上海虹桥,NULL,09:23,高速动车
G1655,2,1020,嘉兴南,09:51,09:53,高速动车
G1655,3,1023,杭州东,10:23,NULL,高速动车
G1920,1,1003,上海虹桥,NULL,09:24,高速动车
G1920,2,1010,常州北,10:12,10:14,高速动车
G1920,3,1005,南京南,10:46,10:51,高速动车
G1920,4,1039,蚌埠南,11:33,11:45,高速动车
G1920,5,1012,徐州东,12:22,NULL,高速动车
G7103,1,1005,南京南,NULL,07:19,高速动车
G7103,2,1009,常州,08:17,08:19,高速动车
G7103,3,1015,苏州,08:51,08:53,高速动车
G7103,4,1003,上海虹桥,09:25,NULL,高速动车
G7372,1,1027,衢州,NULL,06:52,高速动车
G7372,2,1028,金华,07:13,07:15,高速动车
G7372,3,1023,杭州东,08:05,08:11,高速动车
G7372,4,1020,嘉兴南,08:48,08:50,高速动车
G7372,5,1003,上海虹桥,09:24,09:26,高速动车
G7372,6,1015,苏州,10:03,10:05,高速动车
G7372,7,1009,常州,10:37,10:39,高速动车
G7372,8,1005,南京南,11:31,11:34,高速动车
G7372,9,1030,合肥,12:26,12:30,高速动车
G7372,10,1036,淮南南,12:57,12:59,高速动车
G7372,11,1043,阜阳西,13:33,NULL,高速动车
G1377,1,1005,南京南,NULL,07:39,高速动车
G1377,2,1010,常州北,08:17,08:19,高速动车
G1377,3,1016,苏州北,08:50,08:52,高速动车
G1377,4,1003,上海虹桥,09:22,09:28,高速动车
G1377,5,1020,嘉兴南,10:02,10:04,高速动车
G1377,6,1023,杭州东,10:27,10:30,高速动车
G1377,7,1028,金华,11:24,NULL,高速动车
G7502,1,1021,宁波,NULL,07:08,高速动车
G7502,2,1023,杭州东,08:14,08:22,高速动车
G7502,3,1020,嘉兴南,08:53,08:55,高速动车
G7502,4,1003,上海虹桥,09:29,NULL,高速动车
G116,1,1003,上海虹桥,NULL,09:34,高速动车
G116,2,1016,苏州北,09:58,10:00,高速动车
G116,3,1010,常州北,10:22,10:24,高速动车
G116,4,1005,南京南,11:05,11:09,高速动车
G116,5,1039,蚌埠南,11:51,11:53,高速动车
G116,6,1012,徐州东,12:30,NULL,高速动车
D3205,1,1003,上海虹桥,NULL,09:35,动车组
D3205,2,1020,嘉兴南,10:07,10:09,动车组
D3205,3,1023,杭州东,10:36,10:40,动车组
D3205,4,1021,宁波,11:52,12:00,动车组
D3205,5,1026,温州南,13:56,NULL,动车组
G7580,1,1045,黄山北,NULL,07:00,高速动车
G7580,2,1023,杭州东,08:31,08:34,高速动车
G7580,3,1003,上海虹桥,09:34,09:36,高速动车
G7580,4,1007,南通西,10:58,NULL,高速动车
G7530,1,1021,宁波,NULL,07:29,高速动车
G7530,2,1023,杭州东,08:35,08:39,高速动车
G7530,3,1020,嘉兴南,09:09,09:11,高速动车
G7530,4,1003,上海虹桥,09:38,NULL,高速动车
G1204,1,1003,上海虹桥,NULL,09:39,高速动车
G1204,2,1016,苏州北,10:02,10:04,高速动车
G1204,3,1010,常州北,10:26,10:34,高速动车
G1204,4,1005,南京南,11:13,11:22,高速动车
G1204,5,1012,徐州东,12:42,NULL,高速动车
D3107,1,1003,上海虹桥,NULL,09:40,动车组
D3107,2,1020,嘉兴南,10:18,10:27,动车组
D3107,3,1023,杭州东,11:17,11:25,动车组
D3107,4,1021,宁波,12:22,12:25,动车组
D3107,5,1026,温州南,14:22,NULL,动车组
G7132,1,1003,上海虹桥,NULL,09:41,高速动车
G7132,2,1015,苏州,10:14,10:16,高速动车
G7132,3,1005,南京南,11:36,11:39,高速动车
G7132,4,1037,芜湖,12:16,12:18,高速动车
G7132,5,1040,铜陵,12:50,12:52,高速动车
G7132,6,1032,安庆,13:33,NULL,高速动车
G7357,1,1022,杭州,NULL,08:34,高速动车
G7357,2,1003,上海虹桥,09:43,NULL,高速动车
G3164,1,1003,上海虹桥,NULL,09:44,高速动车
G3164,2,1016,苏州北,10:07,10:09,高速动车
G3164,3,1010,常州北,10:41,10:43,高速动车
G3164,4,1005,南京南,11:17,11:20,高速动车
G3164,5,1030,合肥,12:11,12:17,高速动车
G3164,6,1036,淮南南,12:51,12:53,高速动车
G3164,7,1043,阜阳西,13:38,NULL,高速动车
G7389,1,1004,南京,NULL,07:33,高速动车
G7389,2,1009,常州,08:27,08:29,高速动车
G7389,3,1015,苏州,09:06,09:08,高速动车
G7389,4,1003,上海虹桥,09:43,09:45,高速动车
G7389,5,1020,嘉兴南,10:14,10:16,高速动车
G7389,6,1023,杭州东,10:40,10:46,高速动车
G7389,7,1028,金华,11:36,11:38,高速动车
G7389,8,1027,衢州,12:00,NULL,高速动车
G1347,1,1003,上海虹桥,NULL,09:51,高速动车
G1347,2,1023,杭州东,10:50,10:53,高速动车
G1347,3,1028,金华,11:43,NULL,高速动车
G126,1,1003,上海虹桥,NULL,09:52,高速动车
G126,2,1016,苏州北,10:25,10:27,高速动车
G126,3,1010,常州北,10:56,10:58,高速动车
G126,4,1005,南京南,11:31,NULL,高速动车
G7382,1,1027,衢州,NULL,07:22,高速动车
G7382,2,1028,金华,07:43,07:45,高速动车
G7382,3,1023,杭州东,08:42,08:53,高速动车
G7382,4,1003,上海虹桥,09:53,NULL,高速动车
G7344,1,1026,温州南,NULL,06:49,高速动车
G7344,2,1019,丽水,07:24,07:26,高速动车
G7344,3,1023,杭州东,08:57,09:02,高速动车
G7344,4,1020,嘉兴南,09:27,09:29,高速动车
G7344,5,1003,上海虹桥,09:56,NULL,高速动车
G7434,1,1031,合肥南,NULL,06:56,高速动车
G7434,2,1005,南京南,07:44,07:48,高速动车
G7434,3,1009,常州,08:44,08:46,高速动车
G7434,4,1015,苏州,09:17,09:19,高速动车
G7434,5,1003,上海虹桥,09:54,09:58,高速动车
G7434,6,1023,杭州东,10:53,10:58,高速动车
G7434,7,1021,宁波,11:59,12:05,高速动车
G7434,8,1026,温州南,14:09,NULL,高速动车
G10,1,1003,上海虹桥,NULL,10:00,高速动车
G10,2,1005,南京南,11:00,NULL,高速动车
G1501,1,1003,上海虹桥,NULL,10:03,高速动车
G1501,2,1020,嘉兴南,10:31,10:33,高速动车
G1501,3,1023,杭州东,10:58,11:03,高速动车
G1501,4,1028,金华,11:53,NULL,高速动车
G7180,1,1003,上海虹桥,NULL,10:05,高速动车
G7180,2,1016,苏州北,10:29,10:31,高速动车
G7180,3,1010,常州北,11:00,11:02,高速动车
G7180,4,1005,南京南,11:35,NULL,高速动车
G7194,1,1045,黄山北,NULL,07:24,高速动车
G7194,2,1023,杭州东,09:12,09:14,高速动车
G7194,3,1020,嘉兴南,09:37,09:39,高速动车
G7194,4,1003,上海虹桥,10:08,10:10,高速动车
G7194,5,1016,苏州北,10:34,10:36,高速动车
G7194,6,1010,常州北,11:06,NULL,高速动车
G7507,1,1005,南京南,NULL,08:16,高速动车
G7507,2,1010,常州北,08:54,08:56,高速动车
G7507,3,1016,苏州北,09:26,09:28,高速动车
G7507,4,1003,上海虹桥,09:58,10:14,高速动车
G7507,5,1020,嘉兴南,10:41,10:44,高速动车
G7507,6,1023,杭州东,11:07,11:09,高速动车
G7507,7,1021,宁波,12:09,NULL,高速动车
G1214,1,1003,上海虹桥,NULL,10:15,高速动车
G1214,2,1005,南京南,11:45,11:47,高速动车
G1214,3,1039,蚌埠南,12:36,12:38,高速动车
G1214,4,1012,徐州东,13:17,NULL,高速动车
G7330,1,1026,温州南,NULL,06:32,高速动车
G7330,2,1019,丽水,07:06,07:08,高速动车
G7330,3,1029,金华南,08:00,08:08,高速动车
G7330,4,1023,杭州东,09:04,09:07,高速动车
G7330,5,1020,嘉兴南,09:31,09:34,高速动车
G7330,6,1003,上海虹桥,10:15,NULL,高速动车
G1304,1,1006,南通,NULL,08:44,高速动车
G1304,2,1007,南通西,08:57,08:59,高速动车
G1304,3,1003,上海虹桥,10:16,10:18,高速动车
G1304,4,1020,嘉兴南,10:46,10:54,高速动车
G1304,5,1023,杭州东,11:27,11:30,高速动车
G1304,6,1028,金华,12:24,12:26,高速动车
G1304,7,1027,衢州,12:47,NULL,高速动车
G7504,1,1026,温州南,NULL,06:29,高速动车
G7504,2,1021,宁波,08:21,08:24,高速动车
G7504,3,1023,杭州东,09:17,09:19,高速动车
G7504,4,1020,嘉兴南,09:42,09:44,高速动车
G7504,5,1003,上海虹桥,10:18,NULL,高速动车
G1657,1,1003,上海虹桥,NULL,10:25,高速动车
G1657,2,1023,杭州东,11:12,11:20,高速动车
G1657,3,1028,金华,12:04,12:06,高速动车
G1657,4,1027,衢州,12:27,NULL,高速动车
D3125,1,1007,南通西,NULL,09:08,动车组
D3125,2,1003,上海虹桥,10:25,10:28,动车组
D3125,3,1020,嘉兴南,10:57,11:00,动车组
D3125,4,1023,杭州东,11:31,11:35,动车组
D3125,5,1021,宁波,12:32,12:35,动车组
D3125,6,1026,温州南,14:40,NULL,动车组
G7136,1,1003,上海虹桥,NULL,10:30,高速动车
G7136,2,1015,苏州,10:55,10:57,高速动车
G7136,3,1005,南京南,12:32,12:36,高速动车
G7136,4,1037,芜湖,13:19,13:21,高速动车
G7136,5,1040,铜陵,13:59,14:01,高速动车
G7136,6,1032,安庆,14:42,NULL,高速动车
G7728,1,1040,铜陵,NULL,07:10,高速动车
G7728,2,1037,芜湖,07:47,07:49,高速动车
G7728,3,1005,南京南,08:27,08:29,高速动车
G7728,4,1009,常州,09:21,09:23,高速动车
G7728,5,1003,上海虹桥,10:30,NULL,高速动车
G7589,1,1012,徐州东,NULL,06:53,高速动车
G7589,2,1039,蚌埠南,07:36,07:38,高速动车
G7589,3,1005,南京南,08:34,08:46,高速动车
G7589,4,1010,常州北,09:25,09:32,高速动车
G7589,5,1016,苏州北,09:54,09:56,高速动车
G7589,6,1003,上海虹桥,10:28,10:33,高速动车
G7589,7,1020,嘉兴南,11:02,11:06,高速动车
G7589,8,1023,杭州东,11:37,11:43,高速动车
G7589,9,1021,宁波,12:37,NULL,高速动车
G1258,1,1003,上海虹桥,NULL,10:35,高速动车
G1258,2,1016,苏州北,10:58,11:01,高速动车
G1258,3,1005,南京南,11:57,11:59,高速动车
G1258,4,1012,徐州东,13:30,NULL,高速动车
G7364,1,1027,衢州,NULL,07:54,高速动车
G7364,2,1028,金华,08:15,08:23,高速动车
G7364,3,1023,杭州东,09:22,09:29,高速动车
G7364,4,1020,嘉兴南,09:59,10:01,高速动车
G7364,5,1003,上海虹桥,10:37,NULL,高速动车
G122,1,1003,上海虹桥,NULL,10:40,高速动车
G122,2,1016,苏州北,11:03,11:05,高速动车
G122,3,1005,南京南,12:11,12:13,高速动车
G122,4,1039,蚌埠南,12:54,12:56,高速动车
G122,5,1012,徐州东,13:35,NULL,高速动车
G7532,1,1021,宁波,NULL,08:35,高速动车
G7532,2,1023,杭州东,09:37,09:41,高速动车
G7532,3,1020,嘉兴南,10:04,10:06,高速动车
G7532,4,1003,上海虹桥,10:40,NULL,高速动车
D3135,1,1004,南京,NULL,08:09,动车组
D3135,2,1009,常州,09:04,09:06,动车组
D3135,3,1015,苏州,09:54,10:02,动车组
D3135,4,1003,上海虹桥,10:37,10:41,动车组
D3135,5,1020,嘉兴南,11:29,11:32,动车组
D3135,6,1023,杭州东,12:12,12:15,动车组
D3135,7,1024,杭州南,12:24,12:26,动车组
D3135,8,1021,宁波,13:18,13:25,动车组
D3135,9,1026,温州南,15:17,NULL,动车组
G7185,1,1043,阜阳西,NULL,07:35,高速动车
G7185,2,1030,合肥,08:32,08:35,高速动车
G7185,3,1005,南京南,09:26,09:32,高速动车
G7185,4,1003,上海虹桥,10:41,NULL,高速动车
C3798,1,1003,上海虹桥,NULL,10:44,城际动车
C3798,2,1007,南通西,12:07,NULL,城际动车
G2193,1,1003,上海虹桥,NULL,10:48,高速动车
G2193,2,1020,嘉兴南,11:15,11:17,高速动车
G2193,3,1023,杭州东,11:41,NULL,高速动车
C3795,1,1007,南通西,NULL,09:25,城际动车
C3795,2,1003,上海虹桥,10:50,NULL,城际动车
G7311,1,1003,上海虹桥,NULL,10:53,高速动车
G7311,2,1020,嘉兴南,11:20,11:22,高速动车
G7311,3,1023,杭州东,11:46,11:48,高速动车
G7311,4,1045,黄山北,13:25,NULL,高速动车
G7386,1,1027,衢州,NULL,08:11,高速动车
G7386,2,1028,金华,08:32,08:34,高速动车
G7386,3,1023,杭州东,09:31,09:35,高速动车
G7386,4,1003,上海虹桥,10:51,10:53,高速动车
G7386,5,1016,苏州北,11:16,11:21,高速动车
G7386,6,1010,常州北,11:43,11:45,高速动车
G7386,7,1005,南京南,12:31,12:36,高速动车
G7386,8,1031,合肥南,13:30,NULL,高速动车
G124,1,1003,上海虹桥,NULL,10:58,高速动车
G124,2,1005,南京南,12:07,12:09,高速动车
G124,3,1012,徐州东,13:25,NULL,高速动车
G7509,1,1003,上海虹桥,NULL,10:58,高速动车
G7509,2,1020,嘉兴南,11:25,11:27,高速动车
G7509,3,1023,杭州东,11:58,12:00,高速动车
G7509,4,1021,宁波,12:53,NULL,高速动车
G7150,1,1032,安庆,NULL,07:03,高速动车
G7150,2,1040,铜陵,07:38,07:40,高速动车
G7150,3,1037,芜湖,08:11,08:13,高速动车
G7150,4,1005,南京南,08:57,09:01,高速动车
G7150,5,1009,常州,09:51,09:53,高速动车
G7150,6,1015,苏州,10:26,10:28,高速动车
G7150,7,1003,上海虹桥,11:01,NULL,高速动车
G7393,1,1005,南京南,NULL,07:43,高速动车
G7393,2,1022,杭州,09:24,09:39,高速动车
G7393,3,1020,嘉兴南,10:18,10:20,高速动车
G7393,4,1003,上海虹桥,11:01,NULL,高速动车
D5458,1,1004,南京,NULL,07:02,动车组
D5458,2,1007,南通西,09:34,09:36,动车组
D5458,3,1003,上海虹桥,10:56,11:02,动车组
D5458,4,1023,杭州东,12:43,12:46,动车组
D5458,5,1024,杭州南,13:01,NULL,动车组
G7461,1,1003,上海虹桥,NULL,11:03,高速动车
G7461,2,1020,嘉兴南,11:46,11:49,高速动车
G7461,3,1023,杭州东,12:20,12:24,高速动车
G7461,4,1029,金华南,13:23,13:25,高速动车
G7461,5,1019,丽水,14:05,14:08,高速动车
G7461,6,1026,温州南,14:46,NULL,高速动车
G7766,1,1003,上海虹桥,NULL,11:03,高速动车
G7766,2,1016,苏州北,11:26,11:28,高速动车
G7766,3,1010,常州北,11:51,11:53,高速动车
G7766,4,1005,南京南,12:24,12:32,高速动车
G7766,5,1039,蚌埠南,13:14,13:16,高速动车
G7766,6,1012,徐州东,14:00,NULL,高速动车
G7107,1,1004,南京,NULL,09:10,高速动车
G7107,2,1009,常州,09:56,09:58,高速动车
G7107,3,1015,苏州,10:31,10:33,高速动车
G7107,4,1003,上海虹桥,11:06,NULL,高速动车
G7572,1,1026,温州南,NULL,06:43,高速动车
G7572,2,1021,宁波,08:52,08:55,高速动车
G7572,3,1024,杭州南,09:42,09:44,高速动车
G7572,4,1023,杭州东,09:54,09:57,高速动车
G7572,5,1003,上海虹桥,11:06,11:09,高速动车
G7572,6,1015,苏州,11:41,11:43,高速动车
G7572,7,1009,常州,12:14,12:17,高速动车
G7572,8,1005,南京南,13:15,13:21,高速动车
G7572,9,1030,合肥,14:12,14:20,高速动车
G7572,10,1036,淮南南,14:53,NULL,高速动车
G7787,1,1043,阜阳西,NULL,07:22,高速动车
G7787,2,1036,淮南南,08:13,08:15,高速动车
G7787,3,1030,合肥,08:42,08:45,高速动车
G7787,4,1005,南京南,09:36,09:41,高速动车
G7787,5,1010,常州北,10:20,10:22,高速动车
G7787,6,1003,上海虹桥,11:09,NULL,高速动车
G1252,1,1003,上海虹桥,NULL,11:10,高速动车
G1252,2,1016,苏州北,11:33,11:35,高速动车
G1252,3,1010,常州北,11:57,12:03,高速动车
G1252,4,1005,南京南,12:42,12:46,高速动车
G1252,5,1039,蚌埠南,13:31,13:33,高速动车
G1252,6,1012,徐州东,14:10,NULL,高速动车
G7599,1,1012,徐州东,NULL,07:43,高速动车
G7599,2,1039,蚌埠南,08:26,08:28,高速动车
G7599,3,1005,南京南,09:23,09:26,高速动车
G7599,4,1010,常州北,10:13,10:15,高速动车
G7599,5,1003,上海虹桥,11:04,11:10,高速动车
G7599,6,1020,嘉兴南,11:37,11:39,高速动车
G7599,7,1023,杭州东,12:03,12:05,高速动车
G7599,8,1021,宁波,13:05,13:12,高速动车
G7599,9,1026,温州南,14:57,NULL,高速动车
C3706,1,1003,上海虹桥,NULL,11:14,城际动车
C3706,2,1006,南通,12:55,NULL,城际动车
G1375,1,1003,上海虹桥,NULL,11:15,高速动车
G1375,2,1020,嘉兴南,11:42,11:44,高速动车
G1375,3,1023,杭州东,12:07,12:10,高速动车
G1375,4,1028,金华,13:07,13:09,高速动车
G1375,5,1027,衢州,13:30,NULL,高速动车
G8329,1,1012,徐州东,NULL,07:18,高速动车
G8329,2,1014,盐城,09:11,09:13,高速动车
G8329,3,1007,南通西,09:59,10:01,高速动车
G8329,4,1003,上海虹桥,11:20,NULL,高速动车
G2661,1,1012,徐州东,NULL,08:12,高速动车
G2661,2,1039,蚌埠南,08:55,08:57,高速动车
G2661,3,1005,南京南,09:47,09:52,高速动车
G2661,4,1010,常州北,10:31,10:33,高速动车
G2661,5,1003,上海虹桥,11:22,NULL,高速动车
G1690,1,1028,金华,NULL,09:21,高速动车
G1690,2,1023,杭州东,10:11,10:15,高速动车
G1690,3,1020,嘉兴南,10:47,10:50,高速动车
G1690,4,1003,上海虹桥,11:23,NULL,高速动车
G7316,1,1045,黄山北,NULL,08:17,高速动车
G7316,2,1023,杭州东,10:06,10:12,高速动车
G7316,3,1020,嘉兴南,10:42,10:44,高速动车
G7316,4,1003,上海虹桥,11:19,11:23,高速动车
G7316,5,1015,苏州,11:55,11:57,高速动车
G7316,6,1009,常州,12:35,NULL,高速动车
D2283,1,1003,上海虹桥,NULL,11:24,动车组
D2283,2,1020,嘉兴南,11:52,11:54,动车组
D2283,3,1023,杭州东,12:25,12:29,动车组
D2283,4,1021,宁波,13:32,13:39,动车组
D2283,5,1026,温州南,15:29,NULL,动车组
G1228,1,1026,温州南,NULL,07:36,高速动车
G1228,2,1019,丽水,08:17,08:19,高速动车
G1228,3,1029,金华南,09:04,09:06,高速动车
G1228,4,1023,杭州东,10:00,10:02,高速动车
G1228,5,1020,嘉兴南,10:32,10:34,高速动车
G1228,6,1003,上海虹桥,11:10,11:24,高速动车
G1228,7,1016,苏州北,11:54,11:56,高速动车
G1228,8,1010,常州北,12:18,12:20,高速动车
G1228,9,1005,南京南,12:52,12:54,高速动车
G1228,10,1039,蚌埠南,13:43,13:52,高速动车
G1228,11,1012,徐州东,14:31,NULL,高速动车
G7126,1,1003,上海虹桥,NULL,11:28,高速动车
G7126,2,1015,苏州,12:00,12:02,高速动车
G7126,3,1009,常州,12:27,12:29,高速动车
G7126,4,1004,南京,13:22,NULL,高速动车
G3152,1,1003,上海虹桥,NULL,11:29,高速动车
G3152,2,1016,苏州北,11:59,12:01,高速动车
G3152,3,1010,常州北,12:23,12:28,高速动车
G3152,4,1005,南京南,13:20,13:26,高速动车
G3152,5,1030,合肥,14:28,14:34,高速动车
G3152,6,1036,淮南南,15:01,15:03,高速动车
G3152,7,1043,阜阳西,15:50,NULL,高速动车
G7537,1,1003,上海虹桥,NULL,11:29,高速动车
G7537,2,1020,嘉兴南,12:03,12:05,高速动车
G7537,3,1023,杭州东,12:30,12:34,高速动车
G7537,4,1021,宁波,13:37,13:44,高速动车
G7537,5,1026,温州南,15:40,NULL,高速动车
G1382,1,1027,衢州,NULL,09:13,高速动车
G1382,2,1028,金华,09:34,09:36,高速动车
G1382,3,1023,杭州东,10:27,10:31,高速动车
G1382,4,1003,上海虹桥,11:31,NULL,高速动车
G1924,1,1003,上海虹桥,NULL,11:34,高速动车
G1924,2,1016,苏州北,12:08,12:11,高速动车
G1924,3,1010,常州北,12:33,12:42,高速动车
G1924,4,1005,南京南,13:14,13:17,高速动车
G1924,5,1039,蚌埠南,13:59,14:01,高速动车
G1924,6,1012,徐州东,14:39,NULL,高速动车
G7351,1,1003,上海虹桥,NULL,11:34,高速动车
G7351,2,1020,嘉兴南,12:08,12:10,高速动车
G7351,3,1022,杭州,12:51,NULL,高速动车
G7506,1,1026,温州南,NULL,07:31,高速动车
G7506,2,1021,宁波,09:17,09:25,高速动车
G7506,3,1023,杭州东,10:32,10:36,高速动车
G7506,4,1020,嘉兴南,11:06,11:08,高速动车
G7506,5,1003,上海虹桥,11:36,NULL,高速动车
G1333,1,1003,上海虹桥,NULL,11:37,高速动车
G1333,2,1020,嘉兴南,12:13,12:15,高速动车
G1333,3,1023,杭州东,12:39,12:41,高速动车
G1333,4,1028,金华,13:42,NULL,高速动车
G7170,1,1040,铜陵,NULL,07:57,高速动车
G7170,2,1037,芜湖,08:34,08:36,高速动车
G7170,3,1005,南京南,09:14,09:17,高速动车
G7170,4,1009,常州,10:14,10:16,高速动车
G7170,5,1015,苏州,11:05,11:07,高速动车
G7170,6,1003,上海虹桥,11:39,NULL,高速动车
G1724,1,1003,上海虹桥,NULL,11:40,高速动车
G1724,2,1016,苏州北,12:03,12:06,高速动车
G1724,3,1005,南京南,12:57,13:00,高速动车
G1724,4,1031,合肥南,13:48,NULL,高速动车
G300,1,1012,徐州东,NULL,08:45,高速动车
G300,2,1039,蚌埠南,09:22,09:24,高速动车
G300,3,1005,南京南,10:05,10:08,高速动车
G300,4,1016,苏州北,11:11,11:17,高速动车
G300,5,1003,上海虹桥,11:40,NULL,高速动车
G7108,1,1003,上海虹桥,NULL,11:40,高速动车
G7108,2,1015,苏州,12:12,12:14,高速动车
G7108,3,1004,南京,13:40,NULL,高速动车
D3324,1,1045,黄山北,NULL,08:41,动车组
D3324,2,1023,杭州东,10:22,10:26,动车组
D3324,3,1020,嘉兴南,10:53,11:01,动车组
D3324,4,1003,上海虹桥,11:41,NULL,动车组
G7586,1,1026,温州南,NULL,07:38,高速动车
G7586,2,1021,宁波,09:36,09:43,高速动车
G7586,3,1023,杭州东,10:43,10:45,高速动车
G7586,4,1020,嘉兴南,11:16,11:18,高速动车
G7586,5,1003,上海虹桥,11:46,11:48,高速动车
G7586,6,1015,苏州,12:24,12:26,高速动车
G7586,7,1009,常州,12:57,12:59,高速动车
G7586,8,1017,连云港,15:32,NULL,高速动车
G2664,1,1003,上海虹桥,NULL,11:51,高速动车
G2664,2,1016,苏州北,12:14,12:16,高速动车
G2664,3,1010,常州北,12:48,12:50,高速动车
G2664,4,1005,南京南,13:29,13:35,高速动车
G2664,5,1012,徐州东,15:07,NULL,高速动车
G7332,1,1026,温州南,NULL,08:27,高速动车
G7332,2,1019,丽水,09:02,09:05,高速动车
G7332,3,1029,金华南,09:50,09:52,高速动车
G7332,4,1023,杭州东,10:48,10:50,高速动车
G7332,5,1020,嘉兴南,11:20,11:23,高速动车
G7332,6,1003,上海虹桥,11:51,NULL,高速动车
G7794,1,1012,徐州东,NULL,08:00,高速动车
G7794,2,1039,蚌埠南,08:43,08:45,高速动车
G7794,3,1005,南京南,09:43,10:03,高速动车
G7794,4,1010,常州北,10:41,10:48,高速动车
G7794,5,1016,苏州北,11:22,11:24,高速动车
G7794,6,1003,上海虹桥,11:47,11:51,高速动车
G7794,7,1020,嘉兴南,12:18,12:21,高速动车
G7794,8,1023,杭州东,12:47,12:52,高速动车
G7794,9,1045,黄山北,14:41,NULL,高速动车
G1722,1,1031,合肥南,NULL,09:41,高速动车
G1722,2,1005,南京南,10:29,10:37,高速动车
G1722,3,1016,苏州北,11:27,11:29,高速动车
G1722,4,1003,上海虹桥,11:53,NULL,高速动车
G1673,1,1003,上海虹桥,NULL,11:56,高速动车
G1673,2,1020,嘉兴南,12:23,12:26,高速动车
G1673,3,1023,杭州东,12:59,13:02,高速动车
G1673,4,1021,宁波,14:15,14:26,高速动车
G1673,5,1026,温州南,16:16,NULL,高速动车
G1956,1,1003,上海虹桥,NULL,11:58,高速动车
G1956,2,1016,苏州北,12:32,12:36,高速动车
G1956,3,1010,常州北,12:58,13:00,高速动车
G1956,4,1005,南京南,13:45,13:48,高速动车
G1956,5,1030,合肥,14:40,14:44,高速动车
G1956,6,1036,淮南南,15:18,15:20,高速动车
G1956,7,1043,阜阳西,15:56,NULL,高速动车
G8314,1,1003,上海虹桥,NULL,11:58,高速动车
G8314,2,1007,南通西,13:20,13:22,高速动车
G8314,3,1014,盐城,14:22,14:25,高速动车
G8314,4,1017,连云港,15:52,NULL,高速动车
G7109,1,1004,南京,NULL,09:55,高速动车
G7109,2,1009,常州,10:50,10:52,高速动车
G7109,3,1015,苏州,11:23,11:25,高速动车
G7109,4,1003,上海虹桥,12:00,NULL,高速动车
G7369,1,1026,温州南,NULL,08:52,高速动车
G7369,2,1019,丽水,09:26,09:28,高速动车
G7369,3,1029,金华南,10:08,10:11,高速动车
G7369,4,1023,杭州东,10:56,10:59,高速动车
G7369,5,1003,上海虹桥,12:00,NULL,高速动车
G7594,1,1032,安庆,NULL,07:30,高速动车
G7594,2,1040,铜陵,08:11,08:13,高速动车
G7594,3,1037,芜湖,08:50,08:52,高速动车
G7594,4,1005,南京南,09:36,09:41,高速动车
G7594,5,1009,常州,10:44,10:46,高速动车
G7594,6,1015,苏州,11:17,11:19,高速动车
G7594,7,1003,上海虹桥,11:55,12:01,高速动车
G7594,8,1020,嘉兴南,12:29,12:38,高速动车
G7594,9,1023,杭州东,13:02,13:07,高速动车
G7594,10,1029,金华南,14:02,14:04,高速动车
G7594,11,1019,丽水,14:46,14:48,高速动车
G7594,12,1026,温州南,15:29,NULL,高速动车
G370,1,1012,徐州东,NULL,09:34,高速动车
G370,2,1005,南京南,10:49,10:53,高速动车
G370,3,1003,上海虹桥,12:02,NULL,高速动车
G7511,1,1003,上海虹桥,NULL,12:08,高速动车
G7511,2,1023,杭州东,12:55,12:57,高速动车
G7511,3,1021,宁波,13:47,13:53,高速动车
G7511,4,1026,温州南,15:49,NULL,高速动车
G1763,1,1043,阜阳西,NULL,08:02,高速动车
G1763,2,1036,淮南南,08:36,08:38,高速动车
G1763,3,1030,合肥,09:05,09:11,高速动车
G1763,4,1005,南京南,10:03,10:16,高速动车
G1763,5,1010,常州北,10:55,11:08,高速动车
G1763,6,1016,苏州北,11:38,11:43,高速动车
G1763,7,1003,上海虹桥,12:13,NULL,高速动车
G1342,1,1027,衢州,NULL,10:03,高速动车
G1342,2,1023,杭州东,11:10,11:13,高速动车
G1342,3,1003,上海虹桥,12:14,NULL,高速动车
D3291,1,1003,上海虹桥,NULL,12:15,动车组
D3291,2,1020,嘉兴南,12:43,12:45,动车组
D3291,3,1023,杭州东,13:16,13:18,动车组
D3291,4,1021,宁波,14:27,14:40,动车组
D3291,5,1026,温州南,16:30,NULL,动车组
G7576,1,1026,温州南,NULL,07:43,高速动车
G7576,2,1021,宁波,09:52,09:54,高速动车
G7576,3,1023,杭州东,11:01,11:04,高速动车
G7576,4,1020,嘉兴南,11:34,11:36,高速动车
G7576,5,1003,上海虹桥,12:10,12:15,高速动车
G7576,6,1015,苏州,12:41,12:43,高速动车
G7576,7,1009,常州,13:14,13:16,高速动车
G7576,8,1005,南京南,14:15,14:18,高速动车
G7576,9,1031,合肥南,15:22,NULL,高速动车
G132,1,1003,上海虹桥,NULL,12:17,高速动车
G132,2,1016,苏州北,12:40,12:42,高速动车
G132,3,1010,常州北,13:04,13:06,高速动车
G132,4,1005,南京南,13:38,13:41,高速动车
G132,5,1012,徐州东,15:03,NULL,高速动车
G1384,1,1028,金华,NULL,10:30,高速动车
G1384,2,1023,杭州东,11:20,11:24,高速动车
G1384,3,1020,嘉兴南,11:47,11:49,高速动车
G1384,4,1003,上海虹桥,12:18,NULL,高速动车
G1387,1,1003,上海虹桥,NULL,12:20,高速动车
G1387,2,1020,嘉兴南,12:47,12:50,高速动车
G1387,3,1023,杭州东,13:21,13:23,高速动车
G1387,4,1027,衢州,14:29,NULL,高速动车
G460,1,1003,上海虹桥,NULL,12:22,高速动车
G460,2,1016,苏州北,12:45,12:50,高速动车
G460,3,1010,常州北,13:19,13:21,高速动车
G460,4,1005,南京南,13:53,13:57,高速动车
G460,5,1039,蚌埠南,14:49,14:51,高速动车
G460,6,1012,徐州东,15:29,NULL,高速动车
G7304,1,1045,黄山北,NULL,09:22,高速动车
G7304,2,1023,杭州东,11:05,11:16,高速动车
G7304,3,1020,嘉兴南,11:51,11:54,高速动车
G7304,4,1003,上海虹桥,12:22,NULL,高速动车
D5464,1,1008,启东,NULL,09:36,动车组
D5464,2,1006,南通,10:21,10:24,动车组
D5464,3,1003,上海虹桥,12:11,12:23,动车组
D5464,4,1023,杭州东,14:06,14:10,动车组
D5464,5,1024,杭州南,14:25,NULL,动车组
G7161,1,1004,南京,NULL,10:24,高速动车
G7161,2,1009,常州,11:09,11:11,高速动车
G7161,3,1015,苏州,11:49,11:51,高速动车
G7161,4,1003,上海虹桥,12:23,NULL,高速动车
G7446,1,1003,上海虹桥,NULL,12:24,高速动车
G7446,2,1015,苏州,12:56,12:58,高速动车
G7446,3,1009,常州,13:32,13:34,高速动车
G7446,4,1005,南京南,14:26,14:34,高速动车
G7446,5,1030,合肥,15:30,15:39,高速动车
G7446,6,1036,淮南南,16:06,16:10,高速动车
G7446,7,1043,阜阳西,16:47,NULL,高速动车
G1633,1,1003,上海虹桥,NULL,12:25,高速动车
G1633,2,1023,杭州东,13:25,13:28,高速动车
G1633,3,1024,杭州南,13:37,13:39,高速动车
G1633,4,1028,金华,14:17,NULL,高速动车
G7508,1,1021,宁波,NULL,10:28,高速动车
G7508,2,1023,杭州东,11:29,11:31,高速动车
G7508,3,1003,上海虹桥,12:27,NULL,高速动车
G412,1,1003,上海虹桥,NULL,12:28,高速动车
G412,2,1005,南京南,13:49,13:53,高速动车
G412,3,1012,徐州东,15:12,NULL,高速动车
G7335,1,1003,上海虹桥,NULL,12:28,高速动车
G7335,2,1020,嘉兴南,13:04,13:06,高速动车
G7335,3,1023,杭州东,13:29,13:37,高速动车
G7335,4,1019,丽水,15:23,15:25,高速动车
G7335,5,1026,温州南,16:00,NULL,高速动车
G7111,1,1004,南京,NULL,10:29,高速动车
G7111,2,1009,常州,11:21,11:23,高速动车
G7111,3,1015,苏州,11:54,11:56,高速动车
G7111,4,1003,上海虹桥,12:30,NULL,高速动车
G7181,1,1043,阜阳西,NULL,08:55,高速动车
G7181,2,1036,淮南南,09:28,09:31,高速动车
G7181,3,1030,合肥,09:58,10:04,高速动车
G7181,4,1005,南京南,10:55,10:57,高速动车
G7181,5,1010,常州北,11:29,11:31,高速动车
G7181,6,1016,苏州北,12:05,12:07,高速动车
G7181,7,1003,上海虹桥,12:31,NULL,高速动车
G1810,1,1003,上海虹桥,NULL,12:33,高速动车
G1810,2,1016,苏州北,13:03,13:05,高速动车
G1810,3,1010,常州北,13:27,13:29,高速动车
G1810,4,1005,南京南,14:08,14:11,高速动车
G1810,5,1039,蚌埠南,14:53,14:55,高速动车
G1810,6,1012,徐州东,15:54,NULL,高速动车
G1632,1,1027,衢州,NULL,10:26,高速动车
G1632,2,1028,金华,10:47,10:49,高速动车
G1632,3,1023,杭州东,11:38,11:42,高速动车
G1632,4,1020,嘉兴南,12:05,12:07,高速动车
G1632,5,1003,上海虹桥,12:35,NULL,高速动车
G8311,1,1017,连云港,NULL,08:37,高速动车
G8311,2,1014,盐城,10:09,10:11,高速动车
G8311,3,1007,南通西,11:18,11:20,高速动车
G8311,4,1003,上海虹桥,12:37,NULL,高速动车
G7306,1,1045,黄山北,NULL,09:40,高速动车
G7306,2,1023,杭州东,11:25,11:34,高速动车
G7306,3,1020,嘉兴南,12:09,12:12,高速动车
G7306,4,1003,上海虹桥,12:39,NULL,高速动车
G101,1,1005,南京南,NULL,11:16,高速动车
G101,2,1016,苏州北,12:14,12:16,高速动车
G101,3,1003,上海虹桥,12:40,NULL,高速动车
G1369,1,1003,上海虹桥,NULL,12:40,高速动车
G1369,2,1023,杭州东,13:39,NULL,高速动车
G7162,1,1031,合肥南,NULL,09:51,高速动车
G7162,2,1005,南京南,10:39,10:42,高速动车
G7162,3,1009,常州,11:33,11:35,高速动车
G7162,4,1015,苏州,12:06,12:08,高速动车
G7162,5,1003,上海虹桥,12:43,NULL,高速动车
G7324,1,1026,温州南,NULL,08:45,高速动车
G7324,2,1019,丽水,09:36,09:39,高速动车
G7324,3,1029,金华南,10:28,10:39,高速动车
G7324,4,1023,杭州东,11:34,11:49,高速动车
G7324,5,1020,嘉兴南,12:15,12:17,高速动车
G7324,6,1003,上海虹桥,12:44,NULL,高速动车
G7378,1,1031,合肥南,NULL,09:30,高速动车
G7378,2,1005,南京南,10:18,10:24,高速动车
G7378,3,1010,常州北,11:13,11:15,高速动车
G7378,4,1016,苏州北,11:48,11:50,高速动车
G7378,5,1003,上海虹桥,12:27,12:45,高速动车
G7378,6,1020,嘉兴南,13:19,13:21,高速动车
G7378,7,1023,杭州东,13:44,13:47,高速动车
G7378,8,1027,衢州,15:05,NULL,高速动车
G7110,1,1003,上海虹桥,NULL,12:46,高速动车
G7110,2,1015,苏州,13:18,13:20,高速动车
G7110,3,1009,常州,13:52,13:54,高速动车
G7110,4,1004,南京,14:58,NULL,高速动车
G7193,1,1010,常州北,NULL,11:45,高速动车
G7193,2,1016,苏州北,12:19,12:21,高速动车
G7193,3,1003,上海虹桥,12:44,12:50,高速动车
G7193,4,1020,嘉兴南,13:28,13:31,高速动车
G7193,5,1023,杭州东,13:54,13:59,高速动车
G7193,6,1045,黄山北,15:42,NULL,高速动车
G7113,1,1004,南京,NULL,11:05,高速动车
G7113,2,1009,常州,11:44,11:46,高速动车
G7113,3,1015,苏州,12:17,12:19,高速动车
G7113,4,1003,上海虹桥,12:52,NULL,高速动车
G1928,1,1003,上海虹桥,NULL,12:55,高速动车
G1928,2,1005,南京南,14:27,14:31,高速动车
G1928,3,1012,徐州东,16:14,NULL,高速动车
G8318,1,1003,上海虹桥,NULL,12:55,高速动车
G8318,2,1007,南通西,14:16,14:18,高速动车
G8318,3,1014,盐城,15:26,15:29,高速动车
G8318,4,1017,连云港,17:05,NULL,高速动车
G1659,1,1003,上海虹桥,NULL,12:57,高速动车
G1659,2,1020,嘉兴南,13:24,13:26,高速动车
G1659,3,1023,杭州东,13:50,NULL,高速动车
G134,1,1003,上海虹桥,NULL,13:00,高速动车
G134,2,1005,南京南,14:21,14:23,高速动车
G134,3,1039,蚌埠南,15:05,15:08,高速动车
G134,4,1012,徐州东,15:46,NULL,高速动车
G1801,1,1043,阜阳西,NULL,09:31,高速动车
G1801,2,1030,合肥,10:36,10:41,高速动车
G1801,3,1005,南京南,11:33,11:39,高速动车
G1801,4,1016,苏州北,12:36,12:39,高速动车
G1801,5,1003,上海虹桥,13:03,NULL,高速动车
G1386,1,1027,衢州,NULL,10:32,高速动车
G1386,2,1028,金华,10:53,11:11,高速动车
G1386,3,1023,杭州东,12:05,12:14,高速动车
G1386,4,1003,上海虹桥,13:04,NULL,高速动车
G1716,1,1003,上海虹桥,NULL,13:05,高速动车
G1716,2,1010,常州北,13:59,14:01,高速动车
G1716,3,1005,南京南,14:44,14:49,高速动车
G1716,4,1031,合肥南,15:37,NULL,高速动车
G7598,1,1031,合肥南,NULL,10:33,高速动车
G7598,2,1005,南京南,11:22,11:27,高速动车
G7598,3,1016,苏州北,12:24,12:29,高速动车
G7598,4,1003,上海虹桥,12:59,13:05,高速动车
G7598,5,1020,嘉兴南,13:33,13:36,高速动车
G7598,6,1023,杭州东,13:59,14:12,高速动车
G7598,7,1021,宁波,15:08,NULL,高速动车
G105,1,1012,徐州东,NULL,10:30,高速动车
G105,2,1005,南京南,11:51,11:53,高速动车
G105,3,1003,上海虹桥,13:08,NULL,高速动车
G7164,1,1003,上海虹桥,NULL,13:08,高速动车
G7164,2,1015,苏州,13:40,13:42,高速动车
G7164,3,1009,常州,14:13,14:15,高速动车
G7164,4,1005,南京南,15:02,15:06,高速动车
G7164,5,1030,合肥,16:09,16:15,高速动车
G7164,6,1036,淮南南,16:42,16:44,高速动车
G7164,7,1043,阜阳西,17:17,NULL,高速动车
G7540,1,1026,温州南,NULL,09:00,高速动车
G7540,2,1021,宁波,11:04,11:06,高速动车
G7540,3,1023,杭州东,12:00,12:04,高速动车
G7540,4,1003,上海虹桥,13:09,NULL,高速动车
G1389,1,1003,上海虹桥,NULL,13:10,高速动车
G1389,2,1020,嘉兴南,13:38,13:41,高速动车
G1389,3,1023,杭州东,14:04,NULL,高速动车
G7182,1,1003,上海虹桥,NULL,13:10,高速动车
G7182,2,1010,常州北,14:09,14:11,高速动车
G7182,3,1005,南京南,14:56,15:00,高速动车
G7182,4,1030,合肥,15:51,15:55,高速动车
G7182,5,1043,阜阳西,17:05,NULL,高速动车
G143,1,1005,南京南,NULL,11:57,高速动车
G143,2,1010,常州北,12:29,12:31,高速动车
G143,3,1003,上海虹桥,13:12,NULL,高速动车
G7112,1,1003,上海虹桥,NULL,13:13,高速动车
G7112,2,1015,苏州,13:45,13:47,高速动车
G7112,3,1009,常州,14:18,14:20,高速动车
G7112,4,1004,南京,15:16,NULL,高速动车
G7323,1,1003,上海虹桥,NULL,13:15,高速动车
G7323,2,1020,嘉兴南,13:43,13:46,高速动车
G7323,3,1023,杭州东,14:09,14:17,高速动车
G7323,4,1019,丽水,15:43,15:45,高速动车
G7323,5,1026,温州南,16:27,NULL,高速动车
G1738,1,1031,合肥南,NULL,10:28,高速动车
G1738,2,1005,南京南,11:17,11:20,高速动车
G1738,3,1016,苏州北,12:41,12:53,高速动车
G1738,4,1003,上海虹桥,13:17,NULL,高速动车
D3016,1,1031,合肥南,NULL,10:12,动车组
D3016,2,1005,南京南,11:00,11:04,动车组
D3016,3,1009,常州,12:07,12:09,动车组
D3016,4,1015,苏州,12:41,12:44,动车组
D3016,5,1003,上海虹桥,13:18,NULL,动车组
G1346,1,1027,衢州,NULL,11:10,高速动车
G1346,2,1023,杭州东,12:17,12:19,高速动车
G1346,3,1003,上海虹桥,13:18,NULL,高速动车
D3141,1,1004,南京,NULL,11:19,动车组
D3141,2,1009,常州,12:02,12:04,动车组
D3141,3,1015,苏州,12:36,12:39,动车组
D3141,4,1003,上海虹桥,13:13,13:19,动车组
D3141,5,1020,嘉兴南,13:48,13:51,动车组
D3141,6,1023,杭州东,14:21,14:27,动车组
D3141,7,1021,宁波,15:26,15:30,动车组
D3141,8,1026,温州南,17:25,NULL,动车组
G1715,1,1031,合肥南,NULL,11:17,高速动车
G1715,2,1005,南京南,12:05,12:07,高速动车
G1715,3,1016,苏州北,12:57,12:59,高速动车
G1715,4,1003,上海虹桥,13:23,NULL,高速动车
G7178,1,1033,宣城,NULL,10:27,高速动车
G7178,2,1037,芜湖,10:59,11:01,高速动车
G7178,3,1005,南京南,11:39,11:42,高速动车
G7178,4,1015,苏州,12:54,12:56,高速动车
G7178,5,1003,上海虹桥,13:23,NULL,高速动车
G3252,1,1003,上海虹桥,NULL,13:24,高速动车
G3252,2,1016,苏州北,14:02,14:04,高速动车
G3252,3,1010,常州北,14:26,14:45,高速动车
G3252,4,1005,南京南,15:37,15:48,高速动车
G3252,5,1030,合肥,16:50,16:53,高速动车
G3252,6,1036,淮南南,17:20,17:22,高速动车
G3252,7,1043,阜阳西,18:03,NULL,高速动车
G7510,1,1021,宁波,NULL,11:24,高速动车
G7510,2,1023,杭州东,12:24,12:26,高速动车
G7510,3,1020,嘉兴南,12:56,12:59,高速动车
G7510,4,1003,上海虹桥,13:27,NULL,高速动车
G1,1,1005,南京南,NULL,12:26,高速动车
G1,2,1003,上海虹桥,13:28,NULL,高速动车
G9231,1,1009,常州,NULL,12:16,高速动车
G9231,2,1015,苏州,12:47,12:49,高速动车
G9231,3,1003,上海虹桥,13:28,NULL,高速动车
G138,1,1003,上海虹桥,NULL,13:29,高速动车
G138,2,1016,苏州北,13:53,13:55,高速动车
G138,3,1010,常州北,14:17,14:19,高速动车
G138,4,1005,南京南,14:50,14:52,高速动车
G138,5,1039,蚌埠南,15:34,NULL,高速动车
G7301,1,1003,上海虹桥,NULL,13:30,高速动车
G7301,2,1023,杭州东,14:31,14:37,高速动车
G7301,3,1045,黄山北,16:09,NULL,高速动车
G7148,1,1003,上海虹桥,NULL,13:33,高速动车
G7148,2,1015,苏州,14:05,14:07,高速动车
G7148,3,1005,南京南,15:29,15:33,高速动车
G7148,4,1037,芜湖,16:17,NULL,高速动车
G140,1,1003,上海虹桥,NULL,13:34,高速动车
G140,2,1016,苏州北,13:57,13:59,高速动车
G140,3,1010,常州北,14:21,14:23,高速动车
G140,4,1005,南京南,15:04,NULL,高速动车
G7559,1,1003,上海虹桥,NULL,13:35,高速动车
G7559,2,1020,嘉兴南,14:13,14:23,高速动车
G7559,3,1023,杭州东,14:49,NULL,高速动车
G1634,1,1028,金华,NULL,11:52,高速动车
G1634,2,1023,杭州东,12:43,12:45,高速动车
G1634,3,1003,上海虹桥,13:37,NULL,高速动车
C3791,1,1007,南通西,NULL,12:18,城际动车
C3791,2,1003,上海虹桥,13:40,NULL,城际动车
G1329,1,1003,上海虹桥,NULL,13:40,高速动车
G1329,2,1020,嘉兴南,14:08,14:10,高速动车
G1329,3,1023,杭州东,14:40,14:42,高速动车
G1329,4,1028,金华,15:32,NULL,高速动车
G1348,1,1023,杭州东,NULL,12:55,高速动车
G1348,2,1003,上海虹桥,13:41,NULL,高速动车
G1914,1,1012,徐州东,NULL,10:34,高速动车
G1914,2,1005,南京南,11:59,12:01,高速动车
G1914,3,1010,常州北,12:33,12:39,高速动车
G1914,4,1016,苏州北,13:02,13:09,高速动车
G1914,5,1003,上海虹桥,13:41,NULL,高速动车
G7176,1,1003,上海虹桥,NULL,13:43,高速动车
G7176,2,1015,苏州,14:15,14:17,高速动车
G7176,3,1009,常州,14:48,14:50,高速动车
G7176,4,1005,南京南,15:42,15:45,高速动车
G7176,5,1037,芜湖,16:22,16:24,高速动车
G7176,6,1033,宣城,16:58,NULL,高速动车
G1932,1,1003,上海虹桥,NULL,13:44,高速动车
G1932,2,1016,苏州北,14:07,14:09,高速动车
G1932,3,1005,南京南,15:30,15:32,高速动车
G1932,4,1012,徐州东,16:55,NULL,高速动车
D382,1,1026,温州南,NULL,09:41,动车组
D382,2,1021,宁波,11:27,11:33,动车组
D382,3,1024,杭州南,12:24,12:26,动车组
D382,4,1023,杭州东,12:36,12:38,动车组
D382,5,1003,上海虹桥,13:46,NULL,动车组
G107,1,1012,徐州东,NULL,11:00,高速动车
G107,2,1005,南京南,12:15,12:18,高速动车
G107,3,1016,苏州北,13:19,13:21,高速动车
G107,4,1003,上海虹桥,13:46,NULL,高速动车
G1355,1,1003,上海虹桥,NULL,13:47,高速动车
G1355,2,1023,杭州东,14:46,14:50,高速动车
G1355,3,1028,金华,15:42,NULL,高速动车
G1808,1,1012,徐州东,NULL,10:21,高速动车
G1808,2,1039,蚌埠南,11:00,11:02,高速动车
G1808,3,1005,南京南,11:43,11:46,高速动车
G1808,4,1016,苏州北,13:14,13:16,高速动车
G1808,5,1003,上海虹桥,13:50,NULL,高速动车
G1720,1,1003,上海虹桥,NULL,13:51,高速动车
G1720,2,1016,苏州北,14:14,14:20,高速动车
G1720,3,1005,南京南,15:10,15:13,高速动车
G1720,4,1031,合肥南,16:01,NULL,高速动车
D3012,1,1031,合肥南,NULL,10:51,动车组
D3012,2,1005,南京南,11:41,11:46,动车组
D3012,3,1015,苏州,13:17,13:19,动车组
D3012,4,1003,上海虹桥,13:52,NULL,动车组
D3006,1,1003,上海虹桥,NULL,13:53,动车组
D3006,2,1015,苏州,14:30,14:32,动车组
D3006,3,1009,常州,15:05,15:07,动车组
D3006,4,1005,南京南,16:02,16:07,动车组
D3006,5,1031,合肥南,17:08,NULL,动车组
G7539,1,1003,上海虹桥,NULL,13:53,高速动车
G7539,2,1023,杭州东,15:14,15:16,高速动车
G7539,3,1021,宁波,16:14,16:20,高速动车
G7539,4,1026,温州南,18:16,NULL,高速动车
G224,1,1012,徐州东,NULL,11:07,高速动车
G224,2,1005,南京南,12:31,12:33,高速动车
G224,3,1010,常州北,13:05,13:07,高速动车
G224,4,1003,上海虹桥,13:58,NULL,高速动车
G4,1,1003,上海虹桥,NULL,14:00,高速动车
G4,2,1005,南京南,15:00,NULL,高速动车
G7515,1,1003,上海虹桥,NULL,14:00,高速动车
G7515,2,1020,嘉兴南,14:27,14:29,高速动车
G7515,3,1023,杭州东,15:02,15:06,高速动车
G7515,4,1021,宁波,15:54,NULL,高速动车
G7348,1,1019,丽水,NULL,11:18,高速动车
G7348,2,1023,杭州东,13:09,13:12,高速动车
G7348,3,1003,上海虹桥,14:04,NULL,高速动车
G1581,1,1027,衢州,NULL,11:58,高速动车
G1581,2,1023,杭州东,13:04,13:07,高速动车
G1581,3,1003,上海虹桥,14:00,14:05,高速动车
G1581,4,1016,苏州北,14:29,14:49,高速动车
G1581,5,1010,常州北,15:12,NULL,高速动车
G7315,1,1009,常州,NULL,12:51,高速动车
G7315,2,1015,苏州,13:22,13:24,高速动车
G7315,3,1003,上海虹桥,14:02,14:05,高速动车
G7315,4,1020,嘉兴南,14:33,14:38,高速动车
G7315,5,1023,杭州东,15:08,15:11,高速动车
G7315,6,1045,黄山北,17:09,NULL,高速动车
G1812,1,1012,徐州东,NULL,10:46,高速动车
G1812,2,1039,蚌埠南,11:24,11:26,高速动车
G1812,3,1005,南京南,12:07,12:11,高速动车
G1812,4,1010,常州北,13:10,13:12,高速动车
G1812,5,1016,苏州北,13:42,13:44,高速动车
G1812,6,1003,上海虹桥,14:07,NULL,高速动车
G7114,1,1003,上海虹桥,NULL,14:07,高速动车
G7114,2,1015,苏州,14:39,14:41,高速动车
G7114,3,1009,常州,15:12,15:14,高速动车
G7114,4,1004,南京,15:59,NULL,高速动车
G142,1,1003,上海虹桥,NULL,14:10,高速动车
G142,2,1005,南京南,15:26,15:28,高速动车
G142,3,1012,徐州东,16:49,NULL,高速动车
G99,1,1003,上海虹桥,NULL,14:10,高速动车
G99,2,1023,杭州东,14:58,15:01,高速动车
G99,3,1028,金华,15:47,NULL,高速动车
D3102,1,1026,温州南,NULL,09:55,动车组
D3102,2,1021,宁波,11:40,11:49,动车组
D3102,3,1023,杭州东,12:58,13:01,动车组
D3102,4,1020,嘉兴南,13:25,13:27,动车组
D3102,5,1003,上海虹桥,14:14,NULL,动车组
G1814,1,1003,上海虹桥,NULL,14:15,高速动车
G1814,2,1005,南京南,15:22,15:24,高速动车
G1814,3,1012,徐州东,16:38,NULL,高速动车
G7320,1,1045,黄山北,NULL,11:50,高速动车
G7320,2,1023,杭州东,13:27,13:29,高速动车
G7320,3,1003,上海虹桥,14:18,NULL,高速动车
G7578,1,1031,合肥南,NULL,11:22,高速动车
G7578,2,1005,南京南,12:10,12:13,高速动车
G7578,3,1009,常州,13:04,13:06,高速动车
G7578,4,1015,苏州,13:38,13:40,高速动车
G7578,5,1003,上海虹桥,14:16,14:19,高速动车
G7578,6,1020,嘉兴南,14:54,14:56,高速动车
G7578,7,1023,杭州东,15:19,15:21,高速动车
G7578,8,1021,宁波,16:27,16:29,高速动车
G7578,9,1026,温州南,18:47,NULL,高速动车
G226,1,1003,上海虹桥,NULL,14:20,高速动车
G226,2,1005,南京南,15:41,15:43,高速动车
G226,3,1039,蚌埠南,16:25,16:27,高速动车
G226,4,1012,徐州东,17:14,NULL,高速动车
C3720,1,1006,南通,NULL,12:39,城际动车
C3720,2,1003,上海虹桥,14:22,NULL,城际动车
G111,1,1005,南京南,NULL,12:55,高速动车
G111,2,1003,上海虹桥,14:22,NULL,高速动车
G9234,1,1003,上海虹桥,NULL,14:24,高速动车
G9234,2,1015,苏州,14:49,14:51,高速动车
G9234,3,1009,常州,15:22,15:24,高速动车
G9234,4,1017,连云港,17:59,NULL,高速动车
G7347,1,1003,上海虹桥,NULL,14:25,高速动车
G7347,2,1020,嘉兴南,14:59,15:01,高速动车
G7347,3,1023,杭州东,15:25,15:28,高速动车
G7347,4,1029,金华南,16:21,NULL,高速动车
G7,1,1005,南京南,NULL,13:25,高速动车
G7,2,1003,上海虹桥,14:28,NULL,高速动车
G1818,1,1003,上海虹桥,NULL,14:29,高速动车
G1818,2,1010,常州北,15:21,15:23,高速动车
G1818,3,1005,南京南,16:11,16:15,高速动车
G1818,4,1039,蚌埠南,16:56,16:58,高速动车
G1818,5,1012,徐州东,17:35,NULL,高速动车
G7134,1,1032,安庆,NULL,10:36,高速动车
G7134,2,1040,铜陵,11:17,11:19,高速动车
G7134,3,1037,芜湖,11:56,11:58,高速动车
G7134,4,1005,南京南,12:36,12:38,高速动车
G7134,5,1009,常州,13:28,13:30,高速动车
G7134,6,1015,苏州,14:01,14:03,高速动车
G7134,7,1003,上海虹桥,14:29,NULL,高速动车
G7390,1,1027,衢州,NULL,12:16,高速动车
G7390,2,1028,金华,12:37,12:40,高速动车
G7390,3,1023,杭州东,13:32,13:34,高速动车
G7390,4,1003,上海虹桥,14:28,14:30,高速动车
G7390,5,1015,苏州,14:55,14:57,高速动车
G7390,6,1009,常州,15:35,15:37,高速动车
G7390,7,1017,连云港,18:05,NULL,高速动车
G1652,1,1023,杭州东,NULL,13:44,高速动车
G1652,2,1003,上海虹桥,14:32,NULL,高速动车
G113,1,1012,徐州东,NULL,11:53,高速动车
G113,2,1005,南京南,13:07,13:11,高速动车
G113,3,1016,苏州北,14:02,14:09,高速动车
G113,4,1003,上海虹桥,14:33,NULL,高速动车
G1635,1,1003,上海虹桥,NULL,14:35,高速动车
G1635,2,1020,嘉兴南,15:03,15:06,高速动车
G1635,3,1023,杭州东,15:36,15:38,高速动车
G1635,4,1027,衢州,16:45,NULL,高速动车
G7280,1,1003,上海虹桥,NULL,14:35,高速动车
G7280,2,1005,南京南,15:50,15:53,高速动车
G7280,3,1039,蚌埠南,17:06,NULL,高速动车
G1778,1,1031,合肥南,NULL,11:30,高速动车
G1778,2,1005,南京南,12:34,12:38,高速动车
G1778,3,1010,常州北,13:17,13:19,高速动车
G1778,4,1016,苏州北,13:53,13:59,高速动车
G1778,5,1003,上海虹桥,14:37,NULL,高速动车
G7512,1,1021,宁波,NULL,12:28,高速动车
G7512,2,1023,杭州东,13:21,13:23,高速动车
G7512,3,1003,上海虹桥,14:37,NULL,高速动车
G7583,1,1017,连云港,NULL,11:05,高速动车
G7583,2,1009,常州,13:22,13:25,高速动车
G7583,3,1015,苏州,13:56,13:58,高速动车
G7583,4,1003,上海虹桥,14:37,14:40,高速动车
G7583,5,1023,杭州东,15:40,15:43,高速动车
G7583,6,1021,宁波,16:37,NULL,高速动车
D3010,1,1003,上海虹桥,NULL,14:41,动车组
D3010,2,1015,苏州,15:14,15:16,动车组
D3010,3,1009,常州,15:50,15:52,动车组
D3010,4,1005,南京南,16:43,16:47,动车组
D3010,5,1031,合肥南,17:35,NULL,动车组
G211,1,1005,南京南,NULL,13:16,高速动车
G211,2,1016,苏州北,14:15,14:17,高速动车
G211,3,1003,上海虹桥,14:41,NULL,高速动车
D381,1,1003,上海虹桥,NULL,14:45,动车组
D381,2,1020,嘉兴南,15:28,15:35,动车组
D381,3,1023,杭州东,16:16,16:19,动车组
D381,4,1021,宁波,17:17,17:22,动车组
D381,5,1026,温州南,19:18,NULL,动车组
G362,1,1012,徐州东,NULL,12:20,高速动车
G362,2,1005,南京南,13:34,13:37,高速动车
G362,3,1003,上海虹桥,14:45,NULL,高速动车
G86,1,1023,杭州东,NULL,14:02,高速动车
G86,2,1003,上海虹桥,14:48,NULL,高速动车
C3714,1,1003,上海虹桥,NULL,14:49,城际动车
C3714,2,1006,南通,16:27,NULL,城际动车
G146,1,1003,上海虹桥,NULL,14:50,高速动车
G146,2,1016,苏州北,15:13,15:20,高速动车
G146,3,1005,南京南,16:17,16:24,高速动车
G146,4,1012,徐州东,17:44,NULL,高速动车
G41,1,1039,蚌埠南,NULL,12:47,高速动车
G41,2,1005,南京南,13:29,13:31,高速动车
G41,3,1003,上海虹桥,14:49,14:51,高速动车
G41,4,1020,嘉兴南,15:18,15:24,高速动车
G41,5,1023,杭州东,15:48,NULL,高速动车
C3724,1,1006,南通,NULL,13:21,城际动车
C3724,2,1003,上海虹桥,14:52,NULL,城际动车
G1350,1,1028,金华,NULL,13:03,高速动车
G1350,2,1023,杭州东,13:46,13:49,高速动车
G1350,3,1020,嘉兴南,14:12,14:14,高速动车
G1350,4,1003,上海虹桥,14:54,NULL,高速动车
G7140,1,1003,上海虹桥,NULL,14:54,高速动车
G7140,2,1015,苏州,15:30,15:32,高速动车
G7140,3,1009,常州,16:10,16:12,高速动车
G7140,4,1005,南京南,17:07,17:09,高速动车
G7140,5,1037,芜湖,17:47,17:49,高速动车
G7140,6,1040,铜陵,18:21,18:23,高速动车
G7140,7,1032,安庆,19:04,NULL,高速动车
G7517,1,1003,上海虹桥,NULL,14:56,高速动车
G7517,2,1023,杭州东,15:44,15:51,高速动车
G7517,3,1021,宁波,16:51,NULL,高速动车
G115,1,1005,南京南,NULL,13:41,高速动车
G115,2,1003,上海虹桥,14:58,NULL,高速动车
G14,1,1003,上海虹桥,NULL,15:00,高速动车
G14,2,1005,南京南,16:00,NULL,高速动车
D3101,1,1003,上海虹桥,NULL,15:01,动车组
D3101,2,1023,杭州东,16:27,16:30,动车组
D3101,3,1021,宁波,17:44,17:51,动车组
D3101,4,1026,温州南,19:42,NULL,动车组
G214,1,1003,上海虹桥,NULL,15:05,高速动车
G214,2,1005,南京南,16:30,16:34,高速动车
G214,3,1012,徐州东,17:48,NULL,高速动车
G1770,1,1031,合肥南,NULL,12:09,高速动车
G1770,2,1005,南京南,12:57,12:59,高速动车
G1770,3,1010,常州北,14:00,14:19,高速动车
G1770,4,1016,苏州北,14:41,14:43,高速动车
G1770,5,1003,上海虹桥,15:07,NULL,高速动车
G1357,1,1003,上海虹桥,NULL,15:08,高速动车
G1357,2,1023,杭州东,15:54,NULL,高速动车
G7334,1,1026,温州南,NULL,11:24,高速动车
G7334,2,1019,丽水,11:58,12:00,高速动车
G7334,3,1029,金华南,12:40,12:42,高速动车
G7334,4,1023,杭州东,13:50,13:54,高速动车
G7334,5,1003,上海虹桥,15:08,NULL,高速动车
C3772,1,1003,上海虹桥,NULL,15:09,城际动车
C3772,2,1007,南通西,16:31,16:33,城际动车
C3772,3,1004,南京,19:09,NULL,城际动车
G7186,1,1003,上海虹桥,NULL,15:10,高速动车
G7186,2,1005,南京南,16:22,16:25,高速动车
G7186,3,1030,合肥,17:16,17:18,高速动车
G7186,4,1043,阜阳西,18:17,NULL,高速动车
G1637,1,1003,上海虹桥,NULL,15:13,高速动车
G1637,2,1020,嘉兴南,15:46,15:52,高速动车
G1637,3,1023,杭州东,16:22,16:25,高速动车
G1637,4,1028,金华,17:15,NULL,高速动车
D3008,1,1031,合肥南,NULL,11:52,动车组
D3008,2,1005,南京南,12:43,12:47,动车组
D3008,3,1009,常州,13:56,13:58,动车组
D3008,4,1015,苏州,14:30,14:32,动车组
D3008,5,1003,上海虹桥,15:15,NULL,动车组
G7542,1,1021,宁波,NULL,13:05,高速动车
G7542,2,1023,杭州东,14:05,14:09,高速动车
G7542,3,1020,嘉兴南,14:39,14:41,高速动车
G7542,4,1003,上海虹桥,15:16,NULL,高速动车
G1776,1,1003,上海虹桥,NULL,15:17,高速动车
G1776,2,1016,苏州北,15:40,15:42,高速动车
G1776,3,1010,常州北,16:04,16:10,高速动车
G1776,4,1005,南京南,16:53,16:55,高速动车
G1776,5,1031,合肥南,17:43,NULL,高速动车
G7514,1,1021,宁波,NULL,13:14,高速动车
G7514,2,1023,杭州东,14:14,14:19,高速动车
G7514,3,1020,嘉兴南,14:49,14:52,高速动车
G7514,4,1003,上海虹桥,15:20,NULL,高速动车
G148,1,1003,上海虹桥,NULL,15:22,高速动车
G148,2,1016,苏州北,15:45,15:47,高速动车
G148,3,1005,南京南,16:44,16:47,高速动车
G148,4,1039,蚌埠南,17:28,17:30,高速动车
G148,5,1012,徐州东,18:07,NULL,高速动车
G1813,1,1012,徐州东,NULL,12:27,高速动车
G1813,2,1005,南京南,13:49,13:52,高速动车
G1813,3,1016,苏州北,14:56,14:58,高速动车
G1813,4,1003,上海虹桥,15:23,NULL,高速动车
G7172,1,1003,上海虹桥,NULL,15:23,高速动车
G7172,2,1015,苏州,16:02,NULL,高速动车
D3104,1,1026,温州南,NULL,10:38,动车组
D3104,2,1021,宁波,12:30,12:34,动车组
D3104,3,1023,杭州东,13:37,13:39,动车组
D3104,4,1020,嘉兴南,14:17,14:24,动车组
D3104,5,1003,上海虹桥,15:24,NULL,动车组
G1305,1,1003,上海虹桥,NULL,15:25,高速动车
G1305,2,1023,杭州东,16:12,NULL,高速动车
G1730,1,1031,合肥南,NULL,12:46,高速动车
G1730,2,1005,南京南,13:41,13:46,高速动车
G1730,3,1010,常州北,14:25,14:31,高速动车
G1730,4,1016,苏州北,15:01,15:03,高速动车
G1730,5,1003,上海虹桥,15:27,NULL,高速动车
G7127,1,1004,南京,NULL,13:48,高速动车
G7127,2,1015,苏州,14:55,14:57,高速动车
G7127,3,1003,上海虹桥,15:30,NULL,高速动车
G1736,1,1003,上海虹桥,NULL,15:31,高速动车
G1736,2,1010,常州北,16:19,16:29,高速动车
G1736,3,1005,南京南,17:02,17:08,高速动车
G1736,4,1031,合肥南,18:07,NULL,高速动车
D5462,1,1024,杭州南,NULL,13:30,动车组
D5462,2,1023,杭州东,13:45,13:52,动车组
D5462,3,1003,上海虹桥,15:26,15:32,动车组
D5462,4,1006,南通,17:11,17:15,动车组
D5462,5,1008,启东,18:01,NULL,动车组
G7337,1,1003,上海虹桥,NULL,15:32,高速动车
G7337,2,1023,杭州东,16:32,16:35,高速动车
G7337,3,1019,丽水,18:14,18:16,高速动车
G7337,4,1026,温州南,18:58,NULL,高速动车
G7546,1,1026,温州南,NULL,11:20,高速动车
G7546,2,1021,宁波,13:24,13:26,高速动车
G7546,3,1023,杭州东,14:26,14:30,高速动车
G7546,4,1003,上海虹桥,15:32,NULL,高速动车
G1359,1,1003,上海虹桥,NULL,15:37,高速动车
G1359,2,1020,嘉兴南,16:11,16:13,高速动车
G1359,3,1023,杭州东,16:36,16:40,高速动车
G1359,4,1028,金华,17:30,NULL,高速动车
G117,1,1005,南京南,NULL,14:07,高速动车
G117,2,1016,苏州北,15:05,15:08,高速动车
G117,3,1003,上海虹桥,15:38,NULL,高速动车
C3728,1,1006,南通,NULL,14:09,城际动车
C3728,2,1003,上海虹桥,15:40,NULL,城际动车
G1822,1,1003,上海虹桥,NULL,15:40,高速动车
G1822,2,1010,常州北,16:33,16:35,高速动车
G1822,3,1005,南京南,17:06,17:08,高速动车
G1822,4,1039,蚌埠南,18:01,18:08,高速动车
G1822,5,1012,徐州东,18:45,NULL,高速动车
G7322,1,1026,温州南,NULL,12:34,高速动车
G7322,2,1019,丽水,13:08,13:10,高速动车
G7322,3,1029,金华南,13:50,13:53,高速动车
G7322,4,1023,杭州东,14:40,14:42,高速动车
G7322,5,1020,嘉兴南,15:06,15:08,高速动车
G7322,6,1003,上海虹桥,15:42,NULL,高速动车
G7168,1,1003,上海虹桥,NULL,15:43,高速动车
G7168,2,1015,苏州,16:20,16:22,高速动车
G7168,3,1005,南京南,17:56,18:00,高速动车
G7168,4,1037,芜湖,18:37,18:39,高速动车
G7168,5,1040,铜陵,19:17,NULL,高速动车
G7308,1,1045,黄山北,NULL,13:02,高速动车
G7308,2,1023,杭州东,14:45,14:51,高速动车
G7308,3,1003,上海虹桥,15:46,NULL,高速动车
G2811,1,1043,阜阳西,NULL,12:12,高速动车
G2811,2,1036,淮南南,12:53,12:55,高速动车
G2811,3,1030,合肥,13:22,13:26,高速动车
G2811,4,1005,南京南,14:17,14:23,高速动车
G2811,5,1003,上海虹桥,15:47,NULL,高速动车
G7545,1,1003,上海虹桥,NULL,15:47,高速动车
G7545,2,1023,杭州东,16:47,16:50,高速动车
G7545,3,1021,宁波,17:50,18:07,高速动车
G7545,4,1026,温州南,19:59,NULL,高速动车
G7152,1,1003,上海虹桥,NULL,15:48,高速动车
G7152,2,1015,苏州,16:15,16:17,高速动车
G7152,3,1009,常州,17:03,17:05,高速动车
G7152,4,1005,南京南,18:04,18:07,高速动车
G7152,5,1037,芜湖,18:50,NULL,高速动车
G119,1,1012,徐州东,NULL,13:07,高速动车
G119,2,1039,蚌埠南,13:44,13:46,高速动车
G119,3,1005,南京南,14:27,14:29,高速动车
G119,4,1003,上海虹桥,15:51,NULL,高速动车
G170,1,1003,上海虹桥,NULL,15:52,高速动车
G170,2,1010,常州北,16:39,16:41,高速动车
G170,3,1005,南京南,17:12,NULL,高速动车
G7519,1,1003,上海虹桥,NULL,15:52,高速动车
G7519,2,1023,杭州东,16:51,16:55,高速动车
G7519,3,1021,宁波,17:55,NULL,高速动车
D3103,1,1003,上海虹桥,NULL,15:57,动车组
D3103,2,1023,杭州东,16:58,17:00,动车组
D3103,3,1021,宁波,18:09,18:13,动车组
D3103,4,1026,温州南,20:04,NULL,动车组
G1768,1,1003,上海虹桥,NULL,15:57,高速动车
G1768,2,1010,常州北,16:44,16:46,高速动车
G1768,3,1005,南京南,17:30,17:35,高速动车
G1768,4,1031,合肥南,18:24,NULL,高速动车
D3044,1,1031,合肥南,NULL,12:26,动车组
D3044,2,1005,南京南,13:20,13:23,动车组
D3044,3,1009,常州,14:32,14:34,动车组
D3044,4,1015,苏州,15:22,15:24,动车组
D3044,5,1003,上海虹桥,16:00,NULL,动车组
D3143,1,1026,温州南,NULL,11:50,动车组
D3143,2,1021,宁波,13:41,13:43,动车组
D3143,3,1023,杭州东,14:50,14:56,动车组
D3143,4,1020,嘉兴南,15:25,15:27,动车组
D3143,5,1003,上海虹桥,15:57,16:01,动车组
D3143,6,1015,苏州,16:36,16:38,动车组
D3143,7,1009,常州,17:11,17:13,动车组
D3143,8,1004,南京,18:08,NULL,动车组
G7198,1,1031,合肥南,NULL,13:39,高速动车
G7198,2,1005,南京南,14:27,14:33,高速动车
G7198,3,1010,常州北,15:13,15:15,高速动车
G7198,4,1003,上海虹桥,16:03,NULL,高速动车
G150,1,1003,上海虹桥,NULL,16:04,高速动车
G150,2,1010,常州北,16:51,16:53,高速动车
G150,3,1005,南京南,17:24,17:27,高速动车
G150,4,1012,徐州东,18:41,NULL,高速动车
D3014,1,1003,上海虹桥,NULL,16:06,动车组
D3014,2,1015,苏州,16:41,16:43,动车组
D3014,3,1009,常州,17:16,17:18,动车组
D3014,4,1005,南京南,18:20,18:23,动车组
D3014,5,1031,合肥南,19:17,NULL,动车组
G7365,1,1003,上海虹桥,NULL,16:07,高速动车
G7365,2,1020,嘉兴南,16:35,16:37,高速动车
G7365,3,1023,杭州东,17:03,17:05,高速动车
G7365,4,1028,金华,17:55,17:57,高速动车
G7365,5,1027,衢州,18:18,NULL,高速动车
G1352,1,1028,金华,NULL,14:13,高速动车
G1352,2,1023,杭州东,15:11,15:14,高速动车
G1352,3,1003,上海虹桥,16:08,NULL,高速动车
G232,1,1012,徐州东,NULL,13:35,高速动车
G232,2,1005,南京南,14:50,14:54,高速动车
G232,3,1016,苏州北,15:44,15:46,高速动车
G232,4,1003,上海虹桥,16:11,NULL,高速动车
G7516,1,1026,温州南,NULL,12:17,高速动车
G7516,2,1021,宁波,14:14,14:17,高速动车
G7516,3,1023,杭州东,15:17,15:19,高速动车
G7516,4,1003,上海虹桥,16:11,NULL,高速动车
G1936,1,1003,上海虹桥,NULL,16:12,高速动车
G1936,2,1016,苏州北,16:35,16:37,高速动车
G1936,3,1010,常州北,16:59,17:05,高速动车
G1936,4,1005,南京南,17:37,17:41,高速动车
G1936,5,1012,徐州东,18:57,NULL,高速动车
G7571,1,1036,淮南南,NULL,12:39,高速动车
G7571,2,1030,合肥,13:06,13:10,高速动车
G7571,3,1005,南京南,14:01,14:03,高速动车
G7571,4,1009,常州,14:55,14:57,高速动车
G7571,5,1003,上海虹桥,16:08,16:12,高速动车
G7571,6,1020,嘉兴南,16:40,16:42,高速动车
G7571,7,1023,杭州东,17:12,17:15,高速动车
G7571,8,1021,宁波,18:21,18:27,高速动车
G7571,9,1026,温州南,20:18,NULL,高速动车
G213,1,1012,徐州东,NULL,13:30,高速动车
G213,2,1005,南京南,14:44,14:49,高速动车
G213,3,1010,常州北,15:21,15:26,高速动车
G213,4,1016,苏州北,15:49,15:51,高速动车
G213,5,1003,上海虹桥,16:17,NULL,高速动车
G7321,1,1003,上海虹桥,NULL,16:17,高速动车
G7321,2,1023,杭州东,17:16,17:23,高速动车
G7321,3,1019,丽水,19:18,19:20,高速动车
G7321,4,1026,温州南,20:01,NULL,高速动车
G152,1,1003,上海虹桥,NULL,16:18,高速动车
G152,2,1016,苏州北,16:42,16:44,高速动车
G152,3,1005,南京南,17:32,17:34,高速动车
G152,4,1012,徐州东,18:49,NULL,高速动车
G7138,1,1032,安庆,NULL,12:17,高速动车
G7138,2,1040,铜陵,12:58,13:00,高速动车
G7138,3,1037,芜湖,13:37,13:39,高速动车
G7138,4,1005,南京南,14:23,14:28,高速动车
G7138,5,1009,常州,15:18,15:20,高速动车
G7138,6,1015,苏州,15:47,15:49,高速动车
G7138,7,1003,上海虹桥,16:20,NULL,高速动车
G7303,1,1003,上海虹桥,NULL,16:22,高速动车
G7303,2,1020,嘉兴南,16:56,16:58,高速动车
G7303,3,1023,杭州东,17:32,17:34,高速动车
G7303,4,1045,黄山北,19:29,NULL,高速动车
G7592,1,1026,温州南,NULL,12:43,高速动车
G7592,2,1019,丽水,13:23,13:25,高速动车
G7592,3,1029,金华南,14:05,14:07,高速动车
G7592,4,1023,杭州东,14:59,15:01,高速动车
G7592,5,1020,嘉兴南,15:31,15:41,高速动车
G7592,6,1003,上海虹桥,16:22,16:24,高速动车
G7592,7,1015,苏州,16:57,16:59,高速动车
G7592,8,1009,常州,17:36,17:38,高速动车
G7592,9,1005,南京南,18:40,18:44,高速动车
G7592,10,1037,芜湖,19:27,19:31,高速动车
G7592,11,1040,铜陵,20:09,20:11,高速动车
G7592,12,1032,安庆,20:52,NULL,高速动车
G121,1,1012,徐州东,NULL,13:41,高速动车
G121,2,1005,南京南,14:55,15:00,高速动车
G121,3,1016,苏州北,15:58,16:00,高速动车
G121,4,1003,上海虹桥,16:25,NULL,高速动车
G7560,1,1023,杭州东,NULL,15:29,高速动车
G7560,2,1020,嘉兴南,15:54,15:57,高速动车
G7560,3,1003,上海虹桥,16:25,NULL,高速动车
G2812,1,1003,上海虹桥,NULL,16:26,高速动车
G2812,2,1016,苏州北,16:49,16:54,高速动车
G2812,3,1005,南京南,17:51,17:53,高速动车
G2812,4,1030,合肥,18:46,18:50,高速动车
G2812,5,1036,淮南南,19:17,19:20,高速动车
G2812,6,1043,阜阳西,19:55,NULL,高速动车
D5562,1,1003,上海虹桥,NULL,16:29,动车组
D5562,2,1007,南通西,17:51,17:53,动车组
D5562,3,1030,合肥,20:56,21:00,动车组
D5562,4,1036,淮南南,21:29,21:31,动车组
D5562,5,1043,阜阳西,22:09,NULL,动车组
G7326,1,1026,温州南,NULL,13:03,高速动车
G7326,2,1019,丽水,13:43,13:45,高速动车
G7326,3,1023,杭州东,15:22,15:24,高速动车
G7326,4,1020,嘉兴南,15:59,16:02,高速动车
G7326,5,1003,上海虹桥,16:29,NULL,高速动车
G1583,1,1010,常州北,NULL,15:34,高速动车
G1583,2,1016,苏州北,16:03,16:05,高速动车
G1583,3,1003,上海虹桥,16:29,16:32,高速动车
G1583,4,1020,嘉兴南,17:01,17:04,高速动车
G1583,5,1023,杭州东,17:27,17:29,高速动车
G1583,6,1028,金华,18:21,18:24,高速动车
G1583,7,1027,衢州,18:46,NULL,高速动车
G234,1,1003,上海虹桥,NULL,16:32,高速动车
G234,2,1005,南京南,17:45,17:47,高速动车
G234,3,1012,徐州东,19:01,NULL,高速动车
C3774,1,1004,南京,NULL,12:41,城际动车
C3774,2,1007,南通西,15:08,15:11,城际动车
C3774,3,1003,上海虹桥,16:35,NULL,城际动车
G7376,1,1027,衢州,NULL,14:24,高速动车
G7376,2,1028,金华,14:45,14:47,高速动车
G7376,3,1023,杭州东,15:38,15:40,高速动车
G7376,4,1003,上海虹桥,16:34,16:36,高速动车
G7376,5,1015,苏州,17:07,17:09,高速动车
G7376,6,1009,常州,17:41,17:43,高速动车
G7376,7,1005,南京南,18:36,18:42,高速动车
G7376,8,1031,合肥南,19:32,NULL,高速动车
G9,1,1005,南京南,NULL,15:32,高速动车
G9,2,1003,上海虹桥,16:36,NULL,高速动车
G1370,1,1027,衢州,NULL,14:19,高速动车
G1370,2,1028,金华,14:40,14:42,高速动车
G1370,3,1023,杭州东,15:32,15:35,高速动车
G1370,4,1020,嘉兴南,16:04,16:10,高速动车
G1370,5,1003,上海虹桥,16:37,NULL,高速动车
G1361,1,1003,上海虹桥,NULL,16:38,高速动车
G1361,2,1020,嘉兴南,17:12,17:14,高速动车
G1361,3,1023,杭州东,17:37,17:45,高速动车
G1361,4,1028,金华,18:35,18:37,高速动车
G1361,5,1027,衢州,18:58,NULL,高速动车
G216,1,1003,上海虹桥,NULL,16:38,高速动车
G216,2,1016,苏州北,17:01,17:04,高速动车
G216,3,1005,南京南,18:04,18:06,高速动车
G216,4,1039,蚌埠南,18:48,18:50,高速动车
G216,5,1012,徐州东,19:26,NULL,高速动车
G7521,1,1003,上海虹桥,NULL,16:43,高速动车
G7521,2,1020,嘉兴南,17:17,17:19,高速动车
G7521,3,1023,杭州东,17:52,17:55,高速动车
G7521,4,1021,宁波,18:55,19:00,高速动车
G7521,5,1026,温州南,20:51,NULL,高速动车
G7117,1,1004,南京,NULL,14:41,高速动车
G7117,2,1015,苏州,16:06,16:08,高速动车
G7117,3,1003,上海虹桥,16:44,NULL,高速动车
G7196,1,1003,上海虹桥,NULL,16:44,高速动车
G7196,2,1016,苏州北,17:07,17:09,高速动车
G7196,3,1010,常州北,17:46,17:52,高速动车
G7196,4,1005,南京南,18:32,18:37,高速动车
G7196,5,1031,合肥南,19:27,NULL,高速动车
G1918,1,1012,徐州东,NULL,13:46,高速动车
G1918,2,1039,蚌埠南,14:23,14:25,高速动车
G1918,3,1005,南京南,15:07,15:09,高速动车
G1918,4,1016,苏州北,16:08,16:15,高速动车
G1918,5,1003,上海虹桥,16:45,NULL,高速动车
D3042,1,1003,上海虹桥,NULL,16:47,动车组
D3042,2,1015,苏州,17:35,17:37,动车组
D3042,3,1009,常州,18:09,18:11,动车组
D3042,4,1005,南京南,19:06,19:10,动车组
D3042,5,1031,合肥南,20:06,NULL,动车组
G123,1,1005,南京南,NULL,15:19,高速动车
G123,2,1003,上海虹桥,16:50,NULL,高速动车
G1728,1,1003,上海虹桥,NULL,16:51,高速动车
G1728,2,1016,苏州北,17:14,17:20,高速动车
G1728,3,1005,南京南,18:10,18:12,高速动车
G1728,4,1031,合肥南,19:00,NULL,高速动车
G7533,1,1003,上海虹桥,NULL,16:53,高速动车
G7533,2,1020,嘉兴南,17:22,17:24,高速动车
G7533,3,1023,杭州东,17:48,17:50,高速动车
G7533,4,1021,宁波,18:50,NULL,高速动车
G1636,1,1027,衢州,NULL,14:43,高速动车
G1636,2,1028,金华,15:04,15:06,高速动车
G1636,3,1023,杭州东,15:50,15:54,高速动车
G1636,4,1020,嘉兴南,16:17,16:20,高速动车
G1636,5,1003,上海虹桥,16:55,NULL,高速动车
D5456,1,1024,杭州南,NULL,14:50,动车组
D5456,2,1023,杭州东,15:05,15:13,动车组
D5456,3,1003,上海虹桥,16:52,16:58,动车组
D5456,4,1007,南通西,18:22,18:24,动车组
D5456,5,1004,南京,20:55,NULL,动车组
G125,1,1005,南京南,NULL,15:36,高速动车
G125,2,1010,常州北,16:08,16:10,高速动车
G125,3,1003,上海虹桥,16:59,NULL,高速动车
G7353,1,1022,杭州,NULL,15:53,高速动车
G7353,2,1020,嘉兴南,16:22,16:25,高速动车
G7353,3,1003,上海虹桥,16:59,NULL,高速动车
G1385,1,1003,上海虹桥,NULL,17:00,高速动车
G1385,2,1020,嘉兴南,17:27,17:29,高速动车
G1385,3,1023,杭州东,17:59,18:05,高速动车
G1385,4,1028,金华,18:56,18:58,高速动车
G1385,5,1027,衢州,19:19,NULL,高速动车
G16,1,1003,上海虹桥,NULL,17:00,高速动车
G16,2,1005,南京南,17:59,18:01,高速动车
G16,3,1012,徐州东,19:08,NULL,高速动车
G1354,1,1028,金华,NULL,15:11,高速动车
G1354,2,1023,杭州东,16:01,16:03,高速动车
G1354,3,1020,嘉兴南,16:33,16:35,高速动车
G1354,4,1003,上海虹桥,17:03,NULL,高速动车
G7579,1,1007,南通西,NULL,15:33,高速动车
G7579,2,1003,上海虹桥,17:01,17:04,高速动车
G7579,3,1020,嘉兴南,17:32,17:34,高速动车
G7579,4,1023,杭州东,18:06,18:11,高速动车
G7579,5,1045,黄山北,20:07,NULL,高速动车
G7144,1,1003,上海虹桥,NULL,17:05,高速动车
G7144,2,1015,苏州,17:40,17:42,高速动车
G7144,3,1005,南京南,19:15,19:17,高速动车
G7144,4,1037,芜湖,20:00,20:02,高速动车
G7144,5,1040,铜陵,20:34,20:36,高速动车
G7144,6,1032,安庆,21:17,NULL,高速动车
G1940,1,1003,上海虹桥,NULL,17:06,高速动车
G1940,2,1005,南京南,18:19,18:21,高速动车
G1940,3,1012,徐州东,19:35,NULL,高速动车
G7174,1,1031,合肥南,NULL,13:55,高速动车
G7174,2,1005,南京南,14:43,14:47,高速动车
G7174,3,1009,常州,15:54,15:56,高速动车
G7174,4,1015,苏州,16:27,16:29,高速动车
G7174,5,1003,上海虹桥,17:06,NULL,高速动车
G1363,1,1003,上海虹桥,NULL,17:09,高速动车
G1363,2,1020,嘉兴南,17:47,17:49,高速动车
G1363,3,1023,杭州东,18:19,18:21,高速动车
G1363,4,1027,衢州,19:28,NULL,高速动车
G7118,1,1003,上海虹桥,NULL,17:11,高速动车
G7118,2,1009,常州,18:25,18:27,高速动车
G7118,3,1004,南京,19:13,NULL,高速动车
G3154,1,1043,阜阳西,NULL,13:11,高速动车
G3154,2,1036,淮南南,13:51,13:54,高速动车
G3154,3,1030,合肥,14:21,14:26,高速动车
G3154,4,1005,南京南,15:17,15:23,高速动车
G3154,5,1010,常州北,15:55,16:02,高速动车
G3154,6,1016,苏州北,16:37,16:39,高速动车
G3154,7,1003,上海虹桥,17:12,NULL,高速动车
G154,1,1003,上海虹桥,NULL,17:13,高速动车
G154,2,1016,苏州北,17:36,17:38,高速动车
G154,3,1010,常州北,18:00,18:02,高速动车
G154,4,1005,南京南,18:35,18:37,高速动车
G154,5,1039,蚌埠南,19:19,NULL,高速动车
G7585,1,1017,连云港,NULL,13:29,高速动车
G7585,2,1009,常州,16:03,16:06,高速动车
G7585,3,1015,苏州,16:37,16:39,高速动车
G7585,4,1003,上海虹桥,17:12,17:15,高速动车
G7585,5,1020,嘉兴南,17:43,17:44,高速动车
G7585,6,1023,杭州东,18:14,18:16,高速动车
G7585,7,1021,宁波,19:16,19:20,高速动车
G7585,8,1026,温州南,21:17,NULL,高速动车
G462,1,1012,徐州东,NULL,14:28,高速动车
G462,2,1005,南京南,15:48,15:51,高速动车
G462,3,1016,苏州北,16:48,16:52,高速动车
G462,4,1003,上海虹桥,17:16,NULL,高速动车
G156,1,1003,上海虹桥,NULL,17:18,高速动车
G156,2,1016,苏州北,17:41,17:43,高速动车
G156,3,1005,南京南,18:39,18:41,高速动车
G156,4,1039,蚌埠南,19:23,NULL,高速动车
G127,1,1012,徐州东,NULL,14:42,高速动车
G127,2,1039,蚌埠南,15:18,15:20,高速动车
G127,3,1005,南京南,16:01,16:04,高速动车
G127,4,1010,常州北,16:36,16:38,高速动车
G127,5,1003,上海虹桥,17:20,NULL,高速动车
G1638,1,1027,衢州,NULL,15:10,高速动车
G1638,2,1023,杭州东,16:17,16:21,高速动车
G1638,3,1020,嘉兴南,16:51,16:53,高速动车
G1638,4,1003,上海虹桥,17:21,NULL,高速动车
G7142,1,1032,安庆,NULL,13:08,高速动车
G7142,2,1040,铜陵,13:49,13:51,高速动车
G7142,3,1037,芜湖,14:28,14:30,高速动车
G7142,4,1005,南京南,15:14,15:17,高速动车
G7142,5,1009,常州,16:09,16:11,高速动车
G7142,6,1015,苏州,16:42,16:44,高速动车
G7142,7,1003,上海虹桥,17:21,NULL,高速动车
G1639,1,1003,上海虹桥,NULL,17:22,高速动车
G1639,2,1023,杭州东,18:29,18:32,高速动车
G1639,3,1027,衢州,19:32,NULL,高速动车
G44,1,1023,杭州东,NULL,16:15,高速动车
G44,2,1020,嘉兴南,16:38,16:40,高速动车
G44,3,1003,上海虹桥,17:14,17:23,高速动车
G44,4,1016,苏州北,17:46,17:48,高速动车
G44,5,1005,南京南,18:50,18:52,高速动车
G44,6,1012,徐州东,20:06,NULL,高速动车
G411,1,1012,徐州东,NULL,14:38,高速动车
G411,2,1039,蚌埠南,15:14,15:16,高速动车
G411,3,1005,南京南,15:57,15:59,高速动车
G411,4,1010,常州北,16:31,16:33,高速动车
G411,5,1016,苏州北,16:56,17:01,高速动车
G411,6,1003,上海虹桥,17:25,NULL,高速动车
G7518,1,1021,宁波,NULL,15:27,高速动车
G7518,2,1023,杭州东,16:22,16:26,高速动车
G7518,3,1020,嘉兴南,16:56,16:58,高速动车
G7518,4,1003,上海虹桥,17:25,NULL,高速动车
G7305,1,1003,上海虹桥,NULL,17:27,高速动车
G7305,2,1020,嘉兴南,18:01,18:03,高速动车
G7305,3,1023,杭州东,18:33,18:37,高速动车
G7305,4,1045,黄山北,20:26,NULL,高速动车
D3048,1,1031,合肥南,NULL,14:34,动车组
D3048,2,1005,南京南,15:22,15:25,动车组
D3048,3,1009,常州,16:14,16:16,动车组
D3048,4,1015,苏州,16:58,17:00,动车组
D3048,5,1003,上海虹桥,17:28,NULL,动车组
G7130,1,1003,上海虹桥,NULL,17:32,高速动车
G7130,2,1015,苏州,17:59,18:01,高速动车
G7130,3,1009,常州,18:32,18:34,高速动车
G7130,4,1004,南京,19:19,NULL,高速动车
G7388,1,1031,合肥南,NULL,14:49,高速动车
G7388,2,1005,南京南,15:37,15:40,高速动车
G7388,3,1010,常州北,16:12,16:14,高速动车
G7388,4,1016,苏州北,16:44,16:46,高速动车
G7388,5,1003,上海虹桥,17:29,17:32,高速动车
G7388,6,1020,嘉兴南,18:16,18:18,高速动车
G7388,7,1023,杭州东,18:42,NULL,高速动车
G3254,1,1043,阜阳西,NULL,13:24,高速动车
G3254,2,1036,淮南南,14:04,14:06,高速动车
G3254,3,1030,合肥,14:41,14:51,高速动车
G3254,4,1005,南京南,15:42,15:45,高速动车
G3254,5,1016,苏州北,17:06,17:09,高速动车
G3254,6,1003,上海虹桥,17:33,NULL,高速动车
G158,1,1003,上海虹桥,NULL,17:34,高速动车
G158,2,1016,苏州北,17:57,17:59,高速动车
G158,3,1005,南京南,18:54,18:57,高速动车
G158,4,1039,蚌埠南,19:39,NULL,高速动车
G1390,1,1028,金华,NULL,15:46,高速动车
G1390,2,1023,杭州东,16:34,16:36,高速动车
G1390,3,1020,嘉兴南,17:01,17:03,高速动车
G1390,4,1003,上海虹桥,17:37,NULL,高速动车
C3751,1,1012,徐州东,NULL,12:54,城际动车
C3751,2,1007,南通西,16:16,16:18,城际动车
C3751,3,1003,上海虹桥,17:38,NULL,城际动车
G1365,1,1003,上海虹桥,NULL,17:38,高速动车
G1365,2,1020,嘉兴南,18:05,18:08,高速动车
G1365,3,1023,杭州东,18:38,18:42,高速动车
G1365,4,1028,金华,19:25,NULL,高速动车
G1922,1,1012,徐州东,NULL,14:46,高速动车
G1922,2,1005,南京南,16:05,16:09,高速动车
G1922,3,1010,常州北,16:41,16:43,高速动车
G1922,4,1016,苏州北,17:13,17:16,高速动车
G1922,5,1003,上海虹桥,17:40,NULL,高速动车
G1455,1,1003,上海虹桥,NULL,17:45,高速动车
G1455,2,1020,嘉兴南,18:21,18:23,高速动车
G1455,3,1023,杭州东,18:46,18:50,高速动车
G1455,4,1028,金华,19:33,NULL,高速动车
G1958,1,1043,阜阳西,NULL,14:00,高速动车
G1958,2,1036,淮南南,14:42,14:44,高速动车
G1958,3,1030,合肥,15:11,15:18,高速动车
G1958,4,1005,南京南,16:09,16:14,高速动车
G1958,5,1010,常州北,16:46,16:48,高速动车
G1958,6,1016,苏州北,17:18,17:21,高速动车
G1958,7,1003,上海虹桥,17:45,NULL,高速动车
G8313,1,1017,连云港,NULL,13:45,高速动车
G8313,2,1014,盐城,15:33,15:35,高速动车
G8313,3,1007,南通西,16:28,16:30,高速动车
G8313,4,1003,上海虹桥,17:45,NULL,高速动车
D3137,1,1026,温州南,NULL,13:27,动车组
D3137,2,1021,宁波,15:18,15:22,动车组
D3137,3,1023,杭州东,16:26,16:41,动车组
D3137,4,1020,嘉兴南,17:11,17:13,动车组
D3137,5,1003,上海虹桥,17:42,17:46,动车组
D3137,6,1015,苏州,18:46,18:48,动车组
D3137,7,1009,常州,19:27,19:29,动车组
D3137,8,1004,南京,20:28,NULL,动车组
G160,1,1003,上海虹桥,NULL,17:46,高速动车
G160,2,1010,常州北,18:35,18:42,高速动车
G160,3,1005,南京南,19:14,19:17,高速动车
G160,4,1012,徐州东,20:32,NULL,高速动车
G2666,1,1012,徐州东,NULL,14:50,高速动车
G2666,2,1005,南京南,16:16,16:18,高速动车
G2666,3,1010,常州北,16:57,16:59,高速动车
G2666,4,1016,苏州北,17:23,17:25,高速动车
G2666,5,1003,上海虹桥,17:49,NULL,高速动车
G7146,1,1032,安庆,NULL,13:52,高速动车
G7146,2,1040,铜陵,14:33,14:35,高速动车
G7146,3,1037,芜湖,15:06,15:08,高速动车
G7146,4,1005,南京南,15:46,15:49,高速动车
G7146,5,1009,常州,16:44,16:46,高速动车
G7146,6,1015,苏州,17:17,17:19,高速动车
G7146,7,1003,上海虹桥,17:52,NULL,高速动车
D3046,1,1003,上海虹桥,NULL,17:53,动车组
D3046,2,1015,苏州,18:30,18:32,动车组
D3046,3,1009,常州,19:05,19:07,动车组
D3046,4,1005,南京南,20:05,20:09,动车组
D3046,5,1031,合肥南,20:58,NULL,动车组
G7336,1,1026,温州南,NULL,14:34,高速动车
G7336,2,1019,丽水,15:08,15:10,高速动车
G7336,3,1023,杭州东,16:48,16:53,高速动车
G7336,4,1020,嘉兴南,17:17,17:19,高速动车
G7336,5,1003,上海虹桥,17:53,NULL,高速动车
G7367,1,1003,上海虹桥,NULL,17:53,高速动车
G7367,2,1020,嘉兴南,18:30,18:33,高速动车
G7367,3,1023,杭州东,18:56,19:06,高速动车
G7367,4,1019,丽水,20:34,20:36,高速动车
G7367,5,1026,温州南,21:11,NULL,高速动车
G7525,1,1003,上海虹桥,NULL,17:58,高速动车
G7525,2,1020,嘉兴南,18:26,18:28,高速动车
G7525,3,1023,杭州东,18:51,18:56,高速动车
G7525,4,1021,宁波,19:57,20:02,高速动车
G7525,5,1026,温州南,21:52,NULL,高速动车
G7726,1,1003,上海虹桥,NULL,18:03,高速动车
G7726,2,1015,苏州,18:35,18:37,高速动车
G7726,3,1009,常州,19:10,19:12,高速动车
G7726,4,1005,南京南,20:10,20:19,高速动车
G7726,5,1037,芜湖,21:02,21:05,高速动车
G7726,6,1040,铜陵,21:37,NULL,高速动车
G7192,1,1045,黄山北,NULL,15:02,高速动车
G7192,2,1023,杭州东,16:59,17:01,高速动车
G7192,3,1020,嘉兴南,17:27,17:29,高速动车
G7192,4,1003,上海虹桥,17:57,18:04,高速动车
G7192,5,1016,苏州北,18:27,18:29,高速动车
G7192,6,1005,南京南,19:51,19:55,高速动车
G7192,7,1039,蚌埠南,20:51,20:53,高速动车
G7192,8,1012,徐州东,21:40,NULL,高速动车
G1674,1,1026,温州南,NULL,13:57,高速动车
G1674,2,1021,宁波,15:43,15:48,高速动车
G1674,3,1023,杭州东,16:43,16:48,高速动车
G1674,4,1020,嘉兴南,17:22,17:24,高速动车
G1674,5,1003,上海虹桥,18:05,NULL,高速动车
G7307,1,1003,上海虹桥,NULL,18:06,高速动车
G7307,2,1020,嘉兴南,18:34,18:37,高速动车
G7307,3,1023,杭州东,19:14,19:16,高速动车
G7307,4,1045,黄山北,20:59,NULL,高速动车
G678,1,1031,合肥南,NULL,15:29,高速动车
G678,2,1005,南京南,16:19,16:22,高速动车
G678,3,1010,常州北,17:12,17:14,高速动车
G678,4,1016,苏州北,17:36,17:38,高速动车
G678,5,1003,上海虹桥,18:08,NULL,高速动车
G298,1,1003,上海虹桥,NULL,18:09,高速动车
G298,2,1016,苏州北,18:32,18:34,高速动车
G298,3,1005,南京南,19:38,19:42,高速动车
G298,4,1039,蚌埠南,20:33,20:48,高速动车
G298,5,1012,徐州东,21:31,NULL,高速动车
G7120,1,1003,上海虹桥,NULL,18:09,高速动车
G7120,2,1015,苏州,18:41,18:43,高速动车
G7120,3,1004,南京,20:09,NULL,高速动车
G7631,1,1003,上海虹桥,NULL,18:11,高速动车
G7631,2,1020,嘉兴南,18:38,18:47,高速动车
G7631,3,1022,杭州,19:16,19:43,高速动车
G7631,4,1033,宣城,21:01,NULL,高速动车
C3778,1,1004,南京,NULL,14:17,城际动车
C3778,2,1007,南通西,16:47,16:49,城际动车
C3778,3,1003,上海虹桥,18:12,NULL,城际动车
G1820,1,1012,徐州东,NULL,15:18,高速动车
G1820,2,1005,南京南,16:47,16:49,高速动车
G1820,3,1010,常州北,17:21,17:23,高速动车
G1820,4,1016,苏州北,17:45,17:48,高速动车
G1820,5,1003,上海虹桥,18:12,NULL,高速动车
G7374,1,1031,合肥南,NULL,14:59,高速动车
G7374,2,1005,南京南,16:01,16:04,高速动车
G7374,3,1009,常州,16:49,16:51,高速动车
G7374,4,1015,苏州,17:22,17:24,高速动车
G7374,5,1003,上海虹桥,18:04,18:13,高速动车
G7374,6,1023,杭州东,19:07,19:23,高速动车
G7374,7,1028,金华,20:20,20:22,高速动车
G7374,8,1027,衢州,20:43,NULL,高速动车
G8330,1,1003,上海虹桥,NULL,18:13,高速动车
G8330,2,1007,南通西,19:29,19:31,高速动车
G8330,3,1014,盐城,20:24,20:26,高速动车
G8330,4,1012,徐州东,22:28,NULL,高速动车
G1826,1,1003,上海虹桥,NULL,18:14,高速动车
G1826,2,1016,苏州北,18:37,18:39,高速动车
G1826,3,1010,常州北,19:12,19:14,高速动车
G1826,4,1005,南京南,19:47,19:52,高速动车
G1826,5,1030,合肥,20:43,20:47,高速动车
G1826,6,1036,淮南南,21:14,21:16,高速动车
G1826,7,1043,阜阳西,21:52,NULL,高速动车
G131,1,1012,徐州东,NULL,15:31,高速动车
G131,2,1005,南京南,16:51,16:54,高速动车
G131,3,1003,上海虹桥,18:16,NULL,高速动车
G7391,1,1003,上海虹桥,NULL,18:18,高速动车
G7391,2,1022,杭州,19:39,19:55,高速动车
G7391,3,1005,南京南,21:43,NULL,高速动车
G2662,1,1003,上海虹桥,NULL,18:19,高速动车
G2662,2,1016,苏州北,18:42,18:44,高速动车
G2662,3,1010,常州北,19:07,19:09,高速动车
G2662,4,1005,南京南,19:42,19:47,高速动车
G2662,5,1012,徐州东,21:26,NULL,高速动车
G1322,1,1027,衢州,NULL,16:03,高速动车
G1322,2,1028,金华,16:25,16:29,高速动车
G1322,3,1023,杭州东,17:14,17:16,高速动车
G1322,4,1003,上海虹桥,18:22,NULL,高速动车
G7788,1,1003,上海虹桥,NULL,18:24,高速动车
G7788,2,1016,苏州北,18:47,18:49,高速动车
G7788,3,1010,常州北,19:18,19:21,高速动车
G7788,4,1005,南京南,19:55,20:00,高速动车
G7788,5,1030,合肥,20:51,20:55,高速动车
G7788,6,1036,淮南南,21:24,21:26,高速动车
G7788,7,1043,阜阳西,22:02,NULL,高速动车
G7119,1,1004,南京,NULL,16:30,高速动车
G7119,2,1015,苏州,17:46,17:48,高速动车
G7119,3,1003,上海虹桥,18:26,NULL,高速动车
G7156,1,1003,上海虹桥,NULL,18:26,高速动车
G7156,2,1015,苏州,18:58,19:00,高速动车
G7156,3,1009,常州,19:44,19:46,高速动车
G7156,4,1005,南京南,20:58,21:03,高速动车
G7156,5,1031,合肥南,21:51,NULL,高速动车
G1395,1,1003,上海虹桥,NULL,18:28,高速动车
G1395,2,1020,嘉兴南,18:55,18:58,高速动车
G1395,3,1023,杭州东,19:28,19:33,高速动车
G1395,4,1028,金华,20:25,NULL,高速动车
G3,1,1005,南京南,NULL,17:25,高速动车
G3,2,1003,上海虹桥,18:28,NULL,高速动车
G7792,1,1026,温州南,NULL,14:02,高速动车
G7792,2,1021,宁波,15:53,15:56,高速动车
G7792,3,1024,杭州南,16:46,16:54,高速动车
G7792,4,1023,杭州东,17:04,17:06,高速动车
G7792,5,1003,上海虹桥,18:13,18:29,高速动车
G7792,6,1016,苏州北,18:58,19:00,高速动车
G7792,7,1010,常州北,19:29,19:35,高速动车
G7792,8,1005,南京南,20:16,20:21,高速动车
G7792,9,1039,蚌埠南,21:14,21:18,高速动车
G7792,10,1012,徐州东,21:59,NULL,高速动车
G7520,1,1021,宁波,NULL,16:15,高速动车
G7520,2,1023,杭州东,17:22,17:25,高速动车
G7520,3,1020,嘉兴南,17:56,17:58,高速动车
G7520,4,1003,上海虹桥,18:32,18:34,高速动车
G7520,5,1015,苏州,19:06,19:08,高速动车
G7520,6,1009,常州,19:39,19:41,高速动车
G7520,7,1005,南京南,20:40,NULL,高速动车
G7339,1,1003,上海虹桥,NULL,18:35,高速动车
G7339,2,1020,嘉兴南,19:09,19:11,高速动车
G7339,3,1023,杭州东,19:35,19:40,高速动车
G7339,4,1019,丽水,21:09,21:11,高速动车
G7339,5,1026,温州南,21:53,NULL,高速动车
D3293,1,1026,温州南,NULL,14:16,动车组
D3293,2,1021,宁波,16:03,16:09,动车组
D3293,3,1023,杭州东,17:09,17:11,动车组
D3293,4,1020,嘉兴南,17:41,17:43,动车组
D3293,5,1003,上海虹桥,18:37,NULL,动车组
C3718,1,1003,上海虹桥,NULL,18:40,城际动车
C3718,2,1006,南通,19:56,NULL,城际动车
G133,1,1039,蚌埠南,NULL,16:27,高速动车
G133,2,1005,南京南,17:09,17:13,高速动车
G133,3,1016,苏州北,18:02,18:09,高速动车
G133,4,1003,上海虹桥,18:40,NULL,高速动车
G1689,1,1003,上海虹桥,NULL,18:41,高速动车
G1689,2,1020,嘉兴南,19:25,19:27,高速动车
G1689,3,1023,杭州东,19:50,19:53,高速动车
G1689,4,1028,金华,20:43,NULL,高速动车
G1764,1,1003,上海虹桥,NULL,18:41,高速动车
G1764,2,1016,苏州北,19:11,19:20,高速动车
G1764,3,1010,常州北,19:49,19:57,高速动车
G1764,4,1005,南京南,20:37,20:39,高速动车
G1764,5,1030,合肥,21:33,21:37,高速动车
G1764,6,1036,淮南南,22:04,22:06,高速动车
G1764,7,1043,阜阳西,22:40,NULL,高速动车
G600,1,1031,合肥南,NULL,16:44,高速动车
G600,2,1005,南京南,17:33,17:35,高速动车
G600,3,1003,上海虹桥,18:44,NULL,高速动车
D3126,1,1026,温州南,NULL,14:28,动车组
D3126,2,1021,宁波,16:14,16:21,动车组
D3126,3,1023,杭州东,17:18,17:30,动车组
D3126,4,1020,嘉兴南,18:01,18:03,动车组
D3126,5,1003,上海虹桥,18:42,18:48,动车组
D3126,6,1007,南通西,20:04,NULL,动车组
G7343,1,1003,上海虹桥,NULL,18:48,高速动车
G7343,2,1020,嘉兴南,19:15,19:17,高速动车
G7343,3,1023,杭州东,19:40,19:49,高速动车
G7343,4,1019,丽水,21:30,21:32,高速动车
G7343,5,1026,温州南,22:14,NULL,高速动车
G7590,1,1021,宁波,NULL,16:44,高速动车
G7590,2,1023,杭州东,17:48,17:50,高速动车
G7590,3,1003,上海虹桥,18:46,18:52,高速动车
G7590,4,1016,苏州北,19:26,19:28,高速动车
G7590,5,1010,常州北,20:02,20:04,高速动车
G7590,6,1005,南京南,20:43,20:45,高速动车
G7590,7,1039,蚌埠南,21:33,21:36,高速动车
G7590,8,1012,徐州东,22:21,NULL,高速动车
G1226,1,1012,徐州东,NULL,15:39,高速动车
G1226,2,1005,南京南,16:58,17:00,高速动车
G1226,3,1010,常州北,17:49,17:55,高速动车
G1226,4,1016,苏州北,18:17,18:24,高速动车
G1226,5,1003,上海虹桥,18:49,18:53,高速动车
G1226,6,1020,嘉兴南,19:20,19:22,高速动车
G1226,7,1023,杭州东,19:46,20:00,高速动车
G1226,8,1029,金华南,21:02,21:04,高速动车
G1226,9,1019,丽水,21:56,21:58,高速动车
G1226,10,1026,温州南,22:39,NULL,高速动车
G7310,1,1045,黄山北,NULL,15:59,高速动车
G7310,2,1023,杭州东,17:37,17:40,高速动车
G7310,3,1020,嘉兴南,18:11,18:13,高速动车
G7310,4,1003,上海虹桥,18:53,NULL,高速动车
G1821,1,1012,徐州东,NULL,15:56,高速动车
G1821,2,1039,蚌埠南,16:33,16:35,高速动车
G1821,3,1005,南京南,17:17,17:19,高速动车
G1821,4,1010,常州北,18:01,18:06,高速动车
G1821,5,1016,苏州北,18:29,18:31,高速动车
G1821,6,1003,上海虹桥,18:54,NULL,高速动车
C3796,1,1003,上海虹桥,NULL,18:57,城际动车
C3796,2,1007,南通西,20:13,NULL,城际动车
G7121,1,1004,南京,NULL,17:05,高速动车
G7121,2,1009,常州,17:57,17:59,高速动车
G7121,3,1015,苏州,18:30,18:32,高速动车
G7121,4,1003,上海虹桥,18:57,NULL,高速动车
G135,1,1039,蚌埠南,NULL,16:49,高速动车
G135,2,1005,南京南,17:37,17:41,高速动车
G135,3,1003,上海虹桥,18:59,NULL,高速动车
G22,1,1003,上海虹桥,NULL,19:00,高速动车
G22,2,1005,南京南,20:00,NULL,高速动车
G7535,1,1003,上海虹桥,NULL,19:01,高速动车
G7535,2,1020,嘉兴南,19:30,19:32,高速动车
G7535,3,1023,杭州东,19:55,20:05,高速动车
G7535,4,1021,宁波,20:58,21:00,高速动车
G7535,5,1026,温州南,22:39,NULL,高速动车
C3732,1,1006,南通,NULL,17:31,城际动车
C3732,2,1003,上海虹桥,19:03,NULL,城际动车
G1362,1,1027,衢州,NULL,16:51,高速动车
G1362,2,1028,金华,17:12,17:14,高速动车
G1362,3,1023,杭州东,18:05,18:08,高速动车
G1362,4,1020,嘉兴南,18:33,18:37,高速动车
G1362,5,1003,上海虹桥,19:04,NULL,高速动车
G7122,1,1003,上海虹桥,NULL,19:04,高速动车
G7122,2,1015,苏州,19:36,19:38,高速动车
G7122,3,1009,常州,20:09,20:11,高速动车
G7122,4,1005,南京南,21:03,NULL,高速动车
G1510,1,1045,黄山北,NULL,16:31,高速动车
G1510,2,1023,杭州东,17:57,18:03,高速动车
G1510,3,1020,嘉兴南,18:29,18:32,高速动车
G1510,4,1003,上海虹桥,19:00,19:05,高速动车
G1510,5,1016,苏州北,19:35,19:41,高速动车
G1510,6,1010,常州北,20:10,20:12,高速动车
G1510,7,1005,南京南,20:52,NULL,高速动车
D3323,1,1003,上海虹桥,NULL,19:06,动车组
D3323,2,1020,嘉兴南,19:35,19:37,动车组
D3323,3,1023,杭州东,20:02,20:10,动车组
D3323,4,1045,黄山北,21:55,NULL,动车组
G1828,1,1012,徐州东,NULL,16:08,高速动车
G1828,2,1005,南京南,17:41,17:45,高速动车
G1828,3,1003,上海虹桥,19:09,NULL,高速动车
G7312,1,1045,黄山北,NULL,16:25,高速动车
G7312,2,1023,杭州东,18:11,18:13,高速动车
G7312,3,1020,嘉兴南,18:38,18:42,高速动车
G7312,4,1003,上海虹桥,19:09,NULL,高速动车
G7381,1,1003,上海虹桥,NULL,19:11,高速动车
G7381,2,1020,嘉兴南,19:40,19:42,高速动车
G7381,3,1023,杭州东,20:06,20:21,高速动车
G7381,4,1028,金华,21:18,21:28,高速动车
G7381,5,1027,衢州,21:50,NULL,高速动车
G7561,1,1003,上海虹桥,NULL,19:16,高速动车
G7561,2,1020,嘉兴南,19:45,19:47,高速动车
G7561,3,1023,杭州东,20:10,20:15,高速动车
G7561,4,1021,宁波,21:08,21:11,高速动车
G7561,5,1026,温州南,22:49,NULL,高速动车
G137,1,1012,徐州东,NULL,16:36,高速动车
G137,2,1005,南京南,17:50,17:55,高速动车
G137,3,1010,常州北,18:28,18:30,高速动车
G137,4,1016,苏州北,18:52,18:54,高速动车
G137,5,1003,上海虹桥,19:18,NULL,高速动车
G2195,1,1027,衢州,NULL,16:59,高速动车
G2195,2,1028,金华,17:20,17:22,高速动车
G2195,3,1023,杭州东,18:16,18:18,高速动车
G2195,4,1020,嘉兴南,18:42,18:48,高速动车
G2195,5,1003,上海虹桥,19:18,NULL,高速动车
G368,1,1003,上海虹桥,NULL,19:18,高速动车
G368,2,1005,南京南,20:26,20:28,高速动车
G368,3,1012,徐州东,21:44,NULL,高速动车
D2214,1,1031,合肥南,NULL,16:05,动车组
D2214,2,1005,南京南,16:54,17:02,动车组
D2214,3,1009,常州,18:07,18:09,动车组
D2214,4,1015,苏州,18:45,18:47,动车组
D2214,5,1003,上海虹桥,19:20,NULL,动车组
G1868,1,1012,徐州东,NULL,16:26,高速动车
G1868,2,1005,南京南,17:46,17:50,高速动车
G1868,3,1010,常州北,18:22,18:24,高速动车
G1868,4,1016,苏州北,18:47,18:49,高速动车
G1868,5,1003,上海虹桥,19:13,19:21,高速动车
G1868,6,1020,嘉兴南,19:50,19:52,高速动车
G1868,7,1023,杭州东,20:26,20:49,高速动车
G1868,8,1021,宁波,21:37,NULL,高速动车
G7584,1,1021,宁波,NULL,16:53,高速动车
G7584,2,1023,杭州东,17:53,17:55,高速动车
G7584,3,1020,嘉兴南,18:25,18:27,高速动车
G7584,4,1003,上海虹桥,19:14,19:22,高速动车
G7584,5,1015,苏州,19:54,19:56,高速动车
G7584,6,1009,常州,20:27,20:29,高速动车
G7584,7,1004,南京,21:21,NULL,高速动车
G100,1,1028,金华,NULL,17:49,高速动车
G100,2,1023,杭州东,18:36,18:39,高速动车
G100,3,1003,上海虹桥,19:27,NULL,高速动车
G11,1,1005,南京南,NULL,18:23,高速动车
G11,2,1003,上海虹桥,19:28,NULL,高速动车
G1378,1,1027,衢州,NULL,17:19,高速动车
G1378,2,1023,杭州东,18:26,18:28,高速动车
G1378,3,1020,嘉兴南,18:52,18:54,高速动车
G1378,4,1003,上海虹桥,19:22,19:28,高速动车
G1378,5,1016,苏州北,19:51,19:53,高速动车
G1378,6,1010,常州北,20:22,20:24,高速动车
G1378,7,1005,南京南,21:04,NULL,高速动车
G7557,1,1003,上海虹桥,NULL,19:28,高速动车
G7557,2,1020,嘉兴南,19:55,20:00,高速动车
G7557,3,1023,杭州东,20:32,20:34,高速动车
G7557,4,1021,宁波,21:32,NULL,高速动车
G7550,1,1026,温州南,NULL,14:45,高速动车
G7550,2,1021,宁波,17:06,17:09,高速动车
G7550,3,1023,杭州东,18:20,18:23,高速动车
G7550,4,1020,嘉兴南,18:56,19:02,高速动车
G7550,5,1003,上海虹桥,19:31,NULL,高速动车
G1774,1,1031,合肥南,NULL,17:05,高速动车
G1774,2,1005,南京南,17:53,17:59,高速动车
G1774,3,1016,苏州北,18:56,19:10,高速动车
G1774,4,1003,上海虹桥,19:33,NULL,高速动车
G7494,1,1032,安庆,NULL,15:10,高速动车
G7494,2,1040,铜陵,15:51,15:53,高速动车
G7494,3,1037,芜湖,16:30,16:32,高速动车
G7494,4,1005,南京南,17:10,17:19,高速动车
G7494,5,1009,常州,18:12,18:14,高速动车
G7494,6,1015,苏州,18:51,18:53,高速动车
G7494,7,1003,上海虹桥,19:29,19:33,高速动车
G7494,8,1023,杭州东,20:21,20:39,高速动车
G7494,9,1028,金华,21:36,21:38,高速动车
G7494,10,1027,衢州,21:59,NULL,高速动车
C3736,1,1006,南通,NULL,18:02,城际动车
C3736,2,1003,上海虹桥,19:34,NULL,城际动车
G7124,1,1003,上海虹桥,NULL,19:34,高速动车
G7124,2,1015,苏州,20:06,20:08,高速动车
G7124,3,1009,常州,20:40,20:42,高速动车
G7124,4,1004,南京,21:27,NULL,高速动车
G1926,1,1012,徐州东,NULL,16:31,高速动车
G1926,2,1039,蚌埠南,17:17,17:19,高速动车
G1926,3,1005,南京南,18:00,18:03,高速动车
G1926,4,1010,常州北,18:46,18:53,高速动车
G1926,5,1003,上海虹桥,19:40,NULL,高速动车
G7551,1,1003,上海虹桥,NULL,19:41,高速动车
G7551,2,1020,嘉兴南,20:08,20:10,高速动车
G7551,3,1023,杭州东,20:41,NULL,高速动车
G1388,1,1027,衢州,NULL,17:31,高速动车
G1388,2,1028,金华,17:52,17:54,高速动车
G1388,3,1023,杭州东,18:47,18:49,高速动车
G1388,4,1020,嘉兴南,19:12,19:14,高速动车
G1388,5,1003,上海虹桥,19:42,NULL,高速动车
C3722,1,1003,上海虹桥,NULL,19:46,城际动车
C3722,2,1006,南通,21:19,NULL,城际动车
G1372,1,1028,金华,NULL,18:06,高速动车
G1372,2,1023,杭州东,18:57,18:59,高速动车
G1372,3,1003,上海虹桥,19:46,NULL,高速动车
G7190,1,1003,上海虹桥,NULL,19:50,高速动车
G7190,2,1016,苏州北,20:13,20:15,高速动车
G7190,3,1010,常州北,20:44,20:46,高速动车
G7190,4,1005,南京南,21:17,21:21,高速动车
G7190,5,1039,蚌埠南,22:03,22:05,高速动车
G7190,6,1012,徐州东,22:43,NULL,高速动车
G7432,1,1026,温州南,NULL,15:40,高速动车
G7432,2,1021,宁波,17:32,17:42,高速动车
G7432,3,1023,杭州东,18:43,18:54,高速动车
G7432,4,1020,嘉兴南,19:17,19:22,高速动车
G7432,5,1003,上海虹桥,19:51,19:53,高速动车
G7432,6,1015,苏州,20:36,20:38,高速动车
G7432,7,1009,常州,21:09,21:11,高速动车
G7432,8,1005,南京南,22:10,22:14,高速动车
G7432,9,1031,合肥南,23:02,NULL,高速动车
G7522,1,1021,宁波,NULL,17:24,高速动车
G7522,2,1023,杭州东,18:31,18:33,高速动车
G7522,3,1020,嘉兴南,19:07,19:09,高速动车
G7522,4,1003,上海虹桥,19:54,NULL,高速动车
D941,1,1003,上海虹桥,NULL,19:55,动车组
D941,2,1023,杭州东,20:52,20:54,动车组
D941,3,1021,宁波,21:45,NULL,动车组
G1251,1,1012,徐州东,NULL,16:20,高速动车
G1251,2,1039,蚌埠南,17:07,17:13,高速动车
G1251,3,1005,南京南,18:14,18:17,高速动车
G1251,4,1010,常州北,18:59,19:01,高速动车
G1251,5,1003,上海虹桥,19:55,NULL,高速动车
D378,1,1026,温州南,NULL,15:51,动车组
D378,2,1021,宁波,17:37,17:47,动车组
D378,3,1023,杭州东,19:01,19:04,动车组
D378,4,1020,嘉兴南,19:28,19:30,动车组
D378,5,1003,上海虹桥,19:59,NULL,动车组
D931,1,1003,上海虹桥,NULL,20:00,动车组
D931,2,1023,杭州东,20:58,21:00,动车组
D931,3,1021,宁波,21:59,NULL,动车组
G7633,1,1033,宣城,NULL,17:28,高速动车
G7633,2,1022,杭州,18:39,19:02,高速动车
G7633,3,1020,嘉兴南,19:32,19:35,高速动车
G7633,4,1003,上海虹桥,20:03,NULL,高速动车
D935,1,1003,上海虹桥,NULL,20:05,动车组
D935,2,1023,杭州东,21:03,21:05,动车组
D935,3,1021,宁波,22:04,NULL,动车组
D918,1,1006,南通,NULL,18:20,动车组
D918,2,1003,上海虹桥,20:04,20:09,动车组
D918,3,1023,杭州东,21:08,21:10,动车组
D918,4,1021,宁波,22:09,NULL,动车组
G141,1,1012,徐州东,NULL,17:03,高速动车
G141,2,1039,蚌埠南,17:40,17:49,高速动车
G141,3,1005,南京南,18:38,18:40,高速动车
G141,4,1010,常州北,19:19,19:21,高速动车
G141,5,1016,苏州北,19:43,19:45,高速动车
G141,6,1003,上海虹桥,20:09,NULL,高速动车
G1726,1,1031,合肥南,NULL,18:03,高速动车
G1726,2,1005,南京南,18:54,18:56,高速动车
G1726,3,1016,苏州北,19:47,19:49,高速动车
G1726,4,1003,上海虹桥,20:13,NULL,高速动车
G7596,1,1026,温州南,NULL,16:13,高速动车
G7596,2,1021,宁波,18:05,18:09,高速动车
G7596,3,1023,杭州东,19:09,19:12,高速动车
G7596,4,1003,上海虹桥,20:07,20:13,高速动车
G7596,5,1016,苏州北,20:36,20:38,高速动车
G7596,6,1010,常州北,21:07,21:09,高速动车
G7596,7,1005,南京南,21:42,21:45,高速动车
G7596,8,1031,合肥南,22:33,NULL,高速动车
G3166,1,1043,阜阳西,NULL,15:58,高速动车
G3166,2,1036,淮南南,16:38,16:40,高速动车
G3166,3,1030,合肥,17:07,17:12,高速动车
G3166,4,1005,南京南,18:05,18:08,高速动车
G3166,5,1009,常州,19:06,19:08,高速动车
G3166,6,1015,苏州,19:39,19:42,高速动车
G3166,7,1003,上海虹桥,20:15,NULL,高速动车
G1212,1,1012,徐州东,NULL,17:20,高速动车
G1212,2,1039,蚌埠南,17:58,18:00,高速动车
G1212,3,1005,南京南,18:42,18:44,高速动车
G1212,4,1010,常州北,19:23,19:30,高速动车
G1212,5,1016,苏州北,19:52,19:54,高速动车
G1212,6,1003,上海虹桥,20:18,NULL,高速动车
G7527,1,1003,上海虹桥,NULL,20:20,高速动车
G7527,2,1023,杭州东,21:20,21:24,高速动车
G7527,3,1021,宁波,22:21,NULL,高速动车
G8315,1,1017,连云港,NULL,16:15,高速动车
G8315,2,1014,盐城,17:47,17:49,高速动车
G8315,3,1007,南通西,18:56,18:58,高速动车
G8315,4,1003,上海虹桥,20:20,NULL,高速动车
G7524,1,1021,宁波,NULL,18:14,高速动车
G7524,2,1023,杭州东,19:14,19:17,高速动车
G7524,3,1003,上海虹桥,20:19,NULL,高速动车
G215,1,1012,徐州东,NULL,17:29,高速动车
G215,2,1005,南京南,18:56,19:01,高速动车
G215,3,1010,常州北,19:33,19:35,高速动车
G215,4,1003,上海虹桥,20:23,NULL,高速动车
G1654,1,1027,衢州,NULL,18:08,高速动车
G1654,2,1028,金华,18:30,18:32,高速动车
G1654,3,1023,杭州东,19:30,19:32,高速动车
G1654,4,1003,上海虹桥,20:25,NULL,高速动车
C3730,1,1003,上海虹桥,NULL,20:33,城际动车
C3730,2,1006,南通,22:05,NULL,城际动车
G145,1,1012,徐州东,NULL,17:39,高速动车
G145,2,1005,南京南,19:00,19:05,高速动车
G145,3,1010,常州北,19:43,19:45,高速动车
G145,4,1016,苏州北,20:08,20:10,高速动车
G145,5,1003,上海虹桥,20:33,NULL,高速动车
D3133,1,1026,温州南,NULL,16:00,动车组
D3133,2,1021,宁波,17:52,17:58,动车组
D3133,3,1023,杭州东,19:20,19:22,动车组
D3133,4,1020,嘉兴南,20:00,20:04,动车组
D3133,5,1003,上海虹桥,20:34,NULL,动车组
G7529,1,1003,上海虹桥,NULL,20:35,高速动车
G7529,2,1020,嘉兴南,21:13,21:17,高速动车
G7529,3,1023,杭州东,21:40,21:48,高速动车
G7529,4,1021,宁波,22:55,NULL,高速动车
G1656,1,1027,衢州,NULL,18:27,高速动车
G1656,2,1028,金华,18:48,18:50,高速动车
G1656,3,1023,杭州东,19:40,19:44,高速动车
G1656,4,1020,嘉兴南,20:07,20:09,高速动车
G1656,5,1003,上海虹桥,20:38,NULL,高速动车
D5468,1,1008,启东,NULL,18:21,动车组
D5468,2,1006,南通,19:07,19:10,动车组
D5468,3,1003,上海虹桥,20:43,NULL,动车组
D2284,1,1026,温州南,NULL,16:24,动车组
D2284,2,1021,宁波,18:22,18:29,动车组
D2284,3,1023,杭州东,19:35,19:39,动车组
D2284,4,1020,嘉兴南,20:12,20:14,动车组
D2284,5,1003,上海虹桥,20:44,NULL,动车组
G7314,1,1045,黄山北,NULL,17:28,高速动车
G7314,2,1023,杭州东,19:24,19:27,高速动车
G7314,3,1020,嘉兴南,19:50,19:55,高速动车
G7314,4,1003,上海虹桥,20:30,20:44,高速动车
G7314,5,1015,苏州,21:17,21:19,高速动车
G7314,6,1009,常州,21:50,21:52,高速动车
G7314,7,1004,南京,22:44,NULL,高速动车
G578,1,1031,合肥南,NULL,18:14,高速动车
G578,2,1005,南京南,19:02,19:09,高速动车
G578,3,1010,常州北,19:48,19:50,高速动车
G578,4,1016,苏州北,20:13,20:15,高速动车
G578,5,1003,上海虹桥,20:45,NULL,高速动车
G7383,1,1003,上海虹桥,NULL,20:45,高速动车
G7383,2,1020,嘉兴南,21:19,21:21,高速动车
G7383,3,1023,杭州东,21:58,22:00,高速动车
G7383,4,1028,金华,22:57,22:59,高速动车
G7383,5,1027,衢州,23:20,NULL,高速动车
D3206,1,1026,温州南,NULL,16:37,动车组
D3206,2,1021,宁波,18:29,18:35,动车组
D3206,3,1023,杭州东,19:45,19:51,动车组
D3206,4,1020,嘉兴南,20:16,20:19,动车组
D3206,5,1003,上海虹桥,20:51,NULL,动车组
G7279,1,1039,蚌埠南,NULL,17:54,高速动车
G7279,2,1005,南京南,19:10,19:14,高速动车
G7279,3,1010,常州北,19:53,19:55,高速动车
G7279,4,1016,苏州北,20:18,20:20,高速动车
G7279,5,1003,上海虹桥,20:51,NULL,高速动车
G1335,1,1027,衢州,NULL,18:32,高速动车
G1335,2,1028,金华,18:53,18:55,高速动车
G1335,3,1023,杭州东,19:53,19:56,高速动车
G1335,4,1003,上海虹桥,20:56,NULL,高速动车
G1202,1,1012,徐州东,NULL,18:01,高速动车
G1202,2,1039,蚌埠南,18:38,18:40,高速动车
G1202,3,1005,南京南,19:21,19:24,高速动车
G1202,4,1010,常州北,20:03,20:05,高速动车
G1202,5,1016,苏州北,20:34,20:36,高速动车
G1202,6,1003,上海虹桥,21:00,NULL,高速动车
D3066,1,1031,合肥南,NULL,16:39,动车组
D3066,2,1007,南通西,19:35,19:37,动车组
D3066,3,1003,上海虹桥,21:01,NULL,动车组
G228,1,1012,徐州东,NULL,17:56,高速动车
G228,2,1039,蚌埠南,18:33,18:35,高速动车
G228,3,1005,南京南,19:16,19:19,高速动车
G228,4,1010,常州北,19:58,20:00,高速动车
G228,5,1016,苏州北,20:29,20:31,高速动车
G228,6,1003,上海虹桥,21:04,NULL,高速动车
G7555,1,1003,上海虹桥,NULL,21:05,高速动车
G7555,2,1020,嘉兴南,21:43,21:48,高速动车
G7555,3,1023,杭州东,22:18,NULL,高速动车
D5466,1,1003,上海虹桥,NULL,21:08,动车组
D5466,2,1006,南通,22:41,22:43,动车组
D5466,3,1008,启东,23:31,NULL,动车组
G7366,1,1027,衢州,NULL,18:59,高速动车
G7366,2,1028,金华,19:20,19:22,高速动车
G7366,3,1023,杭州东,20:12,20:15,高速动车
G7366,4,1020,嘉兴南,20:39,20:41,高速动车
G7366,5,1003,上海虹桥,21:10,NULL,高速动车
G7553,1,1003,上海虹桥,NULL,21:11,高速动车
G7553,2,1020,嘉兴南,21:38,21:40,高速动车
G7553,3,1023,杭州东,22:03,NULL,高速动车
G7768,1,1012,徐州东,NULL,17:24,高速动车
G7768,2,1039,蚌埠南,18:07,18:24,高速动车
G7768,3,1005,南京南,19:25,19:29,高速动车
G7768,4,1010,常州北,20:08,20:10,高速动车
G7768,5,1016,苏州北,20:39,20:41,高速动车
G7768,6,1003,上海虹桥,21:12,NULL,高速动车
G1502,1,1028,金华,NULL,19:04,高速动车
G1502,2,1023,杭州东,20:05,20:10,高速动车
G1502,3,1020,嘉兴南,20:33,20:36,高速动车
G1502,4,1003,上海虹桥,21:15,NULL,高速动车
G8317,1,1017,连云港,NULL,17:21,高速动车
G8317,2,1014,盐城,18:53,18:55,高速动车
G8317,3,1007,南通西,19:48,19:50,高速动车
G8317,4,1003,上海虹桥,21:15,NULL,高速动车
D706,1,1003,上海虹桥,NULL,21:18,动车组
D706,2,1004,南京,23:50,NULL,动车组
G7397,1,1005,南京南,NULL,18:23,高速动车
G7397,2,1022,杭州,19:58,20:25,高速动车
G7397,3,1020,嘉兴南,20:54,20:56,高速动车
G7397,4,1003,上海虹桥,21:24,NULL,高速动车
D2282,1,1026,温州南,NULL,16:50,动车组
D2282,2,1021,宁波,18:41,18:46,动车组
D2282,3,1023,杭州东,19:58,20:01,动车组
D2282,4,1003,上海虹桥,21:20,21:25,动车组
D2282,5,1015,苏州,21:53,21:55,动车组
D2282,6,1009,常州,22:27,22:29,动车组
D2282,7,1004,南京,23:12,NULL,动车组
G1972,1,1012,徐州东,NULL,18:28,高速动车
G1972,2,1039,蚌埠南,19:05,19:13,高速动车
G1972,3,1005,南京南,19:54,19:56,高速动车
G1972,4,1010,常州北,20:35,20:37,高速动车
G1972,5,1016,苏州北,21:00,21:02,高速动车
G1972,6,1003,上海虹桥,21:26,NULL,高速动车
G7338,1,1026,温州南,NULL,17:57,高速动车
G7338,2,1019,丽水,18:37,18:39,高速动车
G7338,3,1029,金华南,19:25,19:27,高速动车
G7338,4,1023,杭州东,20:22,20:25,高速动车
G7338,5,1020,嘉兴南,20:58,21:01,高速动车
G7338,6,1003,上海虹桥,21:28,NULL,高速动车
G7355,1,1003,上海虹桥,NULL,21:30,高速动车
G7355,2,1020,嘉兴南,21:57,21:59,高速动车
G7355,3,1022,杭州,22:28,NULL,高速动车
G13,1,1005,南京南,NULL,20:24,高速动车
G13,2,1016,苏州北,21:09,21:11,高速动车
G13,3,1003,上海虹桥,21:36,NULL,高速动车
G1954,1,1043,阜阳西,NULL,17:46,高速动车
G1954,2,1030,合肥,18:42,18:50,高速动车
G1954,3,1005,南京南,19:41,19:48,高速动车
G1954,4,1016,苏州北,20:52,20:54,高速动车
G1954,5,1003,上海虹桥,21:17,21:40,高速动车
G1954,6,1020,嘉兴南,22:14,NULL,高速动车
G7125,1,1004,南京,NULL,19:48,高速动车
G7125,2,1009,常州,20:40,20:42,高速动车
G7125,3,1015,苏州,21:13,21:15,高速动车
G7125,4,1003,上海虹桥,21:41,NULL,高速动车
G1328,1,1027,衢州,NULL,19:07,高速动车
G1328,2,1028,金华,19:29,19:35,高速动车
G1328,3,1023,杭州东,20:27,20:36,高速动车
G1328,4,1020,嘉兴南,21:11,21:13,高速动车
G1328,5,1003,上海虹桥,21:42,NULL,高速动车
G7350,1,1026,温州南,NULL,18:14,高速动车
G7350,2,1019,丽水,18:50,18:52,高速动车
G7350,3,1029,金华南,19:37,19:39,高速动车
G7350,4,1023,杭州东,20:32,20:43,高速动车
G7350,5,1003,上海虹桥,21:38,21:42,高速动车
G7350,6,1015,苏州,22:07,22:09,高速动车
G7350,7,1009,常州,22:40,22:42,高速动车
G7350,8,1005,南京南,23:28,NULL,高速动车
G1938,1,1012,徐州东,NULL,18:54,高速动车
G1938,2,1005,南京南,20:08,20:11,高速动车
G1938,3,1010,常州北,20:44,20:52,高速动车
G1938,4,1016,苏州北,21:21,21:23,高速动车
G1938,5,1003,上海虹桥,21:46,NULL,高速动车
D3202,1,1026,温州南,NULL,17:11,动车组
D3202,2,1021,宁波,19:02,19:06,动车组
D3202,3,1023,杭州东,20:17,20:20,动车组
D3202,4,1020,嘉兴南,21:03,21:08,动车组
D3202,5,1003,上海虹桥,21:47,NULL,动车组
D782,1,1022,杭州,NULL,19:49,动车组
D782,2,1003,上海虹桥,21:34,21:47,动车组
D782,3,1015,苏州,22:29,22:32,动车组
D782,4,1009,常州,23:15,23:17,动车组
D782,5,1004,南京,00:29,00:38,动车组
D782,6,1011,徐州,03:33,03:53,动车组
D782,7,1017,连云港,06:25,NULL,动车组
D3024,1,1031,合肥南,NULL,18:21,动车组
D3024,2,1005,南京南,19:17,19:21,动车组
D3024,3,1009,常州,20:24,20:28,动车组
D3024,4,1015,苏州,21:03,21:05,动车组
D3024,5,1003,上海虹桥,21:51,NULL,动车组
G1302,1,1028,金华,NULL,19:52,高速动车
G1302,2,1023,杭州东,20:49,20:55,高速动车
G1302,3,1020,嘉兴南,21:19,21:21,高速动车
G1302,4,1003,上海虹桥,21:52,21:54,高速动车
G1302,5,1007,南通西,23:04,23:06,高速动车
G1302,6,1006,南通,23:20,NULL,高速动车
G1374,1,1028,金华,NULL,20:00,高速动车
G1374,2,1023,杭州东,20:53,21:00,高速动车
G1374,3,1020,嘉兴南,21:23,21:26,高速动车
G1374,4,1003,上海虹桥,21:55,NULL,高速动车
G7445,1,1043,阜阳西,NULL,18:05,高速动车
G7445,2,1036,淮南南,18:38,18:40,高速动车
G7445,3,1030,合肥,19:18,19:22,高速动车
G7445,4,1005,南京南,20:13,20:15,高速动车
G7445,5,1016,苏州北,21:30,21:32,高速动车
G7445,6,1003,上海虹桥,21:55,NULL,高速动车
G155,1,1012,徐州东,NULL,18:50,高速动车
G155,2,1005,南京南,20:04,20:07,高速动车
G155,3,1010,常州北,20:39,20:41,高速动车
G155,4,1016,苏州北,21:14,21:16,高速动车
G155,5,1003,上海虹桥,21:41,21:58,高速动车
G155,6,1020,嘉兴南,22:27,NULL,高速动车
D3147,1,1026,温州南,NULL,17:40,动车组
D3147,2,1021,宁波,19:31,19:38,动车组
D3147,3,1023,杭州东,20:43,20:50,动车组
D3147,4,1020,嘉兴南,21:28,21:31,动车组
D3147,5,1003,上海虹桥,22:00,NULL,动车组
G7340,1,1026,温州南,NULL,18:34,高速动车
G7340,2,1019,丽水,19:14,19:16,高速动车
G7340,3,1029,金华南,20:02,20:04,高速动车
G7340,4,1023,杭州东,20:58,21:05,高速动车
G7340,5,1020,嘉兴南,21:35,21:37,高速动车
G7340,6,1003,上海虹桥,22:04,NULL,高速动车
D3062,1,1031,合肥南,NULL,18:37,动车组
D3062,2,1005,南京南,19:25,19:28,动车组
D3062,3,1009,常州,20:32,20:34,动车组
D3062,4,1015,苏州,21:29,21:33,动车组
D3062,5,1003,上海虹桥,22:01,22:05,动车组
D3062,6,1020,嘉兴南,22:35,NULL,动车组
G53,1,1012,徐州东,NULL,19:04,高速动车
G53,2,1039,蚌埠南,19:42,19:48,高速动车
G53,3,1005,南京南,20:36,20:41,高速动车
G53,4,1010,常州北,21:13,21:16,高速动车
G53,5,1016,苏州北,21:39,21:41,高速动车
G53,6,1003,上海虹桥,22:05,NULL,高速动车
D3092,1,1031,合肥南,NULL,17:30,动车组
D3092,2,1007,南通西,20:36,20:39,动车组
D3092,3,1003,上海虹桥,22:08,NULL,动车组
D2286,1,1026,温州南,NULL,17:49,动车组
D2286,2,1021,宁波,19:50,19:54,动车组
D2286,3,1023,杭州东,21:03,21:08,动车组
D2286,4,1020,嘉兴南,21:40,21:42,动车组
D2286,5,1003,上海虹桥,22:12,NULL,动车组
D638,1,1031,合肥南,NULL,18:47,动车组
D638,2,1005,南京南,19:51,19:56,动车组
D638,3,1009,常州,21:01,21:03,动车组
D638,4,1015,苏州,21:35,21:38,动车组
D638,5,1003,上海虹桥,22:13,NULL,动车组
G1234,1,1012,徐州东,NULL,19:30,高速动车
G1234,2,1005,南京南,20:46,20:48,高速动车
G1234,3,1010,常州北,21:20,21:22,高速动车
G1234,4,1016,苏州北,21:44,21:46,高速动车
G1234,5,1003,上海虹桥,22:16,NULL,高速动车
G1394,1,1027,衢州,NULL,19:55,高速动车
G1394,2,1028,金华,20:16,20:23,高速动车
G1394,3,1023,杭州东,21:16,21:20,高速动车
G1394,4,1020,嘉兴南,21:44,21:47,高速动车
G1394,5,1003,上海虹桥,22:16,NULL,高速动车
D354,1,1031,合肥南,NULL,19:10,动车组
D354,2,1005,南京南,19:59,20:08,动车组
D354,3,1009,常州,21:08,21:10,动车组
D354,4,1015,苏州,21:43,21:45,动车组
D354,5,1003,上海虹桥,22:19,NULL,动车组
G2191,1,1027,衢州,NULL,20:07,高速动车
G2191,2,1028,金华,20:28,20:30,高速动车
G2191,3,1023,杭州东,21:21,21:25,高速动车
G2191,4,1020,嘉兴南,21:49,21:52,高速动车
G2191,5,1003,上海虹桥,22:20,NULL,高速动车
G458,1,1012,徐州东,NULL,19:24,高速动车
G458,2,1005,南京南,20:50,20:53,高速动车
G458,3,1010,常州北,21:25,21:27,高速动车
G458,4,1016,苏州北,21:49,21:51,高速动车
G458,5,1003,上海虹桥,22:21,NULL,高速动车
G1976,1,1012,徐州东,NULL,19:20,高速动车
G1976,2,1039,蚌埠南,20:04,20:13,高速动车
G1976,3,1005,南京南,20:55,20:57,高速动车
G1976,4,1016,苏州北,22:00,22:02,高速动车
G1976,5,1003,上海虹桥,22:25,NULL,高速动车
D3108,1,1026,温州南,NULL,18:21,动车组
D3108,2,1021,宁波,20:07,20:10,动车组
D3108,3,1023,杭州东,21:26,21:30,动车组
D3108,4,1020,嘉兴南,21:54,21:57,动车组
D3108,5,1003,上海虹桥,22:27,NULL,动车组
G3178,1,1043,阜阳西,NULL,18:10,高速动车
G3178,2,1036,淮南南,18:53,18:55,高速动车
G3178,3,1030,合肥,19:29,19:34,高速动车
G3178,4,1005,南京南,20:25,20:28,高速动车
G3178,5,1009,常州,21:19,21:21,高速动车
G3178,6,1015,苏州,21:52,21:54,高速动车
G3178,7,1003,上海虹桥,22:27,NULL,高速动车
G1230,1,1012,徐州东,NULL,19:45,高速动车
G1230,2,1039,蚌埠南,20:23,20:25,高速动车
G1230,3,1005,南京南,21:07,21:09,高速动车
G1230,4,1016,苏州北,22:05,22:07,高速动车
G1230,5,1003,上海虹桥,22:30,NULL,高速动车
G7528,1,1026,温州南,NULL,18:32,高速动车
G7528,2,1021,宁波,20:30,20:32,高速动车
G7528,3,1023,杭州东,21:32,21:35,高速动车
G7528,4,1020,嘉兴南,21:59,22:02,高速动车
G7528,5,1003,上海虹桥,22:32,NULL,高速动车
G169,1,1012,徐州东,NULL,19:56,高速动车
G169,2,1005,南京南,21:11,21:13,高速动车
G169,3,1016,苏州北,22:10,22:12,高速动车
G169,4,1003,上海虹桥,22:35,NULL,高速动车
D2288,1,1026,温州南,NULL,18:26,动车组
D2288,2,1021,宁波,20:18,20:25,动车组
D2288,3,1023,杭州东,21:39,21:41,动车组
D2288,4,1003,上海虹桥,22:36,NULL,动车组
G9233,1,1017,连云港,NULL,19:05,高速动车
G9233,2,1009,常州,21:29,21:31,高速动车
G9233,3,1015,苏州,22:02,22:04,高速动车
G9233,4,1003,上海虹桥,22:36,NULL,高速动车
G3232,1,1031,合肥南,NULL,19:58,高速动车
G3232,2,1005,南京南,20:46,20:49,高速动车
G3232,3,1009,常州,21:34,21:36,高速动车
G3232,4,1015,苏州,22:07,22:09,高速动车
G3232,5,1003,上海虹桥,22:41,NULL,高速动车
G3182,1,1043,阜阳西,NULL,18:35,高速动车
G3182,2,1036,淮南南,19:15,19:17,高速动车
G3182,3,1030,合肥,19:45,19:49,高速动车
G3182,4,1005,南京南,20:51,21:02,高速动车
G3182,5,1016,苏州北,22:15,22:20,高速动车
G3182,6,1003,上海虹桥,22:43,NULL,高速动车
G1640,1,1027,衢州,NULL,20:15,高速动车
G1640,2,1028,金华,20:37,20:40,高速动车
G1640,3,1023,杭州东,21:48,21:50,高速动车
G1640,4,1020,嘉兴南,22:13,22:15,高速动车
G1640,5,1003,上海虹桥,22:44,NULL,高速动车
G1658,1,1027,衢州,NULL,20:31,高速动车
G1658,2,1028,金华,20:52,20:57,高速动车
G1658,3,1023,杭州东,21:52,21:55,高速动车
G1658,4,1020,嘉兴南,22:18,22:20,高速动车
G1658,5,1003,上海虹桥,22:48,NULL,高速动车
G1256,1,1012,徐州东,NULL,20:05,高速动车
G1256,2,1005,南京南,21:26,21:28,高速动车
G1256,3,1016,苏州北,22:28,22:30,高速动车
G1256,4,1003,上海虹桥,22:54,NULL,高速动车
G2366,1,1027,衢州,NULL,20:42,高速动车
G2366,2,1028,金华,21:03,21:06,高速动车
G2366,3,1023,杭州东,21:57,22:00,高速动车
G2366,4,1020,嘉兴南,22:23,22:28,高速动车
G2366,5,1003,上海虹桥,22:55,NULL,高速动车
G1376,1,1027,衢州,NULL,20:47,高速动车
G1376,2,1028,金华,21:09,21:11,高速动车
G1376,3,1023,杭州东,22:02,22:05,高速动车
G1376,4,1003,上海虹桥,22:59,NULL,高速动车
G1339,1,1028,金华,NULL,21:16,高速动车
G1339,2,1023,杭州东,22:07,22:10,高速动车
G1339,3,1003,上海虹桥,23:03,NULL,高速动车
G151,1,1012,徐州东,NULL,20:00,高速动车
G151,2,1039,蚌埠南,20:37,20:42,高速动车
G151,3,1005,南京南,21:36,21:40,高速动车
G151,4,1010,常州北,22:13,22:15,高速动车
G151,5,1016,苏州北,22:37,22:39,高速动车
G151,6,1003,上海虹桥,23:03,NULL,高速动车
G7462,1,1026,温州南,NULL,19:49,高速动车
G7462,2,1019,丽水,20:29,20:31,高速动车
G7462,3,1029,金华南,21:17,21:19,高速动车
G7462,4,1023,杭州东,22:12,22:22,高速动车
G7462,5,1003,上海虹桥,23:07,NULL,高速动车
G7163,1,1043,阜阳西,NULL,19:01,高速动车
G7163,2,1030,合肥,20:09,20:11,高速动车
G7163,3,1005,南京南,21:02,21:04,高速动车
G7163,4,1009,常州,22:02,22:04,高速动车
G7163,5,1015,苏州,22:35,22:37,高速动车
G7163,6,1003,上海虹桥,23:09,NULL,高速动车
G153,1,1012,徐州东,NULL,20:10,高速动车
G153,2,1039,蚌埠南,20:47,20:55,高速动车
G153,3,1005,南京南,21:43,21:45,高速动车
G153,4,1010,常州北,22:17,22:23,高速动车
G153,5,1003,上海虹桥,23:11,NULL,高速动车
G1306,1,1027,衢州,NULL,21:03,高速动车
G1306,2,1028,金华,21:24,21:26,高速动车
G1306,3,1023,杭州东,22:17,22:27,高速动车
G1306,4,1003,上海虹桥,23:12,NULL,高速动车
D2208,1,1031,合肥南,NULL,19:15,动车组
D2208,2,1007,南通西,22:06,22:08,动车组
D2208,3,1003,上海虹桥,23:14,NULL,动车组
G17,1,1005,南京南,NULL,22:15,高速动车
G17,2,1003,上海虹桥,23:18,NULL,高速动车
G7536,1,1026,温州南,NULL,19:22,高速动车
G7536,2,1021,宁波,21:23,21:27,高速动车
G7536,3,1023,杭州东,22:23,22:32,高速动车
G7536,4,1003,上海虹桥,23:18,NULL,高速动车
G1942,1,1012,徐州东,NULL,20:16,高速动车
G1942,2,1005,南京南,21:52,21:55,高速动车
G1942,3,1010,常州北,22:27,22:29,高速动车
G1942,4,1003,上海虹桥,23:23,NULL,高速动车
G1660,1,1028,金华,NULL,21:31,高速动车
G1660,2,1023,杭州东,22:30,22:39,高速动车
G1660,3,1003,上海虹桥,23:26,NULL,高速动车
G157,1,1012,徐州东,NULL,20:50,高速动车
G157,2,1005,南京南,22:04,22:07,高速动车
G157,3,1010,常州北,22:38,22:45,高速动车
G157,4,1016,苏州北,23:07,23:09,高速动车
G157,5,1003,上海虹桥,23:33,NULL,高速动车
G1788,1,1031,合肥南,NULL,21:01,高速动车
G1788,2,1005,南京南,21:49,22:00,高速动车
G1788,3,1010,常州北,22:50,23:01,高速动车
G1788,4,1016,苏州北,23:23,23:25,高速动车
G1788,5,1003,上海虹桥,23:49,NULL,高速动车
K212,1,1021,宁波,NULL,15:05,快速
K212,2,1022,杭州,18:11,18:31,快速
K212,3,1028,金华,21:05,21:13,快速
K212,4,1027,衢州,22:11,NULL,快速
K1669,1,1028,金华,NULL,03:13,快速
K1669,2,1025,温州,07:48,NULL,快速
K1585,1,1028,金华,NULL,03:52,快速
K1585,2,1029,金华南,04:05,04:13,快速
K1585,3,1025,温州,08:40,NULL,快速
K326,1,1027,衢州,NULL,03:26,快速
K326,2,1028,金华,04:22,04:44,快速
K326,3,1019,丽水,07:30,07:32,快速
K326,4,1025,温州,10:00,NULL,快速
K942,1,1027,衢州,NULL,09:14,快速
K942,2,1028,金华,10:10,10:25,快速
K942,3,1029,金华南,10:38,10:57,快速
K942,4,1019,丽水,13:18,13:22,快速
K942,5,1025,温州,15:28,NULL,快速
G1672,1,1027,衢州,NULL,09:18,高速动车
G1672,2,1028,金华,09:39,09:41,高速动车
G1672,3,1023,杭州东,10:33,10:37,高速动车
G1672,4,1005,南京南,12:07,NULL,高速动车
G302,1,1045,黄山北,NULL,09:37,高速动车
G302,2,1041,铜陵北,10:25,10:27,高速动车
G302,3,1031,合肥南,11:18,11:22,高速动车
G302,4,1039,蚌埠南,12:19,12:21,高速动车
G302,5,1012,徐州东,12:57,NULL,高速动车
K210,1,1027,衢州,NULL,10:19,快速
K210,2,1028,金华,11:17,11:24,快速
K210,3,1022,杭州,13:37,14:07,快速
K210,4,1021,宁波,16:45,NULL,快速
G1460,1,1028,金华,NULL,09:53,高速动车
G1460,2,1029,金华南,10:04,10:06,高速动车
G1460,3,1019,丽水,10:41,10:43,高速动车
G1460,4,1026,温州南,11:31,NULL,高速动车
G1274,1,1045,黄山北,NULL,09:46,高速动车
G1274,2,1041,铜陵北,10:34,10:36,高速动车
G1274,3,1031,合肥南,11:13,11:15,高速动车
G1274,4,1012,徐州东,12:38,NULL,高速动车
G1492,1,1028,金华,NULL,10:00,高速动车
G1492,2,1023,杭州东,11:02,11:06,高速动车
G1492,3,1005,南京南,12:43,NULL,高速动车
G2185,1,1023,杭州东,NULL,06:45,高速动车
G2185,2,1045,黄山北,08:12,NULL,高速动车
G1421,1,1020,嘉兴南,NULL,06:42,高速动车
G1421,2,1023,杭州东,07:14,07:31,高速动车
G1421,3,1028,金华,08:28,NULL,高速动车
G1403,1,1023,杭州东,NULL,07:53,高速动车
G1403,2,1028,金华,08:50,NULL,高速动车
G1496,1,1027,衢州,NULL,10:37,高速动车
G1496,2,1023,杭州东,12:00,12:07,高速动车
G1496,3,1005,南京南,13:42,NULL,高速动车
Z288,1,1028,金华,NULL,12:05,直达特快
Z288,2,1021,宁波,15:31,NULL,直达特快
G1416,1,1021,宁波,NULL,07:03,高速动车
G1416,2,1024,杭州南,07:56,08:19,高速动车
G1416,3,1028,金华,09:05,09:07,高速动车
G1416,4,1027,衢州,09:28,NULL,高速动车
G1456,1,1027,衢州,NULL,10:55,高速动车
G1456,2,1028,金华,11:16,11:18,高速动车
G1456,3,1023,杭州东,12:10,NULL,高速动车
G3184,1,1045,黄山北,NULL,11:26,高速动车
G3184,2,1041,铜陵北,12:26,12:29,高速动车
G3184,3,1031,合肥南,13:13,13:21,高速动车
G3184,4,1036,淮南南,14:00,14:02,高速动车
G3184,5,1043,阜阳西,14:42,NULL,高速动车
G1667,1,1005,南京南,NULL,06:57,高速动车
G1667,2,1023,杭州东,08:35,08:38,高速动车
G1667,3,1028,金华,09:35,09:37,高速动车
G1667,4,1027,衢州,09:58,NULL,高速动车
G2035,1,1027,衢州,NULL,11:24,高速动车
G2035,2,1028,金华,11:45,11:47,高速动车
G2035,3,1029,金华南,11:57,11:59,高速动车
G2035,4,1019,丽水,12:45,12:47,高速动车
G2035,5,1026,温州南,13:31,NULL,高速动车
G322,1,1045,黄山北,NULL,11:49,高速动车
G322,2,1041,铜陵北,12:44,12:46,高速动车
G322,3,1031,合肥南,13:35,13:43,高速动车
G322,4,1039,蚌埠南,14:33,14:39,高速动车
G322,5,1012,徐州东,15:25,NULL,高速动车
G1611,1,1031,合肥南,NULL,08:18,高速动车
G1611,2,1041,铜陵北,09:01,09:03,高速动车
G1611,3,1045,黄山北,10:06,NULL,高速动车
G1505,1,1005,南京南,NULL,07:27,高速动车
G1505,2,1023,杭州东,09:10,09:19,高速动车
G1505,3,1028,金华,10:10,10:12,高速动车
G1505,4,1027,衢州,10:33,NULL,高速动车
G242,1,1045,黄山北,NULL,12:03,高速动车
G242,2,1041,铜陵北,13:10,13:12,高速动车
G242,3,1031,合肥南,13:56,14:03,高速动车
G242,4,1035,淮南东,14:41,14:43,高速动车
G242,5,1039,蚌埠南,15:00,15:04,高速动车
G242,6,1012,徐州东,15:42,NULL,高速动车
G1669,1,1012,徐州东,NULL,06:58,高速动车
G1669,2,1039,蚌埠南,07:41,07:43,高速动车
G1669,3,1031,合肥南,08:40,08:46,高速动车
G1669,4,1045,黄山北,10:28,NULL,高速动车
G28,1,1045,黄山北,NULL,12:09,高速动车
G28,2,1031,合肥南,13:29,NULL,高速动车
G1379,1,1005,南京南,NULL,07:36,高速动车
G1379,2,1023,杭州东,09:28,09:30,高速动车
G1379,3,1028,金华,10:35,NULL,高速动车
G330,1,1045,黄山北,NULL,12:33,高速动车
G330,2,1041,铜陵北,13:28,13:30,高速动车
G330,3,1031,合肥南,14:21,14:27,高速动车
G330,4,1035,淮南东,15:06,15:08,高速动车
G330,5,1039,蚌埠南,15:25,15:27,高速动车
G330,6,1012,徐州东,16:18,NULL,高速动车
G2318,1,1028,金华,NULL,12:32,高速动车
G2318,2,1029,金华南,12:43,12:45,高速动车
G2318,3,1019,丽水,13:30,13:32,高速动车
G2318,4,1026,温州南,14:08,NULL,高速动车
G1661,1,1039,蚌埠南,NULL,07:29,高速动车
G1661,2,1005,南京南,08:24,08:30,高速动车
G1661,3,1023,杭州东,09:52,09:54,高速动车
G1661,4,1028,金华,10:46,10:48,高速动车
G1661,5,1027,衢州,11:09,NULL,高速动车
G1619,1,1043,阜阳西,NULL,07:41,高速动车
G1619,2,1036,淮南南,08:21,08:23,高速动车
G1619,3,1031,合肥南,09:01,09:06,高速动车
G1619,4,1041,铜陵北,09:56,09:58,高速动车
G1619,5,1045,黄山北,10:54,NULL,高速动车
G1984,1,1026,温州南,NULL,09:36,高速动车
G1984,2,1019,丽水,10:10,10:12,高速动车
G1984,3,1029,金华南,11:05,11:07,高速动车
G1984,4,1028,金华,11:20,NULL,高速动车
G1601,1,1043,阜阳西,NULL,07:57,高速动车
G1601,2,1036,淮南南,08:41,08:43,高速动车
G1601,3,1031,合肥南,09:21,09:25,高速动车
G1601,4,1041,铜陵北,10:15,10:17,高速动车
G1601,5,1045,黄山北,11:22,NULL,高速动车
G1676,1,1028,金华,NULL,13:20,高速动车
G1676,2,1023,杭州东,14:11,14:14,高速动车
G1676,3,1005,南京南,15:49,NULL,高速动车
G2343,1,1021,宁波,NULL,07:28,高速动车
G2343,2,1026,温州南,09:32,09:47,高速动车
G2343,3,1019,丽水,10:27,10:29,高速动车
G2343,4,1029,金华南,11:17,11:19,高速动车
G2343,5,1028,金华,11:30,NULL,高速动车
G324,1,1045,黄山北,NULL,13:26,高速动车
G324,2,1041,铜陵北,14:21,14:23,高速动车
G324,3,1031,合肥南,15:07,15:14,高速动车
G324,4,1035,淮南东,15:52,15:54,高速动车
G324,5,1039,蚌埠南,16:11,16:13,高速动车
G324,6,1012,徐州东,17:01,NULL,高速动车
G1665,1,1012,徐州东,NULL,07:20,高速动车
G1665,2,1039,蚌埠南,08:03,08:05,高速动车
G1665,3,1005,南京南,08:54,09:02,高速动车
G1665,4,1023,杭州东,10:52,10:57,高速动车
G1665,5,1028,金华,11:48,NULL,高速动车
G1434,1,1028,金华,NULL,13:39,高速动车
G1434,2,1024,杭州南,14:24,14:46,高速动车
G1434,3,1021,宁波,15:48,NULL,高速动车
G1603,1,1005,南京南,NULL,08:40,高速动车
G1603,2,1023,杭州东,10:04,10:09,高速动车
G1603,3,1045,黄山北,11:48,NULL,高速动车
G2348,1,1024,杭州南,NULL,14:41,高速动车
G2348,2,1021,宁波,15:37,NULL,高速动车
G868,1,1026,温州南,NULL,09:21,高速动车
G868,2,1019,丽水,10:01,10:03,高速动车
G868,3,1029,金华南,10:46,10:48,高速动车
G868,4,1028,金华,11:03,11:05,高速动车
G868,5,1027,衢州,11:28,NULL,高速动车
G345,1,1012,徐州东,NULL,08:23,高速动车
G345,2,1039,蚌埠南,09:07,09:09,高速动车
G345,3,1031,合肥南,10:05,10:10,高速动车
G345,4,1045,黄山北,11:59,NULL,高速动车
G2302,1,1026,温州南,NULL,10:20,高速动车
G2302,2,1019,丽水,11:00,11:02,高速动车
G2302,3,1029,金华南,11:43,11:45,高速动车
G2302,4,1028,金华,11:58,12:01,高速动车
G2302,5,1027,衢州,12:23,NULL,高速动车
G1332,1,1028,金华,NULL,13:44,高速动车
G1332,2,1023,杭州东,14:36,NULL,高速动车
G860,1,1045,黄山北,NULL,13:51,高速动车
G860,2,1041,铜陵北,14:46,14:48,高速动车
G860,3,1031,合肥南,15:32,15:36,高速动车
G860,4,1036,淮南南,16:15,16:17,高速动车
G860,5,1043,阜阳西,16:57,NULL,高速动车
G1905,1,1043,阜阳西,NULL,08:48,高速动车
G1905,2,1036,淮南南,09:33,09:36,高速动车
G1905,3,1031,合肥南,10:14,10:20,高速动车
G1905,4,1041,铜陵北,11:03,11:05,高速动车
G1905,5,1045,黄山北,12:08,NULL,高速动车
G3141,1,1031,合肥南,NULL,10:33,高速动车
G3141,2,1041,铜陵北,11:23,11:25,高速动车
G3141,3,1045,黄山北,12:21,NULL,高速动车
G61,1,1012,徐州东,NULL,08:34,高速动车
G61,2,1005,南京南,09:58,10:01,高速动车
G61,3,1023,杭州东,11:24,11:33,高速动车
G61,4,1028,金华,12:19,12:21,高速动车
G61,5,1027,衢州,12:42,NULL,高速动车
G1391,1,1037,芜湖,NULL,09:55,高速动车
G1391,2,1033,宣城,10:23,10:25,高速动车
G1391,3,1023,杭州东,11:36,11:43,高速动车
G1391,4,1028,金华,12:34,NULL,高速动车
G1462,1,1027,衢州,NULL,14:14,高速动车
G1462,2,1028,金华,14:35,14:37,高速动车
G1462,3,1023,杭州东,15:28,NULL,高速动车
G2364,1,1027,衢州,NULL,14:32,高速动车
G2364,2,1028,金华,14:53,14:57,高速动车
G2364,3,1029,金华南,15:10,15:12,高速动车
G2364,4,1019,丽水,15:54,15:56,高速动车
G2364,5,1026,温州南,16:40,17:01,高速动车
G2364,6,1021,宁波,18:57,NULL,高速动车
G304,1,1045,黄山北,NULL,14:50,高速动车
G304,2,1041,铜陵北,15:46,15:48,高速动车
G304,3,1031,合肥南,16:33,16:37,高速动车
G304,4,1035,淮南东,17:15,17:17,高速动车
G304,5,1039,蚌埠南,17:34,17:39,高速动车
G304,6,1012,徐州东,18:32,NULL,高速动车
G2363,1,1021,宁波,NULL,09:21,高速动车
G2363,2,1026,温州南,11:12,11:32,高速动车
G2363,3,1019,丽水,12:07,12:09,高速动车
G2363,4,1029,金华南,12:49,12:51,高速动车
G2363,5,1027,衢州,13:19,NULL,高速动车
G1451,1,1023,杭州东,NULL,12:30,高速动车
G1451,2,1027,衢州,13:47,NULL,高速动车
K944,1,1025,温州,NULL,07:30,快速
K944,2,1019,丽水,09:26,09:28,快速
K944,3,1028,金华,11:44,11:59,快速
K944,4,1027,衢州,12:53,NULL,快速
G636,1,1045,黄山北,NULL,15:15,高速动车
G636,2,1041,铜陵北,16:10,16:12,高速动车
G636,3,1031,合肥南,17:07,17:20,高速动车
G636,4,1036,淮南南,17:59,NULL,高速动车
G1484,1,1027,衢州,NULL,14:58,高速动车
G1484,2,1028,金华,15:20,15:22,高速动车
G1484,3,1023,杭州东,16:13,16:16,高速动车
G1484,4,1005,南京南,17:38,NULL,高速动车
G356,1,1045,黄山北,NULL,15:20,高速动车
G356,2,1041,铜陵北,16:15,16:18,高速动车
G356,3,1031,合肥南,16:55,17:10,高速动车
G356,4,1035,淮南东,17:55,17:57,高速动车
G356,5,1039,蚌埠南,18:14,18:16,高速动车
G356,6,1012,徐州东,18:53,NULL,高速动车
G1991,1,1027,衢州,NULL,15:16,高速动车
G1991,2,1028,金华,15:37,15:39,高速动车
G1991,3,1029,金华南,15:50,15:55,高速动车
G1991,4,1019,丽水,16:36,16:38,高速动车
G1991,5,1026,温州南,17:20,NULL,高速动车
G1666,1,1028,金华,NULL,15:51,高速动车
G1666,2,1023,杭州东,16:44,16:49,高速动车
G1666,3,1005,南京南,18:17,18:25,高速动车
G1666,4,1039,蚌埠南,19:07,19:09,高速动车
G1666,5,1012,徐州东,20:10,NULL,高速动车
G1992,1,1026,温州南,NULL,11:57,高速动车
G1992,2,1019,丽水,12:31,12:33,高速动车
G1992,3,1029,金华南,13:19,13:22,高速动车
G1992,4,1028,金华,13:34,13:36,高速动车
G1992,5,1027,衢州,13:57,NULL,高速动车
G2335,1,1005,南京南,NULL,12:05,高速动车
G2335,2,1023,杭州东,13:15,13:17,高速动车
G2335,3,1027,衢州,14:24,NULL,高速动车
G2301,1,1027,衢州,NULL,15:50,高速动车
G2301,2,1028,金华,16:11,16:14,高速动车
G2301,3,1029,金华南,16:25,16:27,高速动车
G2301,4,1019,丽水,17:13,17:15,高速动车
G2301,5,1026,温州南,17:56,NULL,高速动车
K1078,1,1021,宁波,NULL,08:40,快速
K1078,2,1028,金华,12:39,12:46,快速
K1078,3,1027,衢州,13:42,NULL,快速
G2334,1,1027,衢州,NULL,16:22,高速动车
G2334,2,1028,金华,16:43,16:45,高速动车
G2334,3,1024,杭州南,17:39,18:09,高速动车
G2334,4,1021,宁波,19:06,NULL,高速动车
G62,1,1027,衢州,NULL,16:17,高速动车
G62,2,1028,金华,16:38,16:40,高速动车
G62,3,1023,杭州东,17:32,17:35,高速动车
G62,4,1005,南京南,19:11,19:21,高速动车
G62,5,1039,蚌埠南,20:02,20:04,高速动车
G62,6,1012,徐州东,20:48,NULL,高速动车
G1620,1,1045,黄山北,NULL,16:43,高速动车
G1620,2,1041,铜陵北,17:38,17:40,高速动车
G1620,3,1031,合肥南,18:24,18:27,高速动车
G1620,4,1036,淮南南,19:06,19:08,高速动车
G1620,5,1043,阜阳西,19:59,NULL,高速动车
G2305,1,1027,衢州,NULL,16:28,高速动车
G2305,2,1028,金华,16:49,16:51,高速动车
G2305,3,1029,金华南,17:02,17:04,高速动车
G2305,4,1019,丽水,17:49,17:51,高速动车
G2305,5,1026,温州南,18:28,NULL,高速动车
G27,1,1031,合肥南,NULL,13:57,高速动车
G27,2,1045,黄山北,15:18,NULL,高速动车
G870,1,1028,金华,NULL,17:06,高速动车
G870,2,1029,金华南,17:17,17:29,高速动车
G870,3,1019,丽水,18:35,18:37,高速动车
G870,4,1026,温州南,19:13,NULL,高速动车
G1602,1,1045,黄山北,NULL,16:57,高速动车
G1602,2,1041,铜陵北,18:01,18:03,高速动车
G1602,3,1031,合肥南,18:54,18:58,高速动车
G1602,4,1036,淮南南,19:37,19:39,高速动车
G1602,5,1043,阜阳西,20:19,NULL,高速动车
G1493,1,1005,南京南,NULL,13:00,高速动车
G1493,2,1023,杭州东,14:22,14:24,高速动车
G1493,3,1028,金华,15:21,15:24,高速动车
G1493,4,1027,衢州,15:45,NULL,高速动车
G2314,1,1027,衢州,NULL,17:04,高速动车
G2314,2,1028,金华,17:25,17:27,高速动车
G2314,3,1029,金华南,17:39,17:41,高速动车
G2314,4,1019,丽水,18:26,18:28,高速动车
G2314,5,1026,温州南,19:04,NULL,高速动车
G355,1,1012,徐州东,NULL,12:00,高速动车
G355,2,1039,蚌埠南,12:38,12:40,高速动车
G355,3,1035,淮南东,12:56,12:59,高速动车
G355,4,1031,合肥南,13:38,13:44,高速动车
G355,5,1041,铜陵北,14:27,14:33,高速动车
G355,6,1045,黄山北,15:32,NULL,高速动车
G348,1,1045,黄山北,NULL,17:31,高速动车
G348,2,1041,铜陵北,18:27,18:29,高速动车
G348,3,1031,合肥南,19:13,19:17,高速动车
G348,4,1039,蚌埠南,20:14,20:18,高速动车
G348,5,1012,徐州东,21:02,NULL,高速动车
G2036,1,1026,温州南,NULL,13:56,高速动车
G2036,2,1019,丽水,14:36,14:38,高速动车
G2036,3,1029,金华南,15:30,15:32,高速动车
G2036,4,1028,金华,15:52,NULL,高速动车
G1663,1,1027,衢州,NULL,17:37,高速动车
G1663,2,1028,金华,17:58,18:01,高速动车
G1663,3,1023,杭州东,18:55,19:05,高速动车
G1663,4,1005,南京南,20:47,21:03,高速动车
G1663,5,1039,蚌埠南,21:56,NULL,高速动车
G1906,1,1045,黄山北,NULL,17:49,高速动车
G1906,2,1031,合肥南,19:30,19:36,高速动车
G1906,3,1036,淮南南,20:15,20:17,高速动车
G1906,4,1043,阜阳西,20:58,NULL,高速动车
G2316,1,1026,温州南,NULL,14:28,高速动车
G2316,2,1029,金华南,15:45,15:53,高速动车
G2316,3,1028,金华,16:05,16:09,高速动车
G2316,4,1027,衢州,16:31,NULL,高速动车
G244,1,1012,徐州东,NULL,12:36,高速动车
G244,2,1039,蚌埠南,13:24,13:26,高速动车
G244,3,1035,淮南东,13:42,13:45,高速动车
G244,4,1031,合肥南,14:24,14:29,高速动车
G244,5,1041,铜陵北,15:19,15:24,高速动车
G244,6,1045,黄山北,16:13,NULL,高速动车
G1380,1,1027,衢州,NULL,17:49,高速动车
G1380,2,1028,金华,18:10,18:12,高速动车
G1380,3,1023,杭州东,19:06,19:10,高速动车
G1380,4,1005,南京南,20:19,NULL,高速动车
G1675,1,1005,南京南,NULL,13:35,高速动车
G1675,2,1023,杭州东,15:11,15:17,高速动车
G1675,3,1028,金华,16:09,16:14,高速动车
G1675,4,1027,衢州,16:36,NULL,高速动车
G635,1,1036,淮南南,NULL,13:07,高速动车
G635,2,1031,合肥南,13:45,13:51,高速动车
G635,3,1041,铜陵北,14:50,14:53,高速动车
G635,4,1045,黄山北,16:00,NULL,高速动车
G2336,1,1027,衢州,NULL,18:03,高速动车
G2336,2,1028,金华,18:25,18:27,高速动车
G2336,3,1023,杭州东,19:21,19:25,高速动车
G2336,4,1005,南京南,20:53,NULL,高速动车
G1495,1,1005,南京南,NULL,14:04,高速动车
G1495,2,1023,杭州东,15:26,15:32,高速动车
G1495,3,1028,金华,16:23,16:29,高速动车
G1495,4,1027,衢州,16:50,NULL,高速动车
G329,1,1012,徐州东,NULL,13:11,高速动车
G329,2,1039,蚌埠南,13:49,13:51,高速动车
G329,3,1031,合肥南,14:48,14:52,高速动车
G329,4,1045,黄山北,16:34,NULL,高速动车
G2344,1,1027,衢州,NULL,18:18,高速动车
G2344,2,1028,金华,18:40,18:42,高速动车
G2344,3,1026,温州南,20:22,20:40,高速动车
G2344,4,1021,宁波,22:30,NULL,高速动车
G33,1,1012,徐州东,NULL,12:56,高速动车
G33,2,1005,南京南,14:17,14:20,高速动车
G33,3,1023,杭州东,15:40,15:42,高速动车
G33,4,1028,金华,16:33,16:41,高速动车
G33,5,1027,衢州,17:02,NULL,高速动车
G323,1,1012,徐州东,NULL,13:17,高速动车
G323,2,1035,淮南东,14:15,14:17,高速动车
G323,3,1031,合肥南,14:56,15:02,高速动车
G323,4,1041,铜陵北,15:52,15:54,高速动车
G323,5,1045,黄山北,16:57,NULL,高速动车
G1461,1,1023,杭州东,NULL,15:59,高速动车
G1461,2,1028,金华,16:51,NULL,高速动车
K848,1,1021,宁波,NULL,11:00,快速
K848,2,1028,金华,15:18,15:24,快速
K848,3,1027,衢州,16:18,NULL,快速
G1604,1,1045,黄山北,NULL,19:02,高速动车
G1604,2,1023,杭州东,20:57,21:02,高速动车
G1604,3,1005,南京南,22:16,NULL,高速动车
G301,1,1012,徐州东,NULL,13:52,高速动车
G301,2,1039,蚌埠南,14:29,14:31,高速动车
G301,3,1031,合肥南,15:28,15:31,高速动车
G301,4,1041,铜陵北,16:14,16:16,高速动车
G301,5,1045,黄山北,17:13,NULL,高速动车
G1392,1,1027,衢州,NULL,18:47,高速动车
G1392,2,1028,金华,19:08,19:11,高速动车
G1392,3,1023,杭州东,20:18,20:32,高速动车
G1392,4,1033,宣城,21:43,21:45,高速动车
G1392,5,1037,芜湖,22:13,NULL,高速动车
G1418,1,1027,衢州,NULL,18:54,高速动车
G1418,2,1028,金华,19:15,19:17,高速动车
G1418,3,1024,杭州南,19:55,20:15,高速动车
G1418,4,1021,宁波,21:03,NULL,高速动车
G1670,1,1045,黄山北,NULL,19:28,高速动车
G1670,2,1041,铜陵北,20:23,20:25,高速动车
G1670,3,1031,合肥南,21:09,21:19,高速动车
G1670,4,1035,淮南东,21:59,22:01,高速动车
G1670,5,1039,蚌埠南,22:18,22:25,高速动车
G1670,6,1012,徐州东,23:02,NULL,高速动车
G1983,1,1028,金华,NULL,19:41,高速动车
G1983,2,1029,金华南,19:54,19:59,高速动车
G1983,3,1019,丽水,20:51,20:53,高速动车
G1983,4,1026,温州南,21:30,NULL,高速动车
G1612,1,1045,黄山北,NULL,19:41,高速动车
G1612,2,1041,铜陵北,20:36,20:38,高速动车
G1612,3,1031,合肥南,21:22,NULL,高速动车
G1504,1,1028,金华,NULL,19:46,高速动车
G1504,2,1023,杭州东,20:39,20:42,高速动车
G1504,3,1005,南京南,22:10,NULL,高速动车
K846,1,1027,衢州,NULL,21:46,快速
K846,2,1028,金华,23:31,23:52,快速
K846,3,1021,宁波,05:11,NULL,快速
G325,1,1012,徐州东,NULL,14:59,高速动车
G325,2,1039,蚌埠南,15:43,15:48,高速动车
G325,3,1035,淮南东,16:04,16:09,高速动车
G325,4,1031,合肥南,16:49,16:55,高速动车
G325,5,1041,铜陵北,17:33,17:35,高速动车
G325,6,1045,黄山北,18:24,NULL,高速动车
G1668,1,1027,衢州,NULL,19:49,高速动车
G1668,2,1028,金华,20:10,20:12,高速动车
G1668,3,1023,杭州东,21:04,21:08,高速动车
G1668,4,1005,南京南,22:36,NULL,高速动车
G1272,1,1012,徐州东,NULL,15:08,高速动车
G1272,2,1039,蚌埠南,15:52,15:59,高速动车
G1272,3,1035,淮南东,16:15,16:17,高速动车
G1272,4,1031,合肥南,17:04,17:10,高速动车
G1272,5,1041,铜陵北,17:46,17:48,高速动车
G1272,6,1045,黄山北,18:31,NULL,高速动车
G2386,1,1045,黄山北,NULL,20:28,高速动车
G2386,2,1023,杭州东,22:16,NULL,高速动车
G1677,1,1005,南京南,NULL,16:29,高速动车
G1677,2,1023,杭州东,17:51,17:55,高速动车
G1677,3,1028,金华,18:46,NULL,高速动车
G1432,1,1021,宁波,NULL,16:26,高速动车
G1432,2,1024,杭州南,17:31,18:04,高速动车
G1432,3,1028,金华,18:51,18:53,高速动车
G1432,4,1027,衢州,19:14,NULL,高速动车
G2187,1,1045,黄山北,NULL,20:35,高速动车
G2187,2,1023,杭州东,21:56,NULL,高速动车
G1506,1,1027,衢州,NULL,20:23,高速动车
G1506,2,1028,金华,20:44,20:52,高速动车
G1506,3,1023,杭州东,21:44,21:50,高速动车
G1506,4,1005,南京南,23:11,NULL,高速动车
G303,1,1012,徐州东,NULL,15:43,高速动车
G303,2,1039,蚌埠南,16:20,16:22,高速动车
G303,3,1031,合肥南,17:23,17:27,高速动车
G303,4,1041,铜陵北,18:10,18:12,高速动车
G303,5,1045,黄山北,19:08,NULL,高速动车
G862,1,1043,阜阳西,NULL,16:21,高速动车
G862,2,1031,合肥南,17:41,17:47,高速动车
G862,3,1041,铜陵北,18:30,18:32,高速动车
G862,4,1045,黄山北,19:21,NULL,高速动车
G3142,1,1045,黄山北,NULL,21:04,高速动车
G3142,2,1031,合肥南,22:31,NULL,高速动车
G1458,1,1026,温州南,NULL,17:44,高速动车
G1458,2,1019,丽水,18:18,18:20,高速动车
G1458,3,1029,金华南,19:06,19:08,高速动车
G1458,4,1028,金华,19:20,NULL,高速动车
K1077,1,1027,衢州,NULL,00:11,快速
K1077,2,1028,金华,01:27,01:35,快速
K1077,3,1021,宁波,05:45,NULL,快速
G1422,1,1028,金华,NULL,22:02,高速动车
G1422,2,1023,杭州东,23:00,23:04,高速动车
G1422,3,1020,嘉兴南,23:28,NULL,高速动车
K1586,1,1025,温州,NULL,13:47,快速
K1586,2,1019,丽水,15:46,15:48,快速
K1586,3,1028,金华,18:17,18:32,快速
K1586,4,1027,衢州,19:25,NULL,快速
G2357,1,1021,宁波,NULL,15:56,高速动车
G2357,2,1026,温州南,18:05,18:21,高速动车
G2357,3,1019,丽水,19:01,19:03,高速动车
G2357,4,1029,金华南,19:50,19:55,高速动车
G2357,5,1028,金华,20:07,20:09,高速动车
G2357,6,1027,衢州,20:30,NULL,高速动车
G3186,1,1043,阜阳西,NULL,16:32,高速动车
G3186,2,1036,淮南南,17:12,17:14,高速动车
G3186,3,1031,合肥南,17:52,17:58,高速动车
G3186,4,1041,铜陵北,18:48,18:50,高速动车
G3186,5,1045,黄山北,19:46,NULL,高速动车
G1404,1,1027,衢州,NULL,22:10,高速动车
G1404,2,1028,金华,22:31,22:37,高速动车
G1404,3,1023,杭州东,23:27,NULL,高速动车
K2665,1,1011,徐州,NULL,05:00,快速
K2665,2,1038,蚌埠,06:57,07:02,快速
K2665,3,1004,南京,10:08,10:18,快速
K2665,4,1009,常州,12:11,12:15,快速
K2665,5,1015,苏州,13:49,NULL,快速
K2666,1,1015,苏州,NULL,15:30,快速
K2666,2,1009,常州,16:42,16:45,快速
K2666,3,1004,南京,18:18,18:26,快速
K2666,4,1038,蚌埠,21:13,21:17,快速
K2666,5,1011,徐州,23:35,NULL,快速
G7341,1,1023,杭州东,NULL,06:00,高速动车
G7341,2,1029,金华南,06:52,06:54,高速动车
G7341,3,1019,丽水,07:39,07:41,高速动车
G7341,4,1026,温州南,08:34,NULL,高速动车
G2312,1,1026,温州南,NULL,07:13,高速动车
G2312,2,1019,丽水,07:53,07:55,高速动车
G2312,3,1029,金华南,08:41,08:43,高速动车
G2312,4,1028,金华,08:55,08:57,高速动车
G2312,5,1027,衢州,09:18,NULL,高速动车
K554,1,1011,徐州,NULL,15:31,快速
K554,2,1038,蚌埠,17:20,17:26,快速
K554,3,1004,南京,19:32,19:50,快速
K554,4,1037,芜湖,22:16,22:23,快速
K554,5,1033,宣城,23:15,23:18,快速
K554,6,1022,杭州,02:19,02:40,快速
K554,7,1029,金华南,05:30,06:00,快速
K554,8,1019,丽水,08:02,08:05,快速
K554,9,1025,温州,10:50,NULL,快速
K346,1,1011,徐州,NULL,15:38,快速
K346,2,1038,蚌埠,17:27,17:32,快速
K346,3,1004,南京,19:53,20:12,快速
K346,4,1037,芜湖,22:32,22:38,快速
K346,5,1033,宣城,23:30,23:33,快速
K346,6,1022,杭州,02:34,02:47,快速
K346,7,1029,金华南,05:46,06:18,快速
K346,8,1019,丽水,08:21,08:23,快速
K346,9,1025,温州,11:20,NULL,快速
G7650,1,1026,温州南,NULL,07:52,高速动车
G7650,2,1019,丽水,08:33,08:35,高速动车
G7650,3,1029,金华南,09:20,09:22,高速动车
G7650,4,1023,杭州东,10:18,10:22,高速动车
G7650,5,1005,南京南,11:45,NULL,高速动车
G2306,1,1026,温州南,NULL,08:05,高速动车
G2306,2,1019,丽水,08:45,08:47,高速动车
G2306,3,1028,金华,09:51,09:54,高速动车
G2306,4,1027,衢州,10:16,NULL,高速动车
D3211,1,1023,杭州东,NULL,07:10,动车组
D3211,2,1029,金华南,08:06,08:08,动车组
D3211,3,1019,丽水,08:48,08:50,动车组
D3211,4,1026,温州南,09:24,NULL,动车组
K2906,1,1025,温州,NULL,07:00,快速
K2906,2,1019,丽水,08:55,08:57,快速
K2906,3,1029,金华南,10:55,11:16,快速
K2906,4,1022,杭州,13:13,13:25,快速
K2906,5,1033,宣城,16:13,16:16,快速
K2906,6,1037,芜湖,17:09,17:15,快速
K2906,7,1030,合肥,18:57,19:11,快速
K2906,8,1034,淮南,20:12,20:15,快速
K2906,9,1042,阜阳,21:35,NULL,快速
G7346,1,1026,温州南,NULL,09:14,高速动车
G7346,2,1019,丽水,09:49,09:51,高速动车
G7346,3,1029,金华南,10:55,10:57,高速动车
G7346,4,1023,杭州东,11:55,NULL,高速动车
K1240,1,1042,阜阳,NULL,19:31,快速
K1240,2,1034,淮南,20:52,20:56,快速
K1240,3,1030,合肥,22:08,22:28,快速
K1240,4,1037,芜湖,00:05,00:11,快速
K1240,5,1022,杭州,03:25,03:37,快速
K1240,6,1029,金华南,06:12,06:31,快速
K1240,7,1019,丽水,09:50,09:53,快速
K1240,8,1025,温州,11:48,NULL,快速
K306,1,1030,合肥,NULL,22:03,快速
K306,2,1037,芜湖,23:39,23:45,快速
K306,3,1033,宣城,00:37,00:41,快速
K306,4,1022,杭州,03:14,03:43,快速
K306,5,1029,金华南,07:12,07:45,快速
K306,6,1019,丽水,10:10,10:13,快速
K306,7,1025,温州,13:35,NULL,快速
G7625,1,1005,南京南,NULL,06:50,高速动车
G7625,2,1023,杭州东,08:25,08:28,高速动车
G7625,3,1029,金华南,09:21,09:23,高速动车
G7625,4,1019,丽水,10:15,10:17,高速动车
G7625,5,1026,温州南,10:54,NULL,高速动车
G7641,1,1005,南京南,NULL,07:17,高速动车
G7641,2,1023,杭州东,08:50,08:55,高速动车
G7641,3,1029,金华南,09:52,09:54,高速动车
G7641,4,1019,丽水,10:28,10:30,高速动车
G7641,5,1026,温州南,11:10,NULL,高速动车
G7616,1,1026,温州南,NULL,09:58,高速动车
G7616,2,1019,丽水,10:39,10:41,高速动车
G7616,3,1023,杭州东,12:23,12:26,高速动车
G7616,4,1005,南京南,14:05,14:07,高速动车
G7616,5,1031,合肥南,15:06,NULL,高速动车
G7643,1,1005,南京南,NULL,07:22,高速动车
G7643,2,1023,杭州东,09:02,09:05,高速动车
G7643,3,1024,杭州南,09:14,09:17,高速动车
G7643,4,1019,丽水,10:54,NULL,高速动车
G7475,1,1026,温州南,NULL,10:30,高速动车
G7475,2,1019,丽水,11:10,11:12,高速动车
G7475,3,1029,金华南,11:52,11:54,高速动车
G7475,4,1023,杭州东,12:48,NULL,高速动车
G7467,1,1023,杭州东,NULL,09:51,高速动车
G7467,2,1029,金华南,10:42,10:44,高速动车
G7467,3,1019,丽水,11:25,11:27,高速动车
G7467,4,1026,温州南,12:09,NULL,高速动车
D3236,1,1026,温州南,NULL,10:45,动车组
D3236,2,1019,丽水,11:26,11:28,动车组
D3236,3,1023,杭州东,13:15,13:20,动车组
D3236,4,1005,南京南,14:44,NULL,动车组
G164,1,1026,温州南,NULL,10:56,高速动车
G164,2,1019,丽水,11:37,11:39,高速动车
G164,3,1029,金华南,12:30,12:32,高速动车
G164,4,1023,杭州东,13:37,13:41,高速动车
G164,5,1005,南京南,15:11,15:17,高速动车
G164,6,1012,徐州东,16:32,NULL,高速动车
K1052,1,1011,徐州,NULL,20:30,快速
K1052,2,1042,阜阳,23:14,23:32,快速
K1052,3,1034,淮南,00:52,00:55,快速
K1052,4,1030,合肥,01:57,02:15,快速
K1052,5,1037,芜湖,03:43,03:49,快速
K1052,6,1033,宣城,04:41,04:44,快速
K1052,7,1022,杭州,07:17,07:30,快速
K1052,8,1029,金华南,09:37,09:57,快速
K1052,9,1019,丽水,12:05,12:07,快速
K1052,10,1025,温州,14:40,NULL,快速
G7627,1,1012,徐州东,NULL,07:15,高速动车
G7627,2,1039,蚌埠南,07:58,08:00,高速动车
G7627,3,1005,南京南,08:49,08:57,高速动车
G7627,4,1023,杭州东,10:35,10:40,高速动车
G7627,5,1029,金华南,11:32,11:34,高速动车
G7627,6,1019,丽水,12:14,12:17,高速动车
G7627,7,1026,温州南,12:59,NULL,高速动车
G2358,1,1027,衢州,NULL,11:15,高速动车
G2358,2,1029,金华南,11:42,11:44,高速动车
G2358,3,1019,丽水,12:30,12:34,高速动车
G2358,4,1026,温州南,13:10,13:32,高速动车
G2358,5,1021,宁波,15:37,NULL,高速动车
G7477,1,1043,阜阳西,NULL,07:17,高速动车
G7477,2,1036,淮南南,07:57,07:59,高速动车
G7477,3,1030,合肥,08:37,08:40,高速动车
G7477,4,1005,南京南,09:31,09:38,高速动车
G7477,5,1023,杭州东,11:02,11:07,高速动车
G7477,6,1029,金华南,12:09,12:11,高速动车
G7477,7,1019,丽水,12:58,NULL,高速动车
G7478,1,1019,丽水,NULL,13:18,高速动车
G7478,2,1029,金华南,14:19,14:21,高速动车
G7478,3,1023,杭州东,15:15,15:18,高速动车
G7478,4,1005,南京南,16:32,16:34,高速动车
G7478,5,1030,合肥,17:32,17:35,高速动车
G7478,6,1036,淮南南,18:08,18:10,高速动车
G7478,7,1043,阜阳西,18:55,NULL,高速动车
G7762,1,1031,合肥南,NULL,09:35,高速动车
G7762,2,1037,芜湖,10:26,10:28,高速动车
G7762,3,1023,杭州东,11:56,12:01,高速动车
G7762,4,1019,丽水,13:40,13:42,高速动车
G7762,5,1026,温州南,14:18,NULL,高速动车
G7619,1,1012,徐州东,NULL,08:39,高速动车
G7619,2,1039,蚌埠南,09:32,09:34,高速动车
G7619,3,1005,南京南,10:37,10:43,高速动车
G7619,4,1023,杭州东,12:16,12:19,高速动车
G7619,5,1019,丽水,13:54,13:58,高速动车
G7619,6,1026,温州南,14:35,NULL,高速动车
K102,1,1025,温州,NULL,12:00,快速
K102,2,1019,丽水,14:09,14:15,快速
K102,3,1029,金华南,16:14,16:41,快速
K102,4,1022,杭州,19:08,19:22,快速
K102,5,1033,宣城,21:49,21:54,快速
K102,6,1037,芜湖,22:47,22:53,快速
K102,7,1004,南京,00:52,00:58,快速
K102,8,1011,徐州,04:51,NULL,快速
G7468,1,1026,温州南,NULL,13:49,高速动车
G7468,2,1019,丽水,14:24,14:26,高速动车
G7468,3,1029,金华南,15:12,15:14,高速动车
G7468,4,1023,杭州东,16:23,NULL,高速动车
G7345,1,1023,杭州东,NULL,13:00,高速动车
G7345,2,1019,丽水,14:24,14:26,高速动车
G7345,3,1026,温州南,15:01,NULL,高速动车
G1965,1,1043,阜阳西,NULL,09:04,高速动车
G1965,2,1036,淮南南,09:39,09:41,高速动车
G1965,3,1031,合肥南,10:19,10:25,高速动车
G1965,4,1037,芜湖,11:09,11:12,高速动车
G1965,5,1033,宣城,11:40,11:43,高速动车
G1965,6,1023,杭州东,12:49,12:55,高速动车
G1965,7,1029,金华南,13:48,13:55,高速动车
G1965,8,1019,丽水,14:35,14:37,高速动车
G1965,9,1026,温州南,15:13,NULL,高速动车
G1734,1,1012,徐州东,NULL,09:29,高速动车
G1734,2,1039,蚌埠南,10:06,10:11,高速动车
G1734,3,1005,南京南,10:53,10:57,高速动车
G1734,4,1023,杭州东,12:31,12:45,高速动车
G1734,5,1029,金华南,13:38,13:41,高速动车
G1734,6,1019,丽水,14:59,15:01,高速动车
G1734,7,1026,温州南,15:39,NULL,高速动车
K552,1,1025,温州,NULL,12:46,快速
K552,2,1019,丽水,15:04,15:06,快速
K552,3,1029,金华南,17:01,17:30,快速
K552,4,1022,杭州,19:52,20:12,快速
K552,5,1033,宣城,22:38,22:41,快速
K552,6,1037,芜湖,23:34,23:40,快速
K552,7,1004,南京,02:03,02:12,快速
K552,8,1038,蚌埠,04:10,04:14,快速
K552,9,1011,徐州,06:02,NULL,快速
G7760,1,1026,温州南,NULL,14:39,高速动车
G7760,2,1019,丽水,15:19,15:21,高速动车
G7760,3,1029,金华南,16:02,16:04,高速动车
G7760,4,1023,杭州东,16:58,17:04,高速动车
G7760,5,1033,宣城,17:56,17:58,高速动车
G7760,6,1037,芜湖,18:25,18:27,高速动车
G7760,7,1031,合肥南,19:12,NULL,高速动车
G7652,1,1026,温州南,NULL,14:54,高速动车
G7652,2,1019,丽水,15:28,15:30,高速动车
G7652,3,1029,金华南,16:10,16:12,高速动车
G7652,4,1023,杭州东,17:06,17:09,高速动车
G7652,5,1005,南京南,18:28,18:32,高速动车
G7652,6,1030,合肥,19:26,19:34,高速动车
G7652,7,1043,阜阳西,20:44,NULL,高速动车
G7464,1,1026,温州南,NULL,15:04,高速动车
G7464,2,1019,丽水,15:38,15:40,高速动车
G7464,3,1029,金华南,16:26,16:30,高速动车
G7464,4,1023,杭州东,17:27,17:30,高速动车
G7464,5,1033,宣城,18:28,18:30,高速动车
G7464,6,1037,芜湖,18:57,18:59,高速动车
G7464,7,1031,合肥南,19:45,NULL,高速动车
G7621,1,1023,杭州东,NULL,13:55,高速动车
G7621,2,1019,丽水,16:05,16:09,高速动车
G7621,3,1026,温州南,16:45,NULL,高速动车
G1966,1,1026,温州南,NULL,15:32,高速动车
G1966,2,1019,丽水,16:12,16:14,高速动车
G1966,3,1023,杭州东,18:03,18:05,高速动车
G1966,4,1033,宣城,19:09,19:11,高速动车
G1966,5,1037,芜湖,19:38,19:40,高速动车
G1966,6,1031,合肥南,20:25,20:29,高速动车
G1966,7,1036,淮南南,21:19,21:21,高速动车
G1966,8,1043,阜阳西,21:57,NULL,高速动车
G7498,1,1045,黄山北,NULL,12:19,高速动车
G7498,2,1024,杭州南,13:45,14:16,高速动车
G7498,3,1029,金华南,15:29,15:31,高速动车
G7498,4,1019,丽水,16:23,16:25,高速动车
G7498,5,1026,温州南,17:07,NULL,高速动车
G7626,1,1026,温州南,NULL,15:45,高速动车
G7626,2,1019,丽水,16:25,16:28,高速动车
G7626,3,1029,金华南,17:21,17:23,高速动车
G7626,4,1023,杭州东,18:21,18:25,高速动车
G7626,5,1005,南京南,19:48,NULL,高速动车
K1396,1,1025,温州,NULL,14:50,快速
K1396,2,1019,丽水,16:52,16:54,快速
K1396,3,1029,金华南,18:52,19:15,快速
K1396,4,1022,杭州,21:33,21:54,快速
K1396,5,1033,宣城,00:32,00:36,快速
K1396,6,1037,芜湖,01:29,01:35,快速
K1396,7,1030,合肥,03:10,03:25,快速
K1396,8,1034,淮南,04:26,04:31,快速
K1396,9,1042,阜阳,06:05,NULL,快速
G1732,1,1026,温州南,NULL,16:15,高速动车
G1732,2,1019,丽水,16:55,16:58,高速动车
G1732,3,1029,金华南,17:38,17:42,高速动车
G1732,4,1023,杭州东,18:41,18:44,高速动车
G1732,5,1005,南京南,20:24,20:32,高速动车
G1732,6,1039,蚌埠南,21:20,21:22,高速动车
G1732,7,1012,徐州东,22:08,NULL,高速动车
K1238,1,1025,温州,NULL,15:10,快速
K1238,2,1019,丽水,17:08,17:11,快速
K1238,3,1029,金华南,19:29,19:46,快速
K1238,4,1022,杭州,22:02,22:21,快速
K1238,5,1033,宣城,00:47,00:50,快速
K1238,6,1037,芜湖,01:43,01:49,快速
K1238,7,1030,合肥,03:37,03:50,快速
K1238,8,1034,淮南,04:56,05:00,快速
K1238,9,1042,阜阳,06:46,NULL,快速
G7642,1,1026,温州南,NULL,16:56,高速动车
G7642,2,1019,丽水,17:37,17:39,高速动车
G7642,3,1023,杭州东,19:17,19:20,高速动车
G7642,4,1005,南京南,20:42,20:50,高速动车
G7642,5,1039,蚌埠南,21:38,21:41,高速动车
G7642,6,1012,徐州东,22:26,NULL,高速动车
G7620,1,1026,温州南,NULL,17:09,高速动车
G7620,2,1019,丽水,17:49,17:51,高速动车
G7620,3,1029,金华南,18:38,18:42,高速动车
G7620,4,1023,杭州东,19:36,19:39,高速动车
G7620,5,1005,南京南,21:01,21:09,高速动车
G7620,6,1039,蚌埠南,21:50,21:52,高速动车
G7620,7,1012,徐州东,22:31,NULL,高速动车
D3235,1,1005,南京南,NULL,15:08,动车组
D3235,2,1023,杭州东,16:38,16:42,动车组
D3235,3,1029,金华南,17:51,17:53,动车组
D3235,4,1019,丽水,18:45,18:47,动车组
D3235,5,1026,温州南,19:21,NULL,动车组
G7465,1,1023,杭州东,NULL,16:59,高速动车
G7465,2,1024,杭州南,17:08,17:14,高速动车
G7465,3,1019,丽水,18:54,18:56,高速动车
G7465,4,1026,温州南,19:32,NULL,高速动车
G163,1,1012,徐州东,NULL,14:14,高速动车
G163,2,1039,蚌埠南,14:51,14:56,高速动车
G163,3,1005,南京南,15:44,15:49,高速动车
G163,4,1023,杭州东,17:11,17:15,高速动车
G163,5,1029,金华南,18:14,18:16,高速动车
G163,6,1019,丽水,19:08,19:10,高速动车
G163,7,1026,温州南,19:51,NULL,高速动车
K328,1,1025,温州,NULL,17:15,快速
K328,2,1019,丽水,19:11,19:22,快速
K328,3,1029,金华南,21:40,21:44,快速
K328,4,1028,金华,22:03,22:17,快速
K328,5,1027,衢州,23:32,NULL,快速
G7496,1,1026,温州南,NULL,18:51,高速动车
G7496,2,1019,丽水,19:25,19:27,高速动车
G7496,3,1029,金华南,20:13,20:15,高速动车
G7496,4,1024,杭州南,21:03,21:23,高速动车
G7496,5,1045,黄山北,22:44,NULL,高速动车
G7473,1,1039,蚌埠南,NULL,15:11,高速动车
G7473,2,1005,南京南,15:53,16:00,高速动车
G7473,3,1023,杭州东,17:32,17:36,高速动车
G7473,4,1029,金华南,18:41,18:43,高速动车
G7473,5,1019,丽水,19:29,19:31,高速动车
G7473,6,1026,温州南,20:09,NULL,高速动车
G7463,1,1043,阜阳西,NULL,13:57,高速动车
G7463,2,1036,淮南南,14:37,14:39,高速动车
G7463,3,1031,合肥南,15:17,15:24,高速动车
G7463,4,1037,芜湖,16:08,16:10,高速动车
G7463,5,1033,宣城,16:44,16:46,高速动车
G7463,6,1023,杭州东,17:44,17:49,高速动车
G7463,7,1019,丽水,19:39,19:41,高速动车
G7463,8,1026,温州南,20:17,NULL,高速动车
G7630,1,1026,温州南,NULL,19:06,高速动车
G7630,2,1019,丽水,19:46,19:48,高速动车
G7630,3,1023,杭州东,21:27,21:29,高速动车
G7630,4,1005,南京南,22:52,NULL,高速动车
K1670,1,1025,温州,NULL,17:50,快速
K1670,2,1019,丽水,19:53,19:58,快速
K1670,3,1028,金华,23:06,NULL,快速
G7628,1,1026,温州南,NULL,19:25,高速动车
G7628,2,1019,丽水,19:59,20:01,高速动车
G7628,3,1029,金华南,20:41,20:43,高速动车
G7628,4,1023,杭州东,21:38,21:40,高速动车
G7628,5,1005,南京南,22:57,NULL,高速动车
G7618,1,1031,合肥南,NULL,15:44,高速动车
G7618,2,1005,南京南,16:39,16:44,高速动车
G7618,3,1023,杭州东,18:13,18:15,高速动车
G7618,4,1029,金华南,19:07,19:10,高速动车
G7618,5,1019,丽水,20:02,20:04,高速动车
G7618,6,1026,温州南,20:46,NULL,高速动车
K348,1,1025,温州,NULL,18:20,快速
K348,2,1019,丽水,20:27,20:29,快速
K348,3,1029,金华南,22:43,23:02,快速
K348,4,1022,杭州,01:40,01:52,快速
K348,5,1033,宣城,04:22,04:26,快速
K348,6,1037,芜湖,05:23,05:29,快速
K348,7,1004,南京,07:09,07:17,快速
K348,8,1038,蚌埠,09:32,09:37,快速
K348,9,1011,徐州,11:34,NULL,快速
G7466,1,1026,温州南,NULL,20:38,高速动车
G7466,2,1019,丽水,21:12,21:15,高速动车
G7466,3,1029,金华南,21:49,21:53,高速动车
G7466,4,1023,杭州东,22:45,NULL,高速动车
K308,1,1025,温州,NULL,18:50,快速
K308,2,1019,丽水,21:17,21:19,快速
K308,3,1029,金华南,23:22,23:47,快速
K308,4,1022,杭州,02:14,02:27,快速
K308,5,1033,宣城,04:49,04:54,快速
K308,6,1037,芜湖,05:51,05:57,快速
K308,7,1030,合肥,07:32,NULL,快速
G7649,1,1005,南京南,NULL,18:04,高速动车
G7649,2,1023,杭州东,19:38,19:41,高速动车
G7649,3,1029,金华南,20:36,20:38,高速动车
G7649,4,1019,丽水,21:18,21:20,高速动车
G7649,5,1026,温州南,22:01,NULL,高速动车
D3212,1,1026,温州南,NULL,20:48,动车组
D3212,2,1019,丽水,21:25,21:27,动车组
D3212,3,1029,金华南,22:02,22:04,动车组
D3212,4,1023,杭州东,22:55,NULL,动车组
G7629,1,1005,南京南,NULL,18:34,高速动车
G7629,2,1023,杭州东,19:58,20:04,高速动车
G7629,3,1019,丽水,21:45,21:47,高速动车
G7629,4,1026,温州南,22:23,NULL,高速动车
G7342,1,1026,温州南,NULL,21:19,高速动车
G7342,2,1019,丽水,22:00,22:02,高速动车
G7342,3,1023,杭州东,23:17,NULL,高速动车
K596,1,1042,阜阳,NULL,09:40,快速
K596,2,1034,淮南,11:14,11:18,快速
K596,3,1030,合肥,12:28,12:43,快速
K596,4,1037,芜湖,14:17,14:23,快速
K596,5,1033,宣城,15:18,15:21,快速
K596,6,1022,杭州,18:22,NULL,快速
K594,1,1022,杭州,NULL,12:43,快速
K594,2,1033,宣城,15:21,15:24,快速
K594,3,1037,芜湖,16:17,16:23,快速
K594,4,1030,合肥,18:09,18:35,快速
K594,5,1034,淮南,19:37,19:41,快速
K594,6,1042,阜阳,21:03,NULL,快速
K1538,1,1011,徐州,NULL,19:40,快速
K1538,2,1038,蚌埠,21:29,21:38,快速
K1538,3,1004,南京,23:45,NULL,快速
K1352,1,1011,徐州,NULL,19:40,快速
K1352,2,1013,新沂,21:04,21:09,快速
K1352,3,1017,连云港,22:07,22:13,快速
K1352,4,1018,连云港东,22:41,NULL,快速
K302,1,1042,阜阳,NULL,06:30,快速
K302,2,1011,徐州,09:47,NULL,快速
K94,1,1006,南通,NULL,11:38,快速
K94,2,1038,蚌埠,17:10,17:39,快速
K94,3,1030,合肥,19:39,NULL,快速
K34,1,1037,芜湖,NULL,06:37,快速
K34,2,1004,南京,08:55,09:20,快速
K34,3,1009,常州,10:40,10:43,快速
K34,4,1015,苏州,11:35,NULL,快速
K70,1,1011,徐州,NULL,16:00,快速
K70,2,1042,阜阳,18:55,NULL,快速
K36,1,1015,苏州,NULL,13:00,快速
K36,2,1009,常州,14:12,14:17,快速
K36,3,1004,南京,16:06,16:24,快速
K36,4,1037,芜湖,19:48,NULL,快速
K1220,1,1021,宁波,NULL,13:54,快速
K1220,2,1022,杭州,16:44,16:58,快速
K1220,3,1033,宣城,19:43,19:47,快速
K1220,4,1037,芜湖,20:41,21:18,快速
K1220,5,1040,铜陵,22:48,NULL,快速
K1191,1,1004,南京,NULL,19:41,快速
K1191,2,1037,芜湖,21:30,21:36,快速
K1191,3,1040,铜陵,23:11,NULL,快速
K1328,1,1015,苏州,NULL,16:49,快速
K1328,2,1009,常州,17:49,17:53,快速
K1328,3,1004,南京,20:14,20:32,快速
K1328,4,1037,芜湖,22:39,NULL,快速
K136,1,1006,南通,NULL,18:34,快速
K136,2,1004,南京,21:52,22:08,快速
K136,3,1037,芜湖,23:59,00:05,快速
K136,4,1040,铜陵,01:27,NULL,快速
K677,1,1011,徐州,NULL,18:21,快速
K677,2,1038,蚌埠,20:15,20:21,快速
K677,3,1030,合肥,22:30,22:45,快速
K677,4,1037,芜湖,00:25,00:31,快速
K677,5,1040,铜陵,02:18,NULL,快速
K92,1,1030,合肥,NULL,12:57,快速
K92,2,1038,蚌埠,15:12,16:01,快速
K92,3,1006,南通,21:25,NULL,快速
K614,1,1018,连云港东,NULL,17:38,快速
K614,2,1017,连云港,18:06,18:12,快速
K614,3,1013,新沂,19:10,19:13,快速
K614,4,1011,徐州,20:37,20:48,快速
K614,5,1042,阜阳,23:44,23:58,快速
K614,6,1034,淮南,01:18,01:23,快速
K614,7,1030,合肥,02:27,NULL,快速
K1192,1,1040,铜陵,NULL,14:40,快速
K1192,2,1037,芜湖,16:04,16:10,快速
K1192,3,1004,南京,18:30,NULL,快速
D3398,1,1045,黄山北,NULL,14:03,动车组
D3398,2,1023,杭州东,15:50,NULL,动车组
G2382,1,1045,黄山北,NULL,14:28,高速动车
G2382,2,1023,杭州东,16:18,NULL,高速动车
K876,1,1042,阜阳,NULL,18:49,快速
K876,2,1011,徐州,22:14,22:28,快速
K876,3,1013,新沂,23:58,NULL,快速
G2389,1,1023,杭州东,NULL,07:39,高速动车
G2389,2,1045,黄山北,09:24,NULL,高速动车
K424,1,1027,衢州,NULL,17:26,快速
K424,2,1028,金华,18:22,18:28,快速
K424,3,1021,宁波,22:27,NULL,快速
K878,1,1013,新沂,NULL,02:23,快速
K878,2,1011,徐州,04:20,04:30,快速
K878,3,1042,阜阳,07:37,NULL,快速
G2390,1,1045,黄山北,NULL,17:15,高速动车
G2390,2,1023,杭州东,19:02,NULL,高速动车
K612,1,1030,合肥,NULL,22:13,快速
K612,2,1034,淮南,23:14,23:18,快速
K612,3,1042,阜阳,00:52,01:12,快速
K612,4,1011,徐州,04:02,04:16,快速
K612,5,1013,新沂,05:40,05:43,快速
K612,6,1017,连云港,06:42,06:53,快速
K612,7,1018,连云港东,07:21,NULL,快速
K422,1,1021,宁波,NULL,07:39,快速
K422,2,1028,金华,12:09,12:16,快速
K422,3,1027,衢州,13:08,NULL,快速
K492,1,1030,合肥,NULL,22:53,快速
K492,2,1038,蚌埠,00:50,00:53,快速
K492,3,1011,徐州,03:24,NULL,快速
K675,1,1040,铜陵,NULL,00:20,快速
K675,2,1037,芜湖,02:22,02:42,快速
K675,3,1030,合肥,04:10,04:23,快速
K675,4,1038,蚌埠,07:17,07:24,快速
K675,5,1011,徐州,09:20,NULL,快速
D3397,1,1023,杭州东,NULL,16:19,动车组
D3397,2,1045,黄山北,18:17,NULL,动车组
G2381,1,1023,杭州东,NULL,16:47,高速动车
G2381,2,1045,黄山北,18:36,NULL,高速动车
K1218,1,1040,铜陵,NULL,01:53,快速
K1218,2,1037,芜湖,03:13,03:33,快速
K1218,3,1033,宣城,04:28,04:31,快速
K1218,4,1022,杭州,07:10,07:24,快速
K1218,5,1021,宁波,10:24,NULL,快速
K138,1,1040,铜陵,NULL,02:44,快速
K138,2,1037,芜湖,04:24,04:30,快速
K138,3,1004,南京,06:54,07:10,快速
K138,4,1006,南通,11:20,NULL,快速
K1326,1,1037,芜湖,NULL,05:00,快速
K1326,2,1004,南京,07:18,07:35,快速
K1326,3,1009,常州,09:12,09:16,快速
K1326,4,1015,苏州,10:37,NULL,快速
K491,1,1011,徐州,NULL,15:23,快速
K491,2,1038,蚌埠,17:12,17:15,快速
K491,3,1030,合肥,18:55,NULL,快速
K1198,1,1042,阜阳,NULL,02:58,快速
K1198,2,1011,徐州,06:18,NULL,快速
K1196,1,1011,徐州,NULL,05:34,快速
K1196,2,1042,阜阳,08:17,NULL,快速
K468,1,1030,合肥,NULL,05:08,快速
K468,2,1037,芜湖,06:47,06:53,快速
K468,3,1033,宣城,07:46,07:50,快速
K468,4,1022,杭州,11:03,11:17,快速
K468,5,1021,宁波,14:35,NULL,快速
K1160,1,1011,徐州,NULL,10:58,快速
K1160,2,1013,新沂,12:27,NULL,快速
K1152,1,1022,杭州,NULL,13:43,快速
K1152,2,1033,宣城,16:27,16:30,快速
K1152,3,1037,芜湖,17:23,17:29,快速
K1152,4,1030,合肥,19:32,NULL,快速
K168,1,1030,合肥,NULL,06:07,快速
K168,2,1037,芜湖,07:48,07:55,快速
K168,3,1033,宣城,08:47,08:50,快速
K168,4,1022,杭州,11:41,11:56,快速
K168,5,1021,宁波,15:14,NULL,快速
K1040,1,1021,宁波,NULL,12:52,快速
K1040,2,1022,杭州,15:45,16:00,快速
K1040,3,1033,宣城,18:34,18:38,快速
K1040,4,1037,芜湖,19:33,19:39,快速
K1040,5,1030,合肥,21:15,NULL,快速
K1154,1,1030,合肥,NULL,06:32,快速
K1154,2,1037,芜湖,08:06,08:12,快速
K1154,3,1033,宣城,09:04,09:07,快速
K1154,4,1022,杭州,12:22,NULL,快速
K466,1,1021,宁波,NULL,13:31,快速
K466,2,1022,杭州,16:18,16:38,快速
K466,3,1033,宣城,19:06,19:09,快速
K466,4,1037,芜湖,20:04,20:10,快速
K466,5,1030,合肥,21:45,NULL,快速
K1162,1,1013,新沂,NULL,17:12,快速
K1162,2,1011,徐州,18:43,NULL,快速
K655,1,1030,合肥,NULL,12:24,快速
K655,2,1037,芜湖,14:08,14:15,快速
K655,3,1033,宣城,15:07,15:10,快速
K655,4,1022,杭州,17:46,NULL,快速
K166,1,1021,宁波,NULL,18:03,快速
K166,2,1022,杭州,20:47,20:59,快速
K166,3,1033,宣城,23:45,23:49,快速
K166,4,1030,合肥,02:37,NULL,快速
K656,1,1022,杭州,NULL,21:47,快速
K656,2,1033,宣城,00:20,00:23,快速
K656,3,1037,芜湖,01:16,01:22,快速
K656,4,1030,合肥,02:52,NULL,快速
K390,1,1030,合肥,NULL,23:26,快速
K390,2,1037,芜湖,01:32,01:38,快速
K390,3,1022,杭州,05:26,NULL,快速
K1042,1,1030,合肥,NULL,22:58,快速
K1042,2,1022,杭州,03:47,04:00,快速
K1042,3,1021,宁波,06:40,NULL,快速
K392,1,1022,杭州,NULL,08:10,快速
K392,2,1033,宣城,11:03,11:08,快速
K392,3,1037,芜湖,12:22,12:28,快速
K392,4,1030,合肥,13:56,NULL,快速
T238,1,1030,合肥,NULL,02:28,特快
T238,2,1037,芜湖,03:56,04:21,特快
T238,3,1004,南京,06:16,06:35,特快
T238,4,1009,常州,08:17,08:33,特快
T238,5,1015,苏州,09:33,NULL,特快
T236,1,1015,苏州,NULL,11:42,特快
T236,2,1009,常州,12:33,12:36,特快
T236,3,1004,南京,13:57,14:09,特快
T236,4,1037,芜湖,16:17,16:46,特快
T236,5,1030,合肥,18:18,NULL,特快
G1793,1,1031,合肥南,NULL,11:46,高速动车
G1793,2,1037,芜湖,12:45,12:47,高速动车
G1793,3,1033,宣城,13:21,13:24,高速动车
G1793,4,1023,杭州东,14:31,NULL,高速动车
G2688,1,1014,盐城,NULL,07:05,高速动车
G2688,2,1012,徐州东,08:56,NULL,高速动车
G2690,1,1012,徐州东,NULL,22:08,高速动车
G2690,2,1014,盐城,23:39,NULL,高速动车
G1794,1,1023,杭州东,NULL,16:28,高速动车
G1794,2,1033,宣城,17:32,17:34,高速动车
G1794,3,1037,芜湖,18:01,18:03,高速动车
G1794,4,1031,合肥南,18:55,NULL,高速动车
K101,1,1011,徐州,NULL,10:03,快速
K101,2,1038,蚌埠,11:45,11:49,快速
K101,3,1004,南京,13:47,13:55,快速
K101,4,1037,芜湖,16:07,16:13,快速
K101,5,1033,宣城,17:05,17:08,快速
K101,6,1022,杭州,20:24,20:41,快速
K101,7,1029,金华南,23:09,23:47,快速
K101,8,1025,温州,05:49,NULL,快速
T244,1,1011,徐州,NULL,09:32,特快
T244,2,1038,蚌埠,11:08,11:13,特快
T244,3,1030,合肥,12:55,NULL,特快
K1986,1,1011,徐州,NULL,14:27,快速
K1986,2,1038,蚌埠,16:21,16:28,快速
K1986,3,1006,南通,21:56,NULL,快速
K68,1,1042,阜阳,NULL,07:29,快速
K68,2,1011,徐州,10:14,NULL,快速
Z178,1,1011,徐州,NULL,20:23,直达特快
Z178,2,1038,蚌埠,21:51,21:59,直达特快
Z178,3,1004,南京,23:57,00:03,直达特快
Z178,4,1009,常州,01:22,01:26,直达特快
Z178,5,1015,苏州,02:31,02:36,直达特快
Z178,6,1022,杭州,05:54,NULL,直达特快
K1984,1,1006,南通,NULL,10:01,快速
K1984,2,1038,蚌埠,15:36,15:53,快速
K1984,3,1011,徐州,17:39,NULL,快速
T242,1,1030,合肥,NULL,17:26,特快
T242,2,1038,蚌埠,19:19,19:25,特快
T242,3,1011,徐州,21:02,NULL,特快
Z176,1,1022,杭州,NULL,13:31,直达特快
Z176,2,1015,苏州,16:21,16:26,直达特快
Z176,3,1009,常州,17:17,17:20,直达特快
Z176,4,1004,南京,18:36,18:43,直达特快
Z176,5,1038,蚌埠,20:16,20:20,直达特快
Z176,6,1011,徐州,21:48,NULL,直达特快
Z290,1,1021,宁波,NULL,20:18,直达特快
Z290,2,1028,金华,23:59,NULL,直达特快
K420,1,1011,徐州,NULL,06:25,快速
K420,2,1013,新沂,07:42,07:45,快速
K420,3,1014,盐城,10:37,NULL,快速
T112,1,1022,杭州,NULL,10:23,特快
T112,2,1015,苏州,13:08,13:12,特快
T112,3,1009,常州,14:04,14:08,特快
T112,4,1004,南京,15:32,15:40,特快
T112,5,1038,蚌埠,17:27,17:31,特快
T112,6,1011,徐州,19:14,NULL,特快
T114,1,1011,徐州,NULL,09:22,特快
T114,2,1038,蚌埠,11:01,11:05,特快
T114,3,1004,南京,13:05,13:11,特快
T114,4,1009,常州,14:34,14:37,特快
T114,5,1015,苏州,15:37,15:40,特快
T114,6,1022,杭州,18:54,NULL,特快
K419,1,1014,盐城,NULL,18:05,快速
K419,2,1013,新沂,21:18,21:23,快速
K419,3,1011,徐州,23:09,NULL,快速
G2686,1,1012,徐州东,NULL,14:21,高速动车
G2686,2,1017,连云港,16:40,NULL,高速动车
G1904,1,1043,阜阳西,NULL,15:18,高速动车
G1904,2,1036,淮南南,15:58,16:00,高速动车
G1904,3,1031,合肥南,16:38,16:44,高速动车
G1904,4,1041,铜陵北,17:39,17:43,高速动车
G1904,5,1045,黄山北,18:49,NULL,高速动车
G4298,1,1043,阜阳西,NULL,15:41,高速动车
G4298,2,1036,淮南南,16:14,16:16,高速动车
G4298,3,1031,合肥南,16:54,17:00,高速动车
G4298,4,1037,芜湖,17:44,17:46,高速动车
G4298,5,1033,宣城,18:14,18:16,高速动车
G4298,6,1023,杭州东,19:23,NULL,高速动车
G1876,1,1043,阜阳西,NULL,19:35,高速动车
G1876,2,1036,淮南南,20:08,20:10,高速动车
G1876,3,1031,合肥南,20:48,21:03,高速动车
G1876,4,1037,芜湖,21:47,21:49,高速动车
G1876,5,1033,宣城,22:17,22:19,高速动车
G1876,6,1023,杭州东,23:16,NULL,高速动车
G1874,1,1023,杭州东,NULL,06:29,高速动车
G1874,2,1033,宣城,07:33,07:35,高速动车
G1874,3,1037,芜湖,08:02,08:04,高速动车
G1874,4,1031,合肥南,08:50,08:54,高速动车
G1874,5,1036,淮南南,09:33,09:35,高速动车
G1874,6,1043,阜阳西,10:15,NULL,高速动车
G1902,1,1045,黄山北,NULL,10:49,高速动车
G1902,2,1041,铜陵北,11:44,11:46,高速动车
G1902,3,1031,合肥南,12:30,12:36,高速动车
G1902,4,1036,淮南南,13:15,13:18,高速动车
G1902,5,1043,阜阳西,13:58,NULL,高速动车
G4296,1,1023,杭州东,NULL,10:48,高速动车
G4296,2,1033,宣城,11:51,11:53,高速动车
G4296,3,1037,芜湖,12:20,12:22,高速动车
G4296,4,1031,合肥南,13:08,13:16,高速动车
G4296,5,1036,淮南南,13:55,13:57,高速动车
G4296,6,1043,阜阳西,14:37,NULL,高速动车
G2684,1,1017,连云港,NULL,13:23,高速动车
G2684,2,1012,徐州东,15:47,NULL,高速动车
G1836,1,1012,徐州东,NULL,18:22,高速动车
G1836,2,1017,连云港,20:34,NULL,高速动车
G2680,1,1012,徐州东,NULL,19:42,高速动车
G2680,2,1014,盐城,21:32,NULL,高速动车
G2682,1,1014,盐城,NULL,11:17,高速动车
G2682,2,1012,徐州东,13:12,NULL,高速动车
D2272,1,1031,合肥南,NULL,17:10,动车组
D2272,2,1005,南京南,17:58,NULL,动车组
D2373,1,1005,南京南,NULL,07:16,动车组
D2373,2,1031,合肥南,08:04,NULL,动车组
D2254,1,1005,南京南,NULL,08:42,动车组
D2254,2,1031,合肥南,09:30,NULL,动车组
D2222,1,1023,杭州东,NULL,08:13,动车组
D2222,2,1005,南京南,09:47,09:52,动车组
D2222,3,1031,合肥南,10:41,NULL,动车组
D656,1,1021,宁波,NULL,07:18,动车组
D656,2,1023,杭州东,08:22,08:25,动车组
D656,3,1033,宣城,09:50,09:53,动车组
D656,4,1037,芜湖,10:20,10:22,动车组
D656,5,1031,合肥南,11:17,NULL,动车组
D2262,1,1023,杭州东,NULL,09:10,动车组
D2262,2,1033,宣城,10:12,10:14,动车组
D2262,3,1037,芜湖,10:41,10:43,动车组
D2262,4,1031,合肥南,11:58,NULL,动车组
D2268,1,1006,南通,NULL,09:10,动车组
D2268,2,1031,合肥南,12:18,NULL,动车组
D2271,1,1005,南京南,NULL,12:11,动车组
D2271,2,1031,合肥南,12:59,NULL,动车组
K646,1,1027,衢州,NULL,02:36,快速
K646,2,1028,金华,03:53,04:04,快速
K646,3,1022,杭州,08:07,08:20,快速
K646,4,1033,宣城,11:52,11:58,快速
K646,5,1037,芜湖,12:56,13:02,快速
K646,6,1004,南京,14:51,15:03,快速
K646,7,1038,蚌埠,17:04,17:14,快速
K646,8,1011,徐州,18:58,NULL,快速
T36,1,1030,合肥,NULL,18:20,特快
T36,2,1038,蚌埠,20:03,20:07,特快
T36,3,1011,徐州,21:58,NULL,特快
Z157,1,1014,盐城,NULL,18:45,直达特快
Z157,2,1011,徐州,22:42,NULL,直达特快
D718,1,1022,杭州,NULL,17:30,动车组
D718,2,1004,南京,21:29,NULL,动车组
Z52,1,1006,南通,NULL,18:26,直达特快
Z52,2,1014,盐城,20:30,20:35,直达特快
Z52,3,1011,徐州,00:29,NULL,直达特快
Z140,1,1006,南通,NULL,18:09,直达特快
Z140,2,1014,盐城,19:58,20:03,直达特快
Z140,3,1011,徐州,00:52,NULL,直达特快
Z227,1,1030,合肥,NULL,21:40,直达特快
Z227,2,1042,阜阳,00:29,NULL,直达特快
K1614,1,1018,连云港东,NULL,17:56,快速
K1614,2,1017,连云港,18:22,18:26,快速
K1614,3,1013,新沂,19:24,19:27,快速
K1614,4,1011,徐州,20:50,NULL,快速
T217,1,1014,盐城,NULL,21:33,特快
T217,2,1011,徐州,01:36,NULL,特快
K645,1,1011,徐州,NULL,21:27,快速
K645,2,1038,蚌埠,23:16,23:22,快速
K645,3,1004,南京,01:22,01:33,快速
K645,4,1037,芜湖,03:11,03:20,快速
K645,5,1033,宣城,04:17,04:20,快速
K645,6,1022,杭州,07:02,07:17,快速
K645,7,1028,金华,09:18,09:24,快速
K645,8,1027,衢州,10:30,NULL,快速
K1613,1,1011,徐州,NULL,21:12,快速
K1613,2,1013,新沂,22:36,22:39,快速
K1613,3,1017,连云港,23:39,NULL,快速
Z139,1,1011,徐州,NULL,02:11,直达特快
Z139,2,1014,盐城,06:59,07:02,直达特快
Z139,3,1006,南通,09:01,NULL,直达特快
Z51,1,1011,徐州,NULL,02:01,直达特快
Z51,2,1014,盐城,06:01,06:05,直达特快
Z51,3,1006,南通,08:19,NULL,直达特快
D717,1,1004,南京,NULL,04:52,动车组
D717,2,1022,杭州,08:47,NULL,动车组
T215,1,1011,徐州,NULL,03:31,特快
T215,2,1014,盐城,07:37,NULL,特快
T35,1,1011,徐州,NULL,03:39,特快
T35,2,1038,蚌埠,05:35,05:56,特快
T35,3,1030,合肥,07:36,NULL,特快
Z158,1,1011,徐州,NULL,04:41,直达特快
Z158,2,1014,盐城,08:33,NULL,直达特快
Z225,1,1042,阜阳,NULL,04:49,直达特快
Z225,2,1030,合肥,07:40,NULL,直达特快
G261,1,1012,徐州东,NULL,10:08,高速动车
G261,2,1039,蚌埠南,10:56,10:58,高速动车
G261,3,1035,淮南东,11:14,11:16,高速动车
G261,4,1030,合肥,11:43,NULL,高速动车
G57,1,1012,徐州东,NULL,10:25,高速动车
G57,2,1005,南京南,11:47,11:49,高速动车
G57,3,1023,杭州东,13:05,13:07,高速动车
G57,4,1021,宁波,14:08,NULL,高速动车
G481,1,1017,连云港,NULL,12:41,高速动车
G481,2,1014,盐城,14:18,NULL,高速动车
G265,1,1012,徐州东,NULL,10:50,高速动车
G265,2,1039,蚌埠南,11:28,11:30,高速动车
G265,3,1031,合肥南,12:28,12:31,高速动车
G265,4,1045,黄山北,14:13,NULL,高速动车
G19,1,1005,南京南,NULL,11:26,高速动车
G19,2,1023,杭州东,12:38,NULL,高速动车
G55,1,1012,徐州东,NULL,11:21,高速动车
G55,2,1005,南京南,12:42,12:44,高速动车
G55,3,1023,杭州东,13:53,14:05,高速动车
G55,4,1021,宁波,14:54,14:57,高速动车
G55,5,1026,温州南,16:47,NULL,高速动车
G165,1,1005,南京南,NULL,12:21,高速动车
G165,2,1023,杭州东,13:30,NULL,高速动车
G263,1,1012,徐州东,NULL,11:43,高速动车
G263,2,1035,淮南东,12:31,12:34,高速动车
G263,3,1031,合肥南,13:13,NULL,高速动车
G31,1,1012,徐州东,NULL,13:23,高速动车
G31,2,1005,南京南,14:31,14:33,高速动车
G31,3,1023,杭州东,15:35,NULL,高速动车
G262,1,1031,合肥南,NULL,07:05,高速动车
G262,2,1035,淮南东,07:43,07:45,高速动车
G262,3,1039,蚌埠南,08:02,08:04,高速动车
G262,4,1012,徐州东,08:47,NULL,高速动车
G204,1,1005,南京南,NULL,07:16,高速动车
G204,2,1039,蚌埠南,08:11,08:13,高速动车
G204,3,1012,徐州东,08:51,NULL,高速动车
G20,1,1023,杭州东,NULL,07:48,高速动车
G20,2,1005,南京南,08:56,NULL,高速动车
G167,1,1012,徐州东,NULL,15:52,高速动车
G167,2,1039,蚌埠南,16:29,16:31,高速动车
G167,3,1005,南京南,17:13,17:15,高速动车
G167,4,1023,杭州东,18:38,18:41,高速动车
G167,5,1021,宁波,19:40,19:43,高速动车
G167,6,1026,温州南,21:41,NULL,高速动车
G1570,1,1014,盐城,NULL,07:15,高速动车
G1570,2,1012,徐州东,09:17,NULL,高速动车
G23,1,1031,合肥南,NULL,16:50,高速动车
G23,2,1037,芜湖,17:35,NULL,高速动车
G34,1,1023,杭州东,NULL,06:54,高速动车
G34,2,1005,南京南,08:30,08:33,高速动车
G34,3,1012,徐州东,09:53,NULL,高速动车
G419,1,1012,徐州东,NULL,17:08,高速动车
G419,2,1039,蚌埠南,18:02,18:04,高速动车
G419,3,1005,南京南,18:46,18:51,高速动车
G419,4,1023,杭州东,20:13,20:25,高速动车
G419,5,1021,宁波,21:19,NULL,高速动车
G59,1,1012,徐州东,NULL,16:48,高速动车
G59,2,1039,蚌埠南,17:26,17:28,高速动车
G59,3,1005,南京南,18:09,18:11,高速动车
G59,4,1023,杭州东,19:28,19:30,高速动车
G59,5,1021,宁波,20:29,NULL,高速动车
G266,1,1030,合肥,NULL,09:07,高速动车
G266,2,1035,淮南东,09:33,09:35,高速动车
G266,3,1039,蚌埠南,09:52,09:55,高速动车
G266,4,1012,徐州东,10:46,NULL,高速动车
G43,1,1012,徐州东,NULL,16:58,高速动车
G43,2,1031,合肥南,18:23,18:27,高速动车
G43,3,1037,芜湖,19:11,19:13,高速动车
G43,4,1033,宣城,19:41,19:43,高速动车
G43,5,1023,杭州东,20:49,NULL,高速动车
G352,1,1045,黄山北,NULL,08:00,高速动车
G352,2,1041,铜陵北,09:02,09:04,高速动车
G352,3,1031,合肥南,09:48,09:51,高速动车
G352,4,1039,蚌埠南,10:48,10:50,高速动车
G352,5,1012,徐州东,11:26,NULL,高速动车
G58,1,1021,宁波,NULL,07:45,高速动车
G58,2,1023,杭州东,08:45,08:50,高速动车
G58,3,1005,南京南,10:06,10:11,高速动车
G58,4,1012,徐州东,11:34,NULL,高速动车
G36,1,1023,杭州东,NULL,08:59,高速动车
G36,2,1005,南京南,10:22,10:29,高速动车
G36,3,1012,徐州东,11:52,NULL,高速动车
G35,1,1012,徐州东,NULL,18:05,高速动车
G35,2,1039,蚌埠南,18:42,18:49,高速动车
G35,3,1005,南京南,19:30,19:32,高速动车
G35,4,1023,杭州东,20:54,NULL,高速动车
G161,1,1012,徐州东,NULL,18:09,高速动车
G161,2,1039,蚌埠南,18:56,18:58,高速动车
G161,3,1035,淮南东,19:14,19:16,高速动车
G161,4,1031,合肥南,20:02,20:05,高速动车
G161,5,1041,铜陵北,20:55,20:57,高速动车
G161,6,1040,铜陵,21:12,21:14,高速动车
G161,7,1032,安庆,21:55,NULL,高速动车
G45,1,1012,徐州东,NULL,18:37,高速动车
G45,2,1005,南京南,19:50,19:54,高速动车
G45,3,1023,杭州东,21:25,21:40,高速动车
G45,4,1028,金华,22:38,22:40,高速动车
G45,5,1027,衢州,23:01,NULL,高速动车
G24,1,1031,合肥南,NULL,11:42,高速动车
G24,2,1039,蚌埠南,12:32,NULL,高速动车
G46,1,1027,衢州,NULL,08:23,高速动车
G46,2,1028,金华,08:44,08:46,高速动车
G46,3,1023,杭州东,09:44,09:50,高速动车
G46,4,1005,南京南,11:14,11:17,高速动车
G46,5,1012,徐州东,12:34,NULL,高速动车
G37,1,1012,徐州东,NULL,19:08,高速动车
G37,2,1039,蚌埠南,19:55,19:57,高速动车
G37,3,1005,南京南,20:40,20:44,高速动车
G37,4,1023,杭州东,22:07,NULL,高速动车
G42,1,1023,杭州东,NULL,09:22,高速动车
G42,2,1033,宣城,10:19,10:21,高速动车
G42,3,1037,芜湖,10:48,10:50,高速动车
G42,4,1031,合肥南,11:35,11:37,高速动车
G42,5,1012,徐州东,13:13,NULL,高速动车
G273,1,1012,徐州东,NULL,19:40,高速动车
G273,2,1039,蚌埠南,20:17,20:19,高速动车
G273,3,1005,南京南,21:00,21:05,高速动车
G273,4,1023,杭州东,22:13,22:17,高速动车
G273,5,1021,宁波,23:00,NULL,高速动车
G162,1,1032,安庆,NULL,10:08,高速动车
G162,2,1040,铜陵,10:49,10:51,高速动车
G162,3,1041,铜陵北,11:05,11:07,高速动车
G162,4,1031,合肥南,11:58,12:00,高速动车
G162,5,1035,淮南东,12:40,12:42,高速动车
G162,6,1039,蚌埠南,12:59,13:01,高速动车
G162,7,1012,徐州东,13:40,NULL,高速动车
G274,1,1021,宁波,NULL,10:23,高速动车
G274,2,1023,杭州东,11:22,11:25,高速动车
G274,3,1005,南京南,12:26,12:28,高速动车
G274,4,1039,蚌埠南,13:09,13:11,高速动车
G274,5,1012,徐州东,13:48,NULL,高速动车
G420,1,1021,宁波,NULL,09:31,高速动车
G420,2,1023,杭州东,10:27,10:32,高速动车
G420,3,1005,南京南,12:12,12:21,高速动车
G420,4,1039,蚌埠南,13:03,13:05,高速动车
G420,5,1012,徐州东,13:53,NULL,高速动车
G267,1,1012,徐州东,NULL,20:43,高速动车
G267,2,1039,蚌埠南,21:31,21:33,高速动车
G267,3,1035,淮南东,21:49,21:51,高速动车
G267,4,1031,合肥南,22:30,NULL,高速动车
G32,1,1023,杭州东,NULL,13:00,高速动车
G32,2,1005,南京南,14:01,14:04,高速动车
G32,3,1039,蚌埠南,14:44,NULL,高速动车
G1569,1,1012,徐州东,NULL,21:06,高速动车
G1569,2,1014,盐城,23:09,NULL,高速动车
G38,1,1028,金华,NULL,10:38,高速动车
G38,2,1023,杭州东,11:30,11:34,高速动车
G38,3,1005,南京南,12:56,13:02,高速动车
G38,4,1039,蚌埠南,13:55,13:57,高速动车
G38,5,1012,徐州东,14:35,NULL,高速动车
G168,1,1026,温州南,NULL,08:30,高速动车
G168,2,1021,宁波,10:33,10:38,高速动车
G168,3,1023,杭州东,11:35,11:39,高速动车
G168,4,1005,南京南,13:12,13:22,高速动车
G168,5,1039,蚌埠南,14:10,14:12,高速动车
G168,6,1012,徐州东,14:49,NULL,高速动车
G203,1,1012,徐州东,NULL,21:56,高速动车
G203,2,1005,南京南,23:10,NULL,高速动车
G56,1,1026,温州南,NULL,10:02,高速动车
G56,2,1021,宁波,11:53,11:55,高速动车
G56,3,1023,杭州东,12:42,12:47,高速动车
G56,4,1005,南京南,14:19,14:27,高速动车
G56,5,1039,蚌埠南,15:09,15:12,高速动车
G56,6,1012,徐州东,15:50,NULL,高速动车
G39,1,1005,南京南,NULL,22:19,高速动车
G39,2,1023,杭州东,23:22,NULL,高速动车
G269,1,1039,蚌埠南,NULL,22:42,高速动车
G269,2,1035,淮南东,22:58,23:00,高速动车
G269,3,1031,合肥南,23:39,NULL,高速动车
G166,1,1023,杭州东,NULL,15:12,高速动车
G166,2,1005,南京南,16:38,16:43,高速动车
G166,3,1012,徐州东,17:56,NULL,高速动车
G270,1,1045,黄山北,NULL,14:35,高速动车
G270,2,1031,合肥南,16:18,16:22,高速动车
G270,3,1035,淮南东,17:01,17:03,高速动车
G270,4,1039,蚌埠南,17:20,17:24,高速动车
G270,5,1012,徐州东,18:00,NULL,高速动车
G60,1,1021,宁波,NULL,14:38,高速动车
G60,2,1023,杭州东,15:40,15:43,高速动车
G60,3,1005,南京南,16:59,17:02,高速动车
G60,4,1039,蚌埠南,17:43,17:45,高速动车
G60,5,1012,徐州东,18:23,NULL,高速动车
G482,1,1014,盐城,NULL,14:55,高速动车
G482,2,1017,连云港,16:30,NULL,高速动车
G272,1,1033,宣城,NULL,16:50,高速动车
G272,2,1037,芜湖,17:24,17:27,高速动车
G272,3,1031,合肥南,18:13,NULL,高速动车
G40,1,1023,杭州东,NULL,19:00,高速动车
G40,2,1005,南京南,20:04,NULL,高速动车
G30,1,1037,芜湖,NULL,19:06,高速动车
G30,2,1031,合肥南,19:52,NULL,高速动车
K1072,1,1030,合肥,NULL,21:12,快速
K1072,2,1034,淮南,22:31,22:35,快速
K1072,3,1042,阜阳,00:01,NULL,快速
K1071,1,1042,阜阳,NULL,22:45,快速
K1071,2,1034,淮南,00:24,00:29,快速
K1071,3,1030,合肥,01:50,NULL,快速
1150,1,1018,连云港东,NULL,16:15,普快
1150,2,1017,连云港,16:43,16:46,普快
1150,3,1013,新沂,17:47,17:51,普快
1150,4,1011,徐州,19:40,NULL,普快
G3198,1,1043,阜阳西,NULL,11:37,高速动车
G3198,2,1031,合肥南,12:44,12:59,高速动车
G3198,3,1037,芜湖,13:43,13:45,高速动车
G3198,4,1033,宣城,14:13,14:16,高速动车
G3198,5,1023,杭州东,15:06,NULL,高速动车
G2678,1,1012,徐州东,NULL,12:11,高速动车
G2678,2,1017,连云港,14:46,NULL,高速动车
G1896,1,1043,阜阳西,NULL,12:54,高速动车
G1896,2,1036,淮南南,13:27,13:29,高速动车
G1896,3,1031,合肥南,14:07,14:11,高速动车
G1896,4,1037,芜湖,14:55,14:57,高速动车
G1896,5,1033,宣城,15:25,15:27,高速动车
G1896,6,1023,杭州东,16:31,16:37,高速动车
G1896,7,1021,宁波,17:38,17:44,高速动车
G1896,8,1026,温州南,19:37,NULL,高速动车
G3162,1,1043,阜阳西,NULL,13:44,高速动车
G3162,2,1036,淮南南,14:24,14:28,高速动车
G3162,3,1031,合肥南,15:06,15:14,高速动车
G3162,4,1037,芜湖,15:58,16:00,高速动车
G3162,5,1033,宣城,16:28,16:30,高速动车
G3162,6,1023,杭州东,17:27,NULL,高速动车
G3168,1,1031,合肥南,NULL,07:00,高速动车
G3168,2,1036,淮南南,07:39,07:41,高速动车
G3168,3,1043,阜阳西,08:28,NULL,高速动车
G1886,1,1005,南京南,NULL,08:07,高速动车
G1886,2,1039,蚌埠南,08:59,09:01,高速动车
G1886,3,1012,徐州东,09:37,NULL,高速动车
G1884,1,1043,阜阳西,NULL,17:57,高速动车
G1884,2,1031,合肥南,19:04,19:08,高速动车
G1884,3,1037,芜湖,19:52,19:54,高速动车
G1884,4,1033,宣城,20:22,20:24,高速动车
G1884,5,1023,杭州东,21:15,21:30,高速动车
G1884,6,1029,金华南,22:22,NULL,高速动车
G1882,1,1029,金华南,NULL,07:00,高速动车
G1882,2,1024,杭州南,07:40,07:42,高速动车
G1882,3,1023,杭州东,07:52,07:58,高速动车
G1882,4,1033,宣城,08:56,08:58,高速动车
G1882,5,1037,芜湖,09:25,09:27,高速动车
G1882,6,1031,合肥南,10:13,10:17,高速动车
G1882,7,1036,淮南南,10:56,10:58,高速动车
G1882,8,1043,阜阳西,11:33,NULL,高速动车
G1880,1,1043,阜阳西,NULL,20:51,高速动车
G1880,2,1036,淮南南,21:31,21:33,高速动车
G1880,3,1031,合肥南,22:11,NULL,高速动车
G1894,1,1026,温州南,NULL,08:22,高速动车
G1894,2,1021,宁波,10:16,10:18,高速动车
G1894,3,1023,杭州东,11:17,11:19,高速动车
G1894,4,1033,宣城,12:23,12:25,高速动车
G1894,5,1037,芜湖,12:52,12:54,高速动车
G1894,6,1031,合肥南,13:40,13:48,高速动车
G1894,7,1036,淮南南,14:27,14:29,高速动车
G1894,8,1043,阜阳西,15:02,NULL,高速动车
G2677,1,1017,连云港,NULL,15:35,高速动车
G2677,2,1012,徐州东,18:06,NULL,高速动车
K1149,1,1011,徐州,NULL,00:20,快速
K1149,2,1038,蚌埠,02:23,02:27,快速
K1149,3,1004,南京,04:26,04:34,快速
K1149,4,1009,常州,06:48,06:52,快速
K1149,5,1015,苏州,07:52,NULL,快速
T151,1,1004,南京,NULL,07:02,特快
T151,2,1037,芜湖,09:24,09:30,特快
T151,3,1033,宣城,10:22,10:32,特快
T151,4,1044,黄山,16:16,NULL,特快
Z88,1,1004,南京,NULL,07:26,直达特快
Z88,2,1015,苏州,09:13,09:17,直达特快
Z88,3,1022,杭州,11:51,NULL,直达特快
D5436,1,1004,南京,NULL,08:07,动车组
D5436,2,1006,南通,10:48,10:52,动车组
D5436,3,1008,启东,11:40,NULL,动车组
T7772,1,1004,南京,NULL,08:13,特快
T7772,2,1014,盐城,11:43,NULL,特快
C3782,1,1006,南通,NULL,06:10,城际动车
C3782,2,1004,南京,08:47,NULL,城际动车
D5424,1,1004,南京,NULL,08:50,动车组
D5424,2,1006,南通,11:31,11:34,动车组
D5424,3,1008,启东,12:30,NULL,动车组
C3762,1,1006,南通,NULL,06:34,城际动车
C3762,2,1004,南京,09:11,NULL,城际动车
C3786,1,1006,南通,NULL,07:17,城际动车
C3786,2,1004,南京,09:29,NULL,城际动车
C3768,1,1004,南京,NULL,10:00,城际动车
C3768,2,1006,南通,12:43,NULL,城际动车
D5422,1,1008,启东,NULL,06:50,动车组
D5422,2,1006,南通,07:36,07:46,动车组
D5422,3,1004,南京,10:23,NULL,动车组
C3666,1,1014,盐城,NULL,07:39,城际动车
C3666,2,1004,南京,10:26,NULL,城际动车
T7775,1,1014,盐城,NULL,07:36,特快
T7775,2,1004,南京,10:35,NULL,特快
Z368,1,1011,徐州,NULL,07:16,直达特快
Z368,2,1038,蚌埠,08:35,08:40,直达特快
Z368,3,1004,南京,10:45,NULL,直达特快
C3659,1,1017,连云港,NULL,08:00,城际动车
C3659,2,1004,南京,10:49,NULL,城际动车
C3693,1,1012,徐州东,NULL,08:10,城际动车
C3693,2,1004,南京,11:20,NULL,城际动车
C3665,1,1004,南京,NULL,11:24,城际动车
C3665,2,1014,盐城,14:00,NULL,城际动车
C3657,1,1004,南京,NULL,11:41,城际动车
C3657,2,1017,连云港,14:31,NULL,城际动车
D5428,1,1004,南京,NULL,12:53,动车组
D5428,2,1006,南通,15:21,15:23,动车组
D5428,3,1008,启东,16:08,NULL,动车组
C3678,1,1014,盐城,NULL,10:42,城际动车
C3678,2,1004,南京,13:17,NULL,城际动车
K1150,1,1015,苏州,NULL,10:36,快速
K1150,2,1009,常州,11:35,11:39,快速
K1150,3,1004,南京,13:14,13:26,快速
K1150,4,1038,蚌埠,15:30,15:46,快速
K1150,5,1011,徐州,17:52,NULL,快速
T7782,1,1004,南京,NULL,13:34,特快
T7782,2,1014,盐城,16:33,NULL,特快
C3673,1,1004,南京,NULL,14:15,城际动车
C3673,2,1017,连云港,17:13,NULL,城际动车
C3651,1,1017,连云港,NULL,12:27,城际动车
C3651,2,1004,南京,15:05,NULL,城际动车
D5434,1,1008,启东,NULL,12:00,动车组
D5434,2,1006,南通,12:45,12:47,动车组
D5434,3,1004,南京,15:22,NULL,动车组
C3766,1,1006,南通,NULL,13:15,城际动车
C3766,2,1004,南京,15:46,NULL,城际动车
D5440,1,1004,南京,NULL,15:46,动车组
D5440,2,1006,南通,18:17,18:20,动车组
D5440,3,1008,启东,19:09,NULL,动车组
C3764,1,1004,南京,NULL,16:08,城际动车
C3764,2,1006,南通,18:41,NULL,城际动车
Z366,1,1004,南京,NULL,16:39,直达特快
Z366,2,1038,蚌埠,18:42,18:48,直达特快
Z366,3,1011,徐州,20:32,NULL,直达特快
C3661,1,1004,南京,NULL,16:46,城际动车
C3661,2,1017,连云港,19:32,NULL,城际动车
C3670,1,1014,盐城,NULL,14:43,城际动车
C3670,2,1004,南京,17:25,NULL,城际动车
D5426,1,1008,启东,NULL,14:00,动车组
D5426,2,1006,南通,14:46,14:50,动车组
D5426,3,1004,南京,17:42,NULL,动车组
D5432,1,1004,南京,NULL,18:12,动车组
D5432,2,1006,南通,20:50,21:00,动车组
D5432,3,1008,启东,21:46,NULL,动车组
C3669,1,1004,南京,NULL,18:18,城际动车
C3669,2,1014,盐城,21:02,NULL,城际动车
C3695,1,1004,南京,NULL,18:25,城际动车
C3695,2,1012,徐州东,21:37,NULL,城际动车
T7771,1,1014,盐城,NULL,15:08,特快
T7771,2,1004,南京,18:34,NULL,特快
C3788,1,1004,南京,NULL,19:30,城际动车
C3788,2,1006,南通,21:45,NULL,城际动车
T7776,1,1004,南京,NULL,19:36,特快
T7776,2,1014,盐城,22:47,NULL,特快
C3784,1,1004,南京,NULL,19:56,城际动车
C3784,2,1006,南通,22:27,NULL,城际动车
D5430,1,1008,启东,NULL,16:28,动车组
D5430,2,1006,南通,17:13,17:19,动车组
D5430,3,1004,南京,20:10,NULL,动车组
C3671,1,1017,连云港,NULL,17:42,城际动车
C3671,2,1004,南京,20:15,NULL,城际动车
Z86,1,1022,杭州,NULL,16:46,直达特快
Z86,2,1015,苏州,19:15,19:18,直达特快
Z86,3,1004,南京,21:07,NULL,直达特快
T152,1,1044,黄山,NULL,14:39,特快
T152,2,1033,宣城,18:15,18:21,特快
T152,3,1037,芜湖,19:14,19:20,特快
T152,4,1004,南京,22:12,NULL,特快
T7781,1,1014,盐城,NULL,18:55,特快
T7781,2,1004,南京,22:30,NULL,特快
D5438,1,1008,启东,NULL,19:30,动车组
D5438,2,1006,南通,20:15,20:18,动车组
D5438,3,1004,南京,22:55,NULL,动车组
D3239,1,1005,南京南,NULL,06:14,动车组
D3239,2,1023,杭州东,07:24,07:28,动车组
D3239,3,1021,宁波,08:31,08:38,动车组
D3239,4,1026,温州南,10:28,NULL,动车组
D5641,1,1005,南京南,NULL,07:00,动车组
D5641,2,1037,芜湖,07:37,NULL,动车组
G1113,1,1005,南京南,NULL,07:24,高速动车
G1113,2,1031,合肥南,08:18,NULL,高速动车
C3883,1,1005,南京南,NULL,07:42,城际动车
C3883,2,1014,盐城,10:16,NULL,城际动车
D3295,1,1005,南京南,NULL,07:51,动车组
D3295,2,1023,杭州东,09:36,09:39,动车组
D3295,3,1021,宁波,10:53,10:58,动车组
D3295,4,1026,温州南,12:54,NULL,动车组
G7612,1,1031,合肥南,NULL,07:16,高速动车
G7612,2,1005,南京南,08:04,08:07,高速动车
G7612,3,1023,杭州东,09:23,09:25,高速动车
G7612,4,1021,宁波,10:29,10:31,高速动车
G7612,5,1026,温州南,12:22,NULL,高速动车
G7711,1,1005,南京南,NULL,08:10,高速动车
G7711,2,1037,芜湖,08:53,08:55,高速动车
G7711,3,1033,宣城,09:30,NULL,高速动车
G7665,1,1012,徐州东,NULL,06:43,高速动车
G7665,2,1039,蚌埠南,07:20,07:24,高速动车
G7665,3,1005,南京南,08:07,08:11,高速动车
G7665,4,1023,杭州东,09:41,09:44,高速动车
G7665,5,1021,宁波,10:46,10:52,高速动车
G7665,6,1026,温州南,12:46,NULL,高速动车
C3887,1,1005,南京南,NULL,08:16,城际动车
C3887,2,1017,连云港,10:55,NULL,城际动车
G7422,1,1033,宣城,NULL,07:11,高速动车
G7422,2,1037,芜湖,07:37,07:39,高速动车
G7422,3,1005,南京南,08:17,NULL,高速动车
D5648,1,1031,合肥南,NULL,07:31,动车组
D5648,2,1005,南京南,08:19,NULL,动车组
G254,1,1022,杭州,NULL,06:30,高速动车
G254,2,1005,南京南,08:14,08:19,高速动车
G254,3,1012,徐州东,09:46,NULL,高速动车
G1503,1,1005,南京南,NULL,08:25,高速动车
G1503,2,1023,杭州东,09:57,09:59,高速动车
G1503,3,1028,金华,10:56,10:58,高速动车
G1503,4,1027,衢州,11:20,NULL,高速动车
G1862,1,1023,杭州东,NULL,07:08,高速动车
G1862,2,1005,南京南,08:38,08:41,高速动车
G1862,3,1012,徐州东,10:14,NULL,高速动车
D5642,1,1037,芜湖,NULL,08:01,动车组
D5642,2,1005,南京南,08:45,NULL,动车组
G7611,1,1012,徐州东,NULL,07:05,高速动车
G7611,2,1039,蚌埠南,07:48,07:50,高速动车
G7611,3,1005,南京南,08:40,08:46,高速动车
G7611,4,1023,杭州东,10:20,10:26,高速动车
G7611,5,1021,宁波,11:28,NULL,高速动车
G1545,1,1005,南京南,NULL,08:47,高速动车
G1545,2,1031,合肥南,09:41,NULL,高速动车
G7581,1,1005,南京南,NULL,08:52,高速动车
G7581,2,1023,杭州东,10:27,10:31,高速动车
G7581,3,1021,宁波,11:33,11:36,高速动车
G7581,4,1026,温州南,13:39,NULL,高速动车
G1539,1,1005,南京南,NULL,08:57,高速动车
G1539,2,1031,合肥南,09:56,NULL,高速动车
G7423,1,1005,南京南,NULL,08:58,高速动车
G7423,2,1037,芜湖,09:35,09:37,高速动车
G7423,3,1033,宣城,10:06,NULL,高速动车
D5601,1,1005,南京南,NULL,09:07,动车组
D5601,2,1037,芜湖,09:50,09:52,动车组
D5601,3,1040,铜陵,10:24,10:26,动车组
D5601,4,1032,安庆,11:07,NULL,动车组
G3110,1,1022,杭州,NULL,07:36,高速动车
G3110,2,1005,南京南,09:06,09:12,高速动车
G3110,3,1030,合肥,10:04,10:08,高速动车
G3110,4,1036,淮南南,10:35,10:37,高速动车
G3110,5,1043,阜阳西,11:11,NULL,高速动车
G2668,1,1023,杭州东,NULL,07:53,高速动车
G2668,2,1005,南京南,09:22,09:25,高速动车
G2668,3,1012,徐州东,10:51,NULL,高速动车
G7458,1,1031,合肥南,NULL,08:27,高速动车
G7458,2,1005,南京南,09:21,09:27,高速动车
G7458,3,1023,杭州东,10:57,NULL,高速动车
G579,1,1005,南京南,NULL,09:32,高速动车
G579,2,1031,合肥南,10:21,NULL,高速动车
D2198,1,1031,合肥南,NULL,08:58,动车组
D2198,2,1005,南京南,09:46,09:51,动车组
D2198,3,1023,杭州东,11:14,11:18,动车组
D2198,4,1021,宁波,12:15,NULL,动车组
G7605,1,1012,徐州东,NULL,08:17,高速动车
G7605,2,1039,蚌埠南,09:00,09:03,高速动车
G7605,3,1005,南京南,09:53,09:56,高速动车
G7605,4,1023,杭州东,11:18,NULL,高速动车
G594,1,1023,杭州东,NULL,08:20,高速动车
G594,2,1005,南京南,09:52,09:57,高速动车
G594,3,1031,合肥南,10:46,NULL,高速动车
G1224,1,1021,宁波,NULL,07:34,高速动车
G1224,2,1023,杭州东,08:28,08:30,高速动车
G1224,3,1005,南京南,10:01,10:07,高速动车
G1224,4,1039,蚌埠南,10:50,10:54,高速动车
G1224,5,1012,徐州东,11:30,NULL,高速动车
G7681,1,1043,阜阳西,NULL,07:50,高速动车
G7681,2,1036,淮南南,08:31,08:33,高速动车
G7681,3,1030,合肥,09:00,09:06,高速动车
G7681,4,1005,南京南,10:08,10:13,高速动车
G7681,5,1023,杭州东,11:41,11:48,高速动车
G7681,6,1021,宁波,12:58,13:00,高速动车
G7681,7,1026,温州南,15:04,NULL,高速动车
D9511,1,1005,南京南,NULL,10:19,动车组
D9511,2,1037,芜湖,11:02,NULL,动车组
G7698,1,1012,徐州东,NULL,08:51,高速动车
G7698,2,1039,蚌埠南,09:27,09:29,高速动车
G7698,3,1005,南京南,10:18,10:23,高速动车
G7698,4,1023,杭州东,12:07,12:14,高速动车
G7698,5,1028,金华,13:12,13:14,高速动车
G7698,6,1027,衢州,13:35,NULL,高速动车
C3837,1,1005,南京南,NULL,10:27,城际动车
C3837,2,1017,连云港,13:23,NULL,城际动车
G343,1,1012,徐州东,NULL,08:57,高速动车
G343,2,1039,蚌埠南,09:40,09:42,高速动车
G343,3,1005,南京南,10:24,10:28,高速动车
G343,4,1023,杭州东,11:51,11:56,高速动车
G343,5,1021,宁波,12:48,12:51,高速动车
G343,6,1026,温州南,14:48,NULL,高速动车
G7755,1,1043,阜阳西,NULL,08:30,高速动车
G7755,2,1030,合肥,09:39,09:43,高速动车
G7755,3,1005,南京南,10:34,10:38,高速动车
G7755,4,1023,杭州东,12:01,NULL,高速动车
D2293,1,1005,南京南,NULL,10:52,动车组
D2293,2,1023,杭州东,12:44,12:50,动车组
D2293,3,1021,宁波,13:52,13:58,动车组
D2293,4,1026,温州南,15:54,NULL,动车组
G590,1,1026,温州南,NULL,06:16,高速动车
G590,2,1021,宁波,08:08,08:12,高速动车
G590,3,1023,杭州东,09:11,09:16,高速动车
G590,4,1005,南京南,10:50,10:53,高速动车
G590,5,1031,合肥南,11:53,NULL,高速动车
G7712,1,1033,宣城,NULL,09:48,高速动车
G7712,2,1037,芜湖,10:14,10:16,高速动车
G7712,3,1005,南京南,10:54,NULL,高速动车
G7452,1,1045,黄山北,NULL,07:33,高速动车
G7452,2,1023,杭州东,09:23,09:27,高速动车
G7452,3,1005,南京南,10:55,NULL,高速动车
G51,1,1012,徐州东,NULL,09:50,高速动车
G51,2,1039,蚌埠南,10:27,10:29,高速动车
G51,3,1005,南京南,11:10,11:12,高速动车
G51,4,1023,杭州东,12:21,12:25,高速动车
G51,5,1021,宁波,13:27,NULL,高速动车
D5602,1,1032,安庆,NULL,09:20,动车组
D5602,2,1040,铜陵,10:01,10:03,动车组
D5602,3,1037,芜湖,10:39,10:41,动车组
D5602,4,1005,南京南,11:19,NULL,动车组
G7713,1,1005,南京南,NULL,11:30,高速动车
G7713,2,1037,芜湖,12:07,12:10,高速动车
G7713,3,1033,宣城,12:45,NULL,高速动车
G3105,1,1043,阜阳西,NULL,09:14,高速动车
G3105,2,1030,合肥,10:17,10:20,高速动车
G3105,3,1005,南京南,11:27,11:32,高速动车
G3105,4,1023,杭州东,12:53,NULL,高速动车
G1481,1,1005,南京南,NULL,11:37,高速动车
G1481,2,1023,杭州东,13:10,13:12,高速动车
G1481,3,1028,金华,13:56,13:58,高速动车
G1481,4,1027,衢州,14:19,NULL,高速动车
G1892,1,1012,徐州东,NULL,09:58,高速动车
G1892,2,1039,蚌埠南,10:45,10:50,高速动车
G1892,3,1005,南京南,11:38,11:43,高速动车
G1892,4,1022,杭州,13:26,NULL,高速动车
G7674,1,1026,温州南,NULL,07:15,高速动车
G7674,2,1021,宁波,09:07,09:11,高速动车
G7674,3,1023,杭州东,10:13,10:17,高速动车
G7674,4,1005,南京南,11:50,11:53,高速动车
G7674,5,1031,合肥南,12:47,NULL,高速动车
D5603,1,1005,南京南,NULL,12:00,动车组
D5603,2,1037,芜湖,12:37,12:39,动车组
D5603,3,1040,铜陵,13:23,13:25,动车组
D5603,4,1032,安庆,14:06,NULL,动车组
G7453,1,1005,南京南,NULL,12:00,高速动车
G7453,2,1023,杭州东,13:25,NULL,高速动车
G4579,1,1005,南京南,NULL,12:03,高速动车
G4579,2,1031,合肥南,13:24,NULL,高速动车
D9512,1,1037,芜湖,NULL,11:34,动车组
D9512,2,1005,南京南,12:12,NULL,动车组
G284,1,1012,徐州东,NULL,10:55,高速动车
G284,2,1005,南京南,12:11,12:13,高速动车
G284,3,1022,杭州,13:40,NULL,高速动车
G7796,1,1026,温州南,NULL,08:00,高速动车
G7796,2,1021,宁波,09:47,09:49,高速动车
G7796,3,1023,杭州东,10:38,10:42,高速动车
G7796,4,1005,南京南,12:17,12:21,高速动车
G7796,5,1030,合肥,13:12,13:15,高速动车
G7796,6,1036,淮南南,13:42,13:44,高速动车
G7796,7,1043,阜阳西,14:30,NULL,高速动车
G7669,1,1043,阜阳西,NULL,10:11,高速动车
G7669,2,1030,合肥,11:30,11:33,高速动车
G7669,3,1005,南京南,12:24,12:27,高速动车
G7669,4,1023,杭州东,13:48,13:50,高速动车
G7669,5,1021,宁波,14:49,14:51,高速动车
G7669,6,1026,温州南,16:36,NULL,高速动车
D9513,1,1005,南京南,NULL,12:30,动车组
D9513,2,1037,芜湖,13:07,NULL,动车组
D2190,1,1031,合肥南,NULL,11:41,动车组
D2190,2,1005,南京南,12:29,12:33,动车组
D2190,3,1022,杭州,14:34,NULL,动车组
G7568,1,1026,温州南,NULL,08:55,高速动车
G7568,2,1021,宁波,10:48,10:51,高速动车
G7568,3,1023,杭州东,11:50,11:52,高速动车
G7568,4,1005,南京南,13:07,NULL,高速动车
G1900,1,1012,徐州东,NULL,11:47,高速动车
G1900,2,1039,蚌埠南,12:24,12:34,高速动车
G1900,3,1005,南京南,13:16,13:19,高速动车
G1900,4,1023,杭州东,14:41,NULL,高速动车
D5604,1,1032,安庆,NULL,11:25,动车组
D5604,2,1040,铜陵,12:06,12:08,动车组
D5604,3,1037,芜湖,12:39,12:41,动车组
D5604,4,1005,南京南,13:25,NULL,动车组
G7604,1,1023,杭州东,NULL,11:57,高速动车
G7604,2,1005,南京南,13:20,13:27,高速动车
G7604,3,1039,蚌埠南,14:16,NULL,高速动车
G7567,1,1005,南京南,NULL,13:30,高速动车
G7567,2,1023,杭州东,14:51,14:59,高速动车
G7567,3,1021,宁波,15:59,16:03,高速动车
G7567,4,1026,温州南,17:54,NULL,高速动车
G7486,1,1026,温州南,NULL,09:07,高速动车
G7486,2,1021,宁波,11:12,11:18,高速动车
G7486,3,1023,杭州东,12:05,12:12,高速动车
G7486,4,1005,南京南,13:29,13:31,高速动车
G7486,5,1031,合肥南,14:20,NULL,高速动车
G2807,1,1043,阜阳西,NULL,11:21,高速动车
G2807,2,1036,淮南南,11:55,11:57,高速动车
G2807,3,1030,合肥,12:24,12:30,高速动车
G2807,4,1005,南京南,13:36,13:40,高速动车
G2807,5,1023,杭州东,15:21,15:27,高速动车
G2807,6,1021,宁波,16:22,NULL,高速动车
D5605,1,1005,南京南,NULL,13:42,动车组
D5605,2,1037,芜湖,14:19,14:21,动车组
D5605,3,1040,铜陵,14:53,14:55,动车组
D5605,4,1032,安庆,15:38,NULL,动车组
G3101,1,1043,阜阳西,NULL,11:40,高速动车
G3101,2,1036,淮南南,12:14,12:16,高速动车
G3101,3,1030,合肥,12:50,12:55,高速动车
G3101,4,1005,南京南,13:46,NULL,高速动车
D2194,1,1031,合肥南,NULL,13:03,动车组
D2194,2,1005,南京南,13:51,13:57,动车组
D2194,3,1022,杭州,15:55,NULL,动车组
D9514,1,1037,芜湖,NULL,13:25,动车组
D9514,2,1005,南京南,14:08,NULL,动车组
G7756,1,1023,杭州东,NULL,12:32,高速动车
G7756,2,1005,南京南,14:11,14:13,高速动车
G7756,3,1030,合肥,15:04,15:08,高速动车
G7756,4,1043,阜阳西,16:10,NULL,高速动车
G1872,1,1012,徐州东,NULL,12:52,高速动车
G1872,2,1005,南京南,14:13,14:15,高速动车
G1872,3,1022,杭州,16:00,NULL,高速动车
G3103,1,1005,南京南,NULL,14:23,高速动车
G3103,2,1030,合肥,15:15,15:22,高速动车
G3103,3,1036,淮南南,15:49,15:51,高速动车
G3103,4,1043,阜阳西,16:39,NULL,高速动车
D9515,1,1005,南京南,NULL,14:26,动车组
D9515,2,1037,芜湖,15:03,NULL,动车组
G7678,1,1021,宁波,NULL,12:00,高速动车
G7678,2,1023,杭州东,12:52,13:05,高速动车
G7678,3,1005,南京南,14:26,14:29,高速动车
G7678,4,1031,合肥南,15:17,NULL,高速动车
C3835,1,1017,连云港,NULL,11:40,城际动车
C3835,2,1005,南京南,14:35,NULL,城际动车
G7676,1,1031,合肥南,NULL,13:23,高速动车
G7676,2,1005,南京南,14:32,14:38,高速动车
G7676,3,1023,杭州东,16:08,16:11,高速动车
G7676,4,1021,宁波,17:02,NULL,高速动车
G2815,1,1012,徐州东,NULL,12:48,高速动车
G2815,2,1005,南京南,14:37,14:42,高速动车
G2815,3,1023,杭州东,16:13,NULL,高速动车
G7714,1,1033,宣城,NULL,13:29,高速动车
G7714,2,1037,芜湖,14:01,14:03,高速动车
G7714,3,1005,南京南,14:42,NULL,高速动车
G7662,1,1026,温州南,NULL,10:11,高速动车
G7662,2,1021,宁波,12:13,12:16,高速动车
G7662,3,1023,杭州东,13:08,13:15,高速动车
G7662,4,1005,南京南,14:49,14:54,高速动车
G7662,5,1031,合肥南,15:54,NULL,高速动车
D3084,1,1031,合肥南,NULL,14:08,动车组
D3084,2,1005,南京南,14:56,NULL,动车组
G7715,1,1005,南京南,NULL,15:03,高速动车
G7715,2,1037,芜湖,15:40,15:42,高速动车
G7715,3,1033,宣城,16:11,NULL,高速动车
C3833,1,1005,南京南,NULL,15:05,城际动车
C3833,2,1017,连云港,18:23,NULL,城际动车
G7751,1,1043,阜阳西,NULL,13:06,高速动车
G7751,2,1036,淮南南,13:39,13:42,高速动车
G7751,3,1030,合肥,14:09,14:15,高速动车
G7751,4,1005,南京南,15:09,15:14,高速动车
G7751,5,1023,杭州东,17:01,NULL,高速动车
G445,1,1012,徐州东,NULL,13:57,高速动车
G445,2,1005,南京南,15:21,15:24,高速动车
G445,3,1023,杭州东,16:53,NULL,高速动车
G592,1,1031,合肥南,NULL,14:23,高速动车
G592,2,1005,南京南,15:27,15:30,高速动车
G592,3,1023,杭州东,17:06,17:10,高速动车
G592,4,1021,宁波,18:16,18:21,高速动车
G592,5,1026,温州南,20:23,NULL,高速动车
G2808,1,1021,宁波,NULL,12:58,高速动车
G2808,2,1023,杭州东,14:00,14:03,高速动车
G2808,3,1005,南京南,15:25,15:33,高速动车
G2808,4,1030,合肥,16:24,16:30,高速动车
G2808,5,1043,阜阳西,17:46,NULL,高速动车
G1870,1,1022,杭州,NULL,13:49,高速动车
G1870,2,1005,南京南,15:30,15:37,高速动车
G1870,3,1039,蚌埠南,16:34,16:45,高速动车
G1870,4,1012,徐州东,17:31,NULL,高速动车
D2196,1,1021,宁波,NULL,12:40,动车组
D2196,2,1023,杭州东,13:47,13:51,动车组
D2196,3,1005,南京南,15:37,15:43,动车组
D2196,4,1031,合肥南,16:32,NULL,动车组
G282,1,1022,杭州,NULL,14:01,高速动车
G282,2,1005,南京南,15:45,15:48,高速动车
G282,3,1039,蚌埠南,16:30,16:40,高速动车
G282,4,1012,徐州东,17:19,NULL,高速动车
G7454,1,1023,杭州东,NULL,14:24,高速动车
G7454,2,1005,南京南,15:54,NULL,高速动车
G7488,1,1031,合肥南,NULL,15:04,高速动车
G7488,2,1005,南京南,15:53,15:55,高速动车
G7488,3,1023,杭州东,17:17,17:21,高速动车
G7488,4,1024,杭州南,17:30,17:32,高速动车
G7488,5,1021,宁波,18:31,18:40,高速动车
G7488,6,1026,温州南,20:43,NULL,高速动车
D9516,1,1037,芜湖,NULL,15:23,动车组
D9516,2,1005,南京南,16:01,NULL,动车组
D3083,1,1005,南京南,NULL,16:02,动车组
D3083,2,1031,合肥南,16:56,NULL,动车组
G1222,1,1012,徐州东,NULL,14:55,高速动车
G1222,2,1005,南京南,16:12,16:17,高速动车
G1222,3,1023,杭州东,17:39,17:44,高速动车
G1222,4,1021,宁波,18:38,NULL,高速动车
G52,1,1021,宁波,NULL,13:49,高速动车
G52,2,1023,杭州东,14:44,14:47,高速动车
G52,3,1005,南京南,16:17,16:20,高速动车
G52,4,1039,蚌埠南,17:01,17:03,高速动车
G52,5,1012,徐州东,17:40,NULL,高速动车
D5606,1,1032,安庆,NULL,14:25,动车组
D5606,2,1040,铜陵,15:06,15:08,动车组
D5606,3,1037,芜湖,15:45,15:47,动车组
D5606,4,1005,南京南,16:31,NULL,动车组
G7451,1,1005,南京南,NULL,16:34,高速动车
G7451,2,1023,杭州东,18:02,18:06,高速动车
G7451,3,1045,黄山北,19:56,NULL,高速动车
D9517,1,1005,南京南,NULL,16:37,动车组
D9517,2,1037,芜湖,17:20,NULL,动车组
D5607,1,1005,南京南,NULL,16:50,动车组
D5607,2,1037,芜湖,17:33,17:35,动车组
D5607,3,1040,铜陵,18:13,NULL,动车组
G7680,1,1031,合肥南,NULL,16:00,高速动车
G7680,2,1005,南京南,16:49,16:55,高速动车
G7680,3,1023,杭州东,18:24,18:27,高速动车
G7680,4,1021,宁波,19:26,19:30,高速动车
G7680,5,1026,温州南,21:27,NULL,高速动车
C3839,1,1017,连云港,NULL,14:15,城际动车
C3839,2,1005,南京南,17:00,NULL,城际动车
G596,1,1031,合肥南,NULL,16:10,高速动车
G596,2,1005,南京南,16:59,17:05,高速动车
G596,3,1023,杭州东,18:29,NULL,高速动车
D2188,1,1022,杭州,NULL,15:16,动车组
D2188,2,1005,南京南,17:07,17:13,动车组
D2188,3,1031,合肥南,18:02,NULL,动车组
G7690,1,1026,温州南,NULL,12:47,高速动车
G7690,2,1021,宁波,14:43,14:47,高速动车
G7690,3,1024,杭州南,15:47,15:51,高速动车
G7690,4,1023,杭州东,16:01,16:06,高速动车
G7690,5,1005,南京南,17:21,NULL,高速动车
G7795,1,1043,阜阳西,NULL,15:03,高速动车
G7795,2,1036,淮南南,15:50,15:52,高速动车
G7795,3,1030,合肥,16:19,16:26,高速动车
G7795,4,1005,南京南,17:17,17:21,高速动车
G7795,5,1023,杭州东,19:01,19:09,高速动车
G7795,6,1021,宁波,20:10,20:16,高速动车
G7795,7,1026,温州南,22:13,NULL,高速动车
G7664,1,1031,合肥南,NULL,16:34,高速动车
G7664,2,1005,南京南,17:22,17:26,高速动车
G7664,3,1023,杭州东,18:56,19:04,高速动车
G7664,4,1021,宁波,20:05,20:31,高速动车
G7664,5,1026,温州南,22:23,NULL,高速动车
C3841,1,1005,南京南,NULL,17:29,城际动车
C3841,2,1017,连云港,20:08,NULL,城际动车
G3106,1,1023,杭州东,NULL,15:53,高速动车
G3106,2,1005,南京南,17:26,17:30,高速动车
G3106,3,1030,合肥,18:27,18:34,高速动车
G3106,4,1036,淮南南,19:01,19:03,高速动车
G3106,5,1043,阜阳西,19:44,NULL,高速动车
G7613,1,1005,南京南,NULL,17:43,高速动车
G7613,2,1023,杭州东,19:18,19:35,高速动车
G7613,3,1021,宁波,20:34,NULL,高速动车
G7686,1,1026,温州南,NULL,13:08,高速动车
G7686,2,1021,宁波,15:05,15:11,高速动车
G7686,3,1023,杭州东,16:07,16:11,高速动车
G7686,4,1005,南京南,17:42,17:48,高速动车
G7686,5,1030,合肥,18:41,18:45,高速动车
G7686,6,1036,淮南南,19:12,19:14,高速动车
G7686,7,1043,阜阳西,20:04,NULL,高速动车
G1898,1,1023,杭州东,NULL,16:34,高速动车
G1898,2,1005,南京南,17:47,17:52,高速动车
G1898,3,1039,蚌埠南,18:33,18:39,高速动车
G1898,4,1012,徐州东,19:22,NULL,高速动车
D5622,1,1032,安庆,NULL,15:53,动车组
D5622,2,1040,铜陵,16:34,16:36,动车组
D5622,3,1037,芜湖,17:13,17:15,动车组
D5622,4,1005,南京南,17:53,NULL,动车组
D2192,1,1022,杭州,NULL,16:15,动车组
D2192,2,1005,南京南,17:52,17:58,动车组
D2192,3,1031,合肥南,18:48,NULL,动车组
D5608,1,1032,安庆,NULL,16:03,动车组
D5608,2,1040,铜陵,16:44,16:46,动车组
D5608,3,1037,芜湖,17:23,17:25,动车组
D5608,4,1005,南京南,18:09,NULL,动车组
G2816,1,1023,杭州东,NULL,16:39,高速动车
G2816,2,1005,南京南,18:03,18:10,高速动车
G2816,3,1012,徐州东,19:30,NULL,高速动车
G7716,1,1033,宣城,NULL,17:07,高速动车
G7716,2,1037,芜湖,17:33,17:35,高速动车
G7716,3,1005,南京南,18:14,NULL,高速动车
D9518,1,1037,芜湖,NULL,17:40,动车组
D9518,2,1005,南京南,18:24,NULL,动车组
C3885,1,1017,连云港,NULL,15:13,城际动车
C3885,2,1005,南京南,18:29,NULL,城际动车
G1890,1,1022,杭州,NULL,16:52,高速动车
G1890,2,1005,南京南,18:24,18:31,高速动车
G1890,3,1039,蚌埠南,19:13,19:15,高速动车
G1890,4,1012,徐州东,19:52,NULL,高速动车
D5609,1,1005,南京南,NULL,18:33,动车组
D5609,2,1037,芜湖,19:10,19:12,动车组
D5609,3,1040,铜陵,19:44,19:46,动车组
D5609,4,1032,安庆,20:26,NULL,动车组
D3297,1,1026,温州南,NULL,13:38,动车组
D3297,2,1021,宁波,15:29,15:32,动车组
D3297,3,1023,杭州东,16:48,16:54,动车组
D3297,4,1005,南京南,18:35,NULL,动车组
G1546,1,1031,合肥南,NULL,17:48,高速动车
G1546,2,1005,南京南,18:36,NULL,高速动车
G7717,1,1005,南京南,NULL,18:38,高速动车
G7717,2,1037,芜湖,19:15,19:17,高速动车
G7717,3,1033,宣城,20:00,NULL,高速动车
G446,1,1023,杭州东,NULL,17:14,高速动车
G446,2,1005,南京南,18:41,18:46,高速动车
G446,3,1039,蚌埠南,19:28,NULL,高速动车
G7456,1,1023,杭州东,NULL,17:19,高速动车
G7456,2,1005,南京南,18:45,18:50,高速动车
G7456,3,1031,合肥南,19:38,NULL,高速动车
D5644,1,1037,芜湖,NULL,18:17,动车组
D5644,2,1005,南京南,18:54,NULL,动车组
D9519,1,1005,南京南,NULL,18:55,动车组
D9519,2,1037,芜湖,19:38,NULL,动车组
G7696,1,1027,衢州,NULL,15:57,高速动车
G7696,2,1028,金华,16:18,16:21,高速动车
G7696,3,1023,杭州东,17:22,17:25,高速动车
G7696,4,1005,南京南,18:57,19:01,高速动车
G7696,5,1039,蚌埠南,19:54,19:59,高速动车
G7696,6,1012,徐州东,20:43,NULL,高速动车
G2670,1,1012,徐州东,NULL,17:46,高速动车
G2670,2,1005,南京南,19:06,19:10,高速动车
G2670,3,1023,杭州东,20:33,NULL,高速动车
G7644,1,1029,金华南,NULL,16:53,高速动车
G7644,2,1023,杭州东,17:53,17:55,高速动车
G7644,3,1005,南京南,19:21,NULL,高速动车
G7752,1,1023,杭州东,NULL,17:50,高速动车
G7752,2,1005,南京南,19:15,19:31,高速动车
G7752,3,1030,合肥,20:22,20:26,高速动车
G7752,4,1043,阜阳西,21:35,NULL,高速动车
G344,1,1026,温州南,NULL,15:10,高速动车
G344,2,1021,宁波,17:01,17:04,高速动车
G344,3,1023,杭州东,17:58,18:00,高速动车
G344,4,1005,南京南,19:30,19:36,高速动车
G344,5,1039,蚌埠南,20:17,20:22,高速动车
G344,6,1012,徐州东,21:22,NULL,高速动车
G1864,1,1012,徐州东,NULL,18:23,高速动车
G1864,2,1005,南京南,19:38,19:40,高速动车
G1864,3,1023,杭州东,21:10,NULL,高速动车
G7682,1,1026,温州南,NULL,15:21,高速动车
G7682,2,1021,宁波,17:11,17:14,高速动车
G7682,3,1023,杭州东,18:11,18:20,高速动车
G7682,4,1005,南京南,19:36,19:41,高速动车
G7682,5,1030,合肥,20:32,20:36,高速动车
G7682,6,1036,淮南南,21:03,21:05,高速动车
G7682,7,1043,阜阳西,21:45,NULL,高速动车
D2294,1,1026,温州南,NULL,15:16,动车组
D2294,2,1021,宁波,16:49,16:58,动车组
D2294,3,1023,杭州东,18:07,18:15,动车组
D2294,4,1005,南京南,19:42,NULL,动车组
D5610,1,1040,铜陵,NULL,18:33,动车组
D5610,2,1037,芜湖,19:04,19:06,动车组
D5610,3,1005,南京南,19:44,NULL,动车组
D5639,1,1005,南京南,NULL,20:05,动车组
D5639,2,1037,芜湖,20:42,NULL,动车组
G7610,1,1021,宁波,NULL,17:19,高速动车
G7610,2,1024,杭州南,18:09,18:15,高速动车
G7610,3,1023,杭州东,18:25,18:30,高速动车
G7610,4,1005,南京南,20:09,20:11,高速动车
G7610,5,1039,蚌埠南,20:59,21:01,高速动车
G7610,6,1012,徐州东,21:50,NULL,高速动车
G3109,1,1043,阜阳西,NULL,17:51,高速动车
G3109,2,1036,淮南南,18:25,18:30,高速动车
G3109,3,1030,合肥,19:05,19:11,高速动车
G3109,4,1005,南京南,20:08,20:12,高速动车
G3109,5,1022,杭州,21:52,NULL,高速动车
G580,1,1031,合肥南,NULL,19:47,高速动车
G580,2,1005,南京南,20:35,NULL,高速动车
D9520,1,1037,芜湖,NULL,20:00,动车组
D9520,2,1005,南京南,20:38,NULL,动车组
G7582,1,1026,温州南,NULL,16:18,高速动车
G7582,2,1021,宁波,18:16,18:19,高速动车
G7582,3,1023,杭州东,19:26,19:33,高速动车
G7582,4,1005,南京南,21:09,NULL,高速动车
D2256,1,1031,合肥南,NULL,20:08,动车组
D2256,2,1005,南京南,20:56,NULL,动车组
G1540,1,1031,合肥南,NULL,20:29,高速动车
G1540,2,1005,南京南,21:17,NULL,高速动车
C3831,1,1017,连云港,NULL,18:40,城际动车
C3831,2,1005,南京南,21:22,NULL,城际动车
G7718,1,1033,宣城,NULL,20:16,高速动车
G7718,2,1037,芜湖,20:42,20:44,高速动车
G7718,3,1005,南京南,21:22,NULL,高速动车
G7666,1,1026,温州南,NULL,16:56,高速动车
G7666,2,1021,宁波,18:47,18:59,高速动车
G7666,3,1023,杭州东,19:52,19:56,高速动车
G7666,4,1005,南京南,21:25,21:30,高速动车
G7666,5,1039,蚌埠南,22:11,22:13,高速动车
G7666,6,1012,徐州东,22:51,NULL,高速动车
D5647,1,1005,南京南,NULL,21:35,动车组
D5647,2,1031,合肥南,22:23,NULL,动车组
D5640,1,1037,芜湖,NULL,21:05,动车组
D5640,2,1005,南京南,21:42,NULL,动车组
D2374,1,1031,合肥南,NULL,20:56,动车组
D2374,2,1005,南京南,21:44,NULL,动车组
G1888,1,1012,徐州东,NULL,20:33,高速动车
G1888,2,1039,蚌埠南,21:16,21:18,高速动车
G1888,3,1005,南京南,22:00,NULL,高速动车
G1128,1,1031,合肥南,NULL,21:46,高速动车
G1128,2,1005,南京南,22:34,NULL,高速动车
G4580,1,1031,合肥南,NULL,21:51,高速动车
G4580,2,1005,南京南,22:39,NULL,高速动车
D3240,1,1026,温州南,NULL,18:08,动车组
D3240,2,1021,宁波,19:55,19:59,动车组
D3240,3,1023,杭州东,21:14,21:18,动车组
D3240,4,1005,南京南,22:47,NULL,动车组
K304,1,1018,连云港东,NULL,11:17,快速
K304,2,1017,连云港,11:45,11:49,快速
K304,3,1013,新沂,12:50,12:55,快速
K304,4,1011,徐州,14:33,14:58,快速
K304,5,1042,阜阳,17:45,NULL,快速
D3303,1,1026,温州南,NULL,13:02,动车组
D3303,2,1021,宁波,14:48,NULL,动车组
G2332,1,1021,宁波,NULL,07:50,高速动车
G2332,2,1024,杭州南,08:52,09:12,高速动车
G2332,3,1028,金华,09:58,10:00,高速动车
G2332,4,1027,衢州,10:21,NULL,高速动车
G1331,1,1023,杭州东,NULL,15:07,高速动车
G1331,2,1028,金华,15:56,NULL,高速动车
G2346,1,1021,宁波,NULL,17:53,高速动车
G2346,2,1024,杭州南,18:42,18:59,高速动车
G2346,3,1028,金华,19:38,19:40,高速动车
G2346,4,1027,衢州,20:01,NULL,高速动车
D3301,1,1021,宁波,NULL,15:18,动车组
D3301,2,1026,温州南,17:03,NULL,动车组
K1144,1,1011,徐州,NULL,21:36,快速
K1144,2,1014,盐城,03:33,03:38,快速
K1144,3,1006,南通,05:40,05:59,快速
K1144,4,1008,启东,07:23,NULL,快速
D3152,1,1006,南通,NULL,08:31,动车组
D3152,2,1031,合肥南,11:38,NULL,动车组
K1142,1,1008,启东,NULL,08:23,快速
K1142,2,1006,南通,09:23,09:26,快速
K1142,3,1014,盐城,12:06,12:14,快速
K1142,4,1011,徐州,17:23,NULL,快速
K8600,1,1006,南通,NULL,10:30,快速
K8600,2,1014,盐城,12:53,12:57,快速
K8600,3,1013,新沂,17:00,17:05,快速
K8600,4,1011,徐州,18:29,NULL,快速
K566,1,1011,徐州,NULL,03:20,快速
K566,2,1013,新沂,04:52,04:57,快速
K566,3,1014,盐城,08:09,08:15,快速
K566,4,1006,南通,10:27,NULL,快速
K564,1,1006,南通,NULL,13:00,快速
K564,2,1014,盐城,15:06,15:10,快速
K564,3,1013,新沂,17:58,18:01,快速
K564,4,1011,徐州,19:18,NULL,快速
K60,1,1042,阜阳,NULL,03:44,快速
K60,2,1034,淮南,05:08,05:13,快速
K60,3,1038,蚌埠,07:34,07:54,快速
K60,4,1006,南通,13:28,NULL,快速
D3158,1,1031,合肥南,NULL,12:37,动车组
D3158,2,1006,南通,15:46,NULL,动车组
D3156,1,1006,南通,NULL,16:42,动车组
D3156,2,1031,合肥南,20:01,NULL,动车组
K62,1,1006,南通,NULL,16:54,快速
K62,2,1038,蚌埠,21:47,22:34,快速
K62,3,1034,淮南,23:53,23:57,快速
K62,4,1042,阜阳,01:17,NULL,快速
K8599,1,1011,徐州,NULL,11:10,快速
K8599,2,1013,新沂,12:33,12:36,快速
K8599,3,1014,盐城,16:27,16:35,快速
K8599,4,1006,南通,19:08,NULL,快速
D2270,1,1031,合肥南,NULL,16:49,动车组
D2270,2,1006,南通,19:50,NULL,动车组
D3154,1,1031,合肥南,NULL,18:32,动车组
D3154,2,1006,南通,21:34,NULL,动车组
G3222,1,1012,徐州东,NULL,15:00,高速动车
G3222,2,1017,连云港,17:30,NULL,高速动车
G3221,1,1017,连云港,NULL,13:54,高速动车
G3221,2,1012,徐州东,16:41,NULL,高速动车
K891,1,1042,阜阳,NULL,03:37,快速
K891,2,1034,淮南,04:57,05:00,快速
K891,3,1030,合肥,06:17,06:40,快速
K891,4,1037,芜湖,08:15,08:21,快速
K891,5,1033,宣城,09:16,09:19,快速
K891,6,1022,杭州,12:32,NULL,快速
K892,1,1022,杭州,NULL,20:31,快速
K892,2,1033,宣城,22:57,23:01,快速
K892,3,1037,芜湖,23:56,23:59,快速
K892,4,1030,合肥,01:54,02:20,快速
K892,5,1042,阜阳,04:39,NULL,快速
D3234,1,1026,温州南,NULL,10:58,动车组
D3234,2,1021,宁波,12:42,12:46,动车组
D3234,3,1023,杭州东,13:43,NULL,动车组
D3218,1,1026,温州南,NULL,12:27,动车组
D3218,2,1021,宁波,14:25,14:29,动车组
D3218,3,1023,杭州东,15:33,NULL,动车组
D3233,1,1023,杭州东,NULL,14:29,动车组
D3233,2,1021,宁波,15:43,15:46,动车组
D3233,3,1026,温州南,17:31,NULL,动车组
D3167,1,1026,温州南,NULL,12:22,动车组
D3167,2,1021,宁波,14:19,14:23,动车组
D3167,3,1023,杭州东,15:24,NULL,动车组
D3219,1,1021,宁波,NULL,06:59,动车组
D3219,2,1026,温州南,08:50,NULL,动车组
D3111,1,1023,杭州东,NULL,07:33,动车组
D3111,2,1021,宁波,08:44,08:49,动车组
D3111,3,1026,温州南,10:39,NULL,动车组
G2385,1,1023,杭州东,NULL,07:54,高速动车
G2385,2,1024,杭州南,08:03,08:05,高速动车
G2385,3,1045,黄山北,09:57,NULL,高速动车
D3112,1,1026,温州南,NULL,19:01,动车组
D3112,2,1021,宁波,20:46,20:50,动车组
D3112,3,1023,杭州东,22:01,NULL,动车组
D3220,1,1026,温州南,NULL,21:24,动车组
D3220,2,1021,宁波,22:57,NULL,动车组
D3217,1,1023,杭州东,NULL,15:54,动车组
D3217,2,1021,宁波,17:07,17:11,动车组
D3217,3,1026,温州南,19:07,NULL,动车组
T328,1,1042,阜阳,NULL,23:49,特快
T328,2,1030,合肥,02:20,02:40,特快
T328,3,1037,芜湖,04:09,04:15,特快
T328,4,1033,宣城,05:07,05:10,特快
T328,5,1022,杭州,07:35,07:52,特快
T328,6,1021,宁波,11:13,NULL,特快
K8564,1,1021,宁波,NULL,18:52,快速
K8564,2,1024,杭州南,20:53,21:03,快速
K8564,3,1037,芜湖,00:50,00:56,快速
K8564,4,1030,合肥,02:30,02:49,快速
K8564,5,1042,阜阳,05:10,NULL,快速
K8500,1,1021,宁波,NULL,19:22,快速
K8500,2,1022,杭州,22:12,22:30,快速
K8500,3,1033,宣城,00:59,01:03,快速
K8500,4,1037,芜湖,01:56,02:02,快速
K8500,5,1030,合肥,03:30,03:43,快速
K8500,6,1034,淮南,04:44,04:48,快速
K8500,7,1042,阜阳,06:12,NULL,快速
K1263,1,1042,阜阳,NULL,01:43,快速
K1263,2,1030,合肥,04:08,04:23,快速
K1263,3,1037,芜湖,05:53,05:59,快速
K1263,4,1033,宣城,06:53,06:58,快速
K1263,5,1022,杭州,09:52,NULL,快速
K1438,1,1021,宁波,NULL,19:48,快速
K1438,2,1022,杭州,22:21,22:36,快速
K1438,3,1033,宣城,01:19,01:22,快速
K1438,4,1037,芜湖,02:15,02:21,快速
K1438,5,1030,合肥,04:17,04:31,快速
K1438,6,1034,淮南,05:32,05:36,快速
K1438,7,1042,阜阳,07:31,NULL,快速
K608,1,1042,阜阳,NULL,02:25,快速
K608,2,1030,合肥,04:43,05:01,快速
K608,3,1037,芜湖,06:37,06:43,快速
K608,4,1033,宣城,07:35,07:38,快速
K608,5,1022,杭州,10:48,NULL,快速
K2275,1,1042,阜阳,NULL,03:54,快速
K2275,2,1034,淮南,05:20,05:25,快速
K2275,3,1030,合肥,07:06,07:30,快速
K2275,4,1037,芜湖,09:06,09:12,快速
K2275,5,1033,宣城,10:04,10:07,快速
K2275,6,1022,杭州,13:17,NULL,快速
G1741,1,1012,徐州东,NULL,06:38,高速动车
G1741,2,1039,蚌埠南,07:15,07:17,高速动车
G1741,3,1035,淮南东,07:33,07:35,高速动车
G1741,4,1030,合肥,08:02,NULL,高速动车
K8422,1,1030,合肥,NULL,08:34,快速
K8422,2,1034,淮南,09:35,09:39,快速
K8422,3,1042,阜阳,11:40,NULL,快速
K8360,1,1030,合肥,NULL,08:48,快速
K8360,2,1038,蚌埠,10:36,NULL,快速
G7412,1,1012,徐州东,NULL,07:38,高速动车
G7412,2,1039,蚌埠南,08:21,08:23,高速动车
G7412,3,1035,淮南东,08:39,08:41,高速动车
G7412,4,1030,合肥,09:10,NULL,高速动车
K8412,1,1037,芜湖,NULL,07:50,快速
K8412,2,1030,合肥,09:26,09:41,快速
K8412,3,1034,淮南,10:42,10:45,快速
K8412,4,1042,阜阳,12:05,12:20,快速
K8412,5,1011,徐州,15:14,15:38,快速
K8412,6,1013,新沂,17:02,17:05,快速
K8412,7,1017,连云港,18:03,18:07,快速
K8412,8,1018,连云港东,18:35,NULL,快速
K8527,1,1037,芜湖,NULL,06:05,快速
K8527,2,1030,合肥,09:45,NULL,快速
K8598,1,1030,合肥,NULL,10:45,快速
K8598,2,1034,淮南,11:46,11:50,快速
K8598,3,1042,阜阳,13:12,NULL,快速
G1746,1,1030,合肥,NULL,12:03,高速动车
G1746,2,1036,淮南南,12:31,NULL,高速动车
K1398,1,1042,阜阳,NULL,10:00,快速
K1398,2,1034,淮南,11:37,11:40,快速
K1398,3,1030,合肥,12:41,13:02,快速
K1398,4,1037,芜湖,14:41,14:47,快速
K1398,5,1033,宣城,15:39,15:42,快速
K1398,6,1022,杭州,18:33,18:53,快速
K1398,7,1029,金华南,21:17,21:50,快速
K1398,8,1025,温州,05:00,NULL,快速
K1050,1,1025,温州,NULL,23:00,快速
K1050,2,1029,金华南,04:34,04:52,快速
K1050,3,1022,杭州,07:32,08:01,快速
K1050,4,1033,宣城,10:50,10:53,快速
K1050,5,1037,芜湖,11:50,11:56,快速
K1050,6,1030,合肥,13:32,13:53,快速
K1050,7,1034,淮南,14:58,15:02,快速
K1050,8,1042,阜阳,17:11,17:25,快速
K1050,9,1011,徐州,20:35,NULL,快速
K8418,1,1018,连云港东,NULL,06:10,快速
K8418,2,1017,连云港,06:38,06:43,快速
K8418,3,1013,新沂,07:41,07:44,快速
K8418,4,1011,徐州,09:08,09:23,快速
K8418,5,1038,蚌埠,12:04,12:16,快速
K8418,6,1030,合肥,13:57,NULL,快速
G1748,1,1030,合肥,NULL,14:00,高速动车
G1748,2,1035,淮南东,14:26,14:28,高速动车
G1748,3,1039,蚌埠南,14:45,NULL,高速动车
K2908,1,1042,阜阳,NULL,11:08,快速
K2908,2,1034,淮南,12:33,12:37,快速
K2908,3,1030,合肥,13:50,14:04,快速
K2908,4,1037,芜湖,15:39,15:45,快速
K2908,5,1033,宣城,16:38,16:42,快速
K2908,6,1022,杭州,19:09,19:24,快速
K2908,7,1029,金华南,21:58,22:46,快速
K2908,8,1025,温州,05:30,NULL,快速
K8409,1,1042,阜阳,NULL,11:54,快速
K8409,2,1030,合肥,14:17,NULL,快速
K8414,1,1018,连云港东,NULL,06:25,快速
K8414,2,1017,连云港,06:53,06:57,快速
K8414,3,1013,新沂,07:55,07:58,快速
K8414,4,1011,徐州,09:23,09:32,快速
K8414,5,1042,阜阳,12:11,12:28,快速
K8414,6,1034,淮南,13:54,13:57,快速
K8414,7,1030,合肥,15:04,NULL,快速
K8586,1,1030,合肥,NULL,15:14,快速
K8586,2,1038,蚌埠,17:43,NULL,快速
K8596,1,1030,合肥,NULL,16:00,快速
K8596,2,1034,淮南,17:01,17:04,快速
K8596,3,1042,阜阳,18:27,NULL,快速
K8525,1,1030,合肥,NULL,16:16,快速
K8525,2,1037,芜湖,20:11,NULL,快速
G1747,1,1039,蚌埠南,NULL,15:40,高速动车
G1747,2,1035,淮南东,15:56,15:57,高速动车
G1747,3,1030,合肥,16:24,NULL,高速动车
G1742,1,1030,合肥,NULL,16:58,高速动车
G1742,2,1035,淮南东,17:31,17:33,高速动车
G1742,3,1039,蚌埠南,17:50,17:58,高速动车
G1742,4,1012,徐州东,18:37,NULL,高速动车
K1264,1,1022,杭州,NULL,11:43,快速
K1264,2,1033,宣城,14:23,14:26,快速
K1264,3,1037,芜湖,15:19,15:26,快速
K1264,4,1030,合肥,17:01,17:18,快速
K1264,5,1034,淮南,18:19,18:22,快速
K1264,6,1042,阜阳,19:42,NULL,快速
K606,1,1022,杭州,NULL,12:33,快速
K606,2,1037,芜湖,15:51,15:57,快速
K606,3,1030,合肥,17:38,18:00,快速
K606,4,1034,淮南,19:01,19:05,快速
K606,5,1042,阜阳,20:25,NULL,快速
G1745,1,1036,淮南南,NULL,18:20,高速动车
G1745,2,1030,合肥,18:47,NULL,高速动车
G7410,1,1030,合肥,NULL,20:20,高速动车
G7410,2,1035,淮南东,20:53,20:55,高速动车
G7410,3,1039,蚌埠南,21:12,21:14,高速动车
G7410,4,1012,徐州东,22:03,NULL,高速动车
K8597,1,1042,阜阳,NULL,18:04,快速
K8597,2,1034,淮南,19:26,19:30,快速
K8597,3,1030,合肥,20:31,NULL,快速
K8421,1,1038,蚌埠,NULL,17:58,快速
K8421,2,1030,合肥,20:25,20:40,快速
K8421,3,1037,芜湖,22:22,NULL,快速
K2276,1,1022,杭州,NULL,15:47,快速
K2276,2,1033,宣城,18:22,18:27,快速
K2276,3,1037,芜湖,19:20,19:26,快速
K2276,4,1030,合肥,21:03,21:20,快速
K2276,5,1034,淮南,22:21,22:24,快速
K2276,6,1042,阜阳,23:44,NULL,快速
K8499,1,1042,阜阳,NULL,18:38,快速
K8499,2,1034,淮南,20:14,20:18,快速
K8499,3,1030,合肥,21:19,21:33,快速
K8499,4,1037,芜湖,23:07,23:13,快速
K8499,5,1033,宣城,00:05,00:08,快速
K8499,6,1022,杭州,02:58,03:11,快速
K8499,7,1021,宁波,05:59,NULL,快速
T326,1,1021,宁波,NULL,14:09,特快
T326,2,1022,杭州,17:01,17:16,特快
T326,3,1033,宣城,19:55,19:59,特快
T326,4,1037,芜湖,20:52,21:00,特快
T326,5,1030,合肥,22:28,22:41,特快
T326,6,1042,阜阳,01:10,NULL,特快
K1440,1,1042,阜阳,NULL,20:04,快速
K1440,2,1034,淮南,21:28,21:33,快速
K1440,3,1030,合肥,22:54,23:14,快速
K1440,4,1037,芜湖,00:48,00:54,快速
K1440,5,1033,宣城,01:47,01:51,快速
K1440,6,1022,杭州,05:00,05:20,快速
K1440,7,1021,宁波,09:04,NULL,快速
K8563,1,1042,阜阳,NULL,20:33,快速
K8563,2,1034,淮南,21:57,22:01,快速
K8563,3,1030,合肥,23:03,23:20,快速
K8563,4,1037,芜湖,00:57,01:05,快速
K8563,5,1033,宣城,02:03,02:06,快速
K8563,6,1024,杭州南,04:59,05:08,快速
K8563,7,1021,宁波,07:30,NULL,快速
G246,1,1031,合肥南,NULL,06:40,高速动车
G246,2,1035,淮南东,07:18,07:20,高速动车
G246,3,1039,蚌埠南,07:38,07:40,高速动车
G246,4,1012,徐州东,08:24,NULL,高速动车
G7771,1,1031,合肥南,NULL,06:51,高速动车
G7771,2,1041,铜陵北,07:34,07:36,高速动车
G7771,3,1040,铜陵,07:50,07:52,高速动车
G7771,4,1032,安庆,08:34,NULL,高速动车
G7773,1,1031,合肥南,NULL,07:14,高速动车
G7773,2,1041,铜陵北,07:59,08:01,高速动车
G7773,3,1040,铜陵,08:16,08:18,高速动车
G7773,4,1032,安庆,08:59,NULL,高速动车
G1878,1,1031,合肥南,NULL,07:25,高速动车
G1878,2,1036,淮南南,08:04,08:06,高速动车
G1878,3,1043,阜阳西,08:46,NULL,高速动车
G7732,1,1031,合肥南,NULL,07:32,高速动车
G7732,2,1036,淮南南,08:18,08:20,高速动车
G7732,3,1043,阜阳西,08:54,NULL,高速动车
G9501,1,1031,合肥南,NULL,07:45,高速动车
G9501,2,1037,芜湖,08:29,08:31,高速动车
G9501,3,1023,杭州东,10:15,NULL,高速动车
G7702,1,1031,合肥南,NULL,07:50,高速动车
G7702,2,1036,淮南南,08:29,08:31,高速动车
G7702,3,1043,阜阳西,09:11,NULL,高速动车
G8331,1,1031,合肥南,NULL,08:00,高速动车
G8331,2,1032,安庆,09:27,NULL,高速动车
G7645,1,1043,阜阳西,NULL,06:59,高速动车
G7645,2,1036,淮南南,07:32,07:34,高速动车
G7645,3,1031,合肥南,08:19,08:23,高速动车
G7645,4,1037,芜湖,09:07,09:09,高速动车
G7645,5,1033,宣城,09:37,09:39,高速动车
G7645,6,1023,杭州东,10:43,10:47,高速动车
G7645,7,1021,宁波,11:38,11:46,高速动车
G7645,8,1026,温州南,13:44,NULL,高速动车
G7693,1,1031,合肥南,NULL,08:35,高速动车
G7693,2,1037,芜湖,09:19,09:21,高速动车
G7693,3,1023,杭州东,10:48,10:52,高速动车
G7693,4,1021,宁波,11:47,NULL,高速动车
G7772,1,1032,安庆,NULL,06:51,高速动车
G7772,2,1040,铜陵,07:32,07:34,高速动车
G7772,3,1041,铜陵北,07:48,07:50,高速动车
G7772,4,1031,合肥南,08:42,NULL,高速动车
G7775,1,1031,合肥南,NULL,09:01,高速动车
G7775,2,1041,铜陵北,09:44,09:48,高速动车
G7775,3,1040,铜陵,10:04,10:05,高速动车
G7775,4,1032,安庆,10:46,NULL,高速动车
G7414,1,1045,黄山北,NULL,07:10,高速动车
G7414,2,1031,合肥南,09:05,09:14,高速动车
G7414,3,1035,淮南东,10:07,10:09,高速动车
G7414,4,1039,蚌埠南,10:26,NULL,高速动车
G7722,1,1032,安庆,NULL,07:40,高速动车
G7722,2,1040,铜陵,08:21,08:23,高速动车
G7722,3,1031,合肥南,09:17,09:21,高速动车
G7722,4,1036,淮南南,10:11,10:13,高速动车
G7722,5,1043,阜阳西,10:54,NULL,高速动车
G2806,1,1023,杭州东,NULL,07:16,高速动车
G2806,2,1033,宣城,08:13,08:15,高速动车
G2806,3,1037,芜湖,08:42,08:44,高速动车
G2806,4,1031,合肥南,09:23,09:27,高速动车
G2806,5,1036,淮南南,10:06,10:08,高速动车
G2806,6,1043,阜阳西,10:49,NULL,高速动车
G7721,1,1043,阜阳西,NULL,08:12,高速动车
G7721,2,1031,合肥南,09:26,09:35,高速动车
G7721,3,1041,铜陵北,10:20,10:22,高速动车
G7721,4,1040,铜陵,10:37,10:39,高速动车
G7721,5,1032,安庆,11:20,NULL,高速动车
G1961,1,1043,阜阳西,NULL,08:41,高速动车
G1961,2,1036,淮南南,09:15,09:17,高速动车
G1961,3,1031,合肥南,09:55,09:59,高速动车
G1961,4,1037,芜湖,10:43,10:45,高速动车
G1961,5,1033,宣城,11:19,11:21,高速动车
G1961,6,1023,杭州东,12:26,12:40,高速动车
G1961,7,1021,宁波,13:42,NULL,高速动车
G7746,1,1045,黄山北,NULL,08:10,高速动车
G7746,2,1041,铜陵北,09:12,09:15,高速动车
G7746,3,1031,合肥南,10:00,10:02,高速动车
G7746,4,1036,淮南南,10:41,10:44,高速动车
G7746,5,1043,阜阳西,11:25,NULL,高速动车
G3121,1,1043,阜阳西,NULL,08:59,高速动车
G3121,2,1036,淮南南,09:44,09:46,高速动车
G3121,3,1031,合肥南,10:24,NULL,高速动车
G1438,1,1031,合肥南,NULL,10:39,高速动车
G1438,2,1037,芜湖,11:30,11:32,高速动车
G1438,3,1033,宣城,12:07,NULL,高速动车
G7425,1,1031,合肥南,NULL,10:39,高速动车
G7425,2,1037,芜湖,11:23,11:25,高速动车
G7425,3,1033,宣城,11:53,11:55,高速动车
G7425,4,1023,杭州东,12:59,NULL,高速动车
G7459,1,1031,合肥南,NULL,10:46,高速动车
G7459,2,1041,铜陵北,11:31,11:33,高速动车
G7459,3,1045,黄山北,12:32,NULL,高速动车
G7724,1,1021,宁波,NULL,06:58,高速动车
G7724,2,1023,杭州东,07:57,08:03,高速动车
G7724,3,1037,芜湖,09:48,09:50,高速动车
G7724,4,1031,合肥南,10:46,10:50,高速动车
G7724,5,1036,淮南南,11:29,11:31,高速动车
G7724,6,1043,阜阳西,12:11,NULL,高速动车
G7774,1,1032,安庆,NULL,09:00,高速动车
G7774,2,1040,铜陵,09:41,09:43,高速动车
G7774,3,1041,铜陵北,09:57,10:03,高速动车
G7774,4,1031,合肥南,10:55,NULL,高速动车
G8333,1,1031,合肥南,NULL,10:55,高速动车
G8333,2,1032,安庆,12:15,NULL,高速动车
G3122,1,1031,合肥南,NULL,11:00,高速动车
G3122,2,1036,淮南南,11:39,11:41,高速动车
G3122,3,1043,阜阳西,12:29,NULL,高速动车
G584,1,1031,合肥南,NULL,11:11,高速动车
G584,2,1037,芜湖,12:03,12:05,高速动车
G584,3,1033,宣城,12:33,12:35,高速动车
G584,4,1023,杭州东,13:58,14:00,高速动车
G584,5,1021,宁波,15:03,NULL,高速动车
G7777,1,1031,合肥南,NULL,11:15,高速动车
G7777,2,1041,铜陵北,11:58,12:00,高速动车
G7777,3,1040,铜陵,12:15,12:17,高速动车
G7777,4,1032,安庆,12:58,NULL,高速动车
G2397,1,1043,阜阳西,NULL,09:55,高速动车
G2397,2,1036,淮南南,10:36,10:38,高速动车
G2397,3,1031,合肥南,11:16,11:20,高速动车
G2397,4,1041,铜陵北,12:10,12:12,高速动车
G2397,5,1045,黄山北,13:08,13:31,高速动车
G2397,6,1023,杭州东,15:11,NULL,高速动车
G7731,1,1043,阜阳西,NULL,10:05,高速动车
G7731,2,1036,淮南南,10:46,10:48,高速动车
G7731,3,1031,合肥南,11:27,11:29,高速动车
G7731,4,1037,芜湖,12:19,12:21,高速动车
G7731,5,1033,宣城,13:01,13:04,高速动车
G7731,6,1023,杭州东,14:03,NULL,高速动车
G8332,1,1032,安庆,NULL,10:00,高速动车
G8332,2,1031,合肥南,11:29,NULL,高速动车
G7428,1,1037,芜湖,NULL,10:16,高速动车
G7428,2,1031,合肥南,11:08,11:31,高速动车
G7428,3,1035,淮南东,12:25,12:27,高速动车
G7428,4,1039,蚌埠南,12:44,12:51,高速动车
G7428,5,1012,徐州东,13:44,NULL,高速动车
G7415,1,1039,蚌埠南,NULL,10:41,高速动车
G7415,2,1035,淮南东,10:57,10:59,高速动车
G7415,3,1031,合肥南,11:37,11:41,高速动车
G7415,4,1041,铜陵北,12:24,12:26,高速动车
G7415,5,1045,黄山北,13:29,NULL,高速动车
G3117,1,1043,阜阳西,NULL,10:35,高速动车
G3117,2,1031,合肥南,11:44,11:48,高速动车
G3117,3,1037,芜湖,12:25,12:27,高速动车
G3117,4,1023,杭州东,13:40,NULL,高速动车
G8335,1,1031,合肥南,NULL,11:50,高速动车
G8335,2,1032,安庆,13:17,NULL,高速动车
G3116,1,1043,阜阳西,NULL,10:24,高速动车
G3116,2,1036,淮南南,11:04,11:11,高速动车
G3116,3,1031,合肥南,11:49,11:53,高速动车
G3116,4,1037,芜湖,12:37,12:40,高速动车
G3116,5,1033,宣城,13:08,13:11,高速动车
G3116,6,1023,杭州东,14:10,NULL,高速动车
G1964,1,1021,宁波,NULL,08:18,高速动车
G1964,2,1023,杭州东,09:27,09:32,高速动车
G1964,3,1033,宣城,10:36,10:38,高速动车
G1964,4,1037,芜湖,11:05,11:07,高速动车
G1964,5,1031,合肥南,11:53,11:55,高速动车
G1964,6,1043,阜阳西,13:20,NULL,高速动车
G7701,1,1043,阜阳西,NULL,10:48,高速动车
G7701,2,1036,淮南南,11:28,11:30,高速动车
G7701,3,1031,合肥南,12:08,NULL,高速动车
G3158,1,1043,阜阳西,NULL,11:09,高速动车
G3158,2,1036,淮南南,11:42,11:45,高速动车
G3158,3,1031,合肥南,12:23,12:26,高速动车
G3158,4,1040,铜陵,13:13,13:15,高速动车
G3158,5,1032,安庆,13:59,NULL,高速动车
G7706,1,1031,合肥南,NULL,12:47,高速动车
G7706,2,1036,淮南南,13:33,13:35,高速动车
G7706,3,1043,阜阳西,14:15,NULL,高速动车
G7776,1,1032,安庆,NULL,11:10,高速动车
G7776,2,1040,铜陵,11:51,11:53,高速动车
G7776,3,1041,铜陵北,12:07,12:09,高速动车
G7776,4,1031,合肥南,12:55,NULL,高速动车
G7564,1,1023,杭州东,NULL,10:27,高速动车
G7564,2,1033,宣城,11:31,11:33,高速动车
G7564,3,1037,芜湖,12:00,12:02,高速动车
G7564,4,1031,合肥南,12:53,NULL,高速动车
G7435,1,1031,合肥南,NULL,13:12,高速动车
G7435,2,1037,芜湖,13:56,13:58,高速动车
G7435,3,1033,宣城,14:33,NULL,高速动车
G7779,1,1031,合肥南,NULL,13:22,高速动车
G7779,2,1041,铜陵北,14:07,14:09,高速动车
G7779,3,1040,铜陵,14:24,14:26,高速动车
G7779,4,1032,安庆,15:07,NULL,高速动车
G1792,1,1031,合肥南,NULL,13:44,高速动车
G1792,2,1037,芜湖,14:33,14:35,高速动车
G1792,3,1033,宣城,15:03,15:05,高速动车
G1792,4,1023,杭州东,16:02,NULL,高速动车
G7670,1,1026,温州南,NULL,08:15,高速动车
G7670,2,1021,宁波,10:07,10:10,高速动车
G7670,3,1023,杭州东,11:09,11:11,高速动车
G7670,4,1033,宣城,12:10,12:12,高速动车
G7670,5,1037,芜湖,12:39,12:41,高速动车
G7670,6,1031,合肥南,13:40,NULL,高速动车
G7723,1,1043,阜阳西,NULL,12:38,高速动车
G7723,2,1036,淮南南,13:19,13:21,高速动车
G7723,3,1031,合肥南,14:00,14:02,高速动车
G7723,4,1041,铜陵北,14:44,14:48,高速动车
G7723,5,1040,铜陵,15:03,15:06,高速动车
G7723,6,1032,安庆,15:48,NULL,高速动车
G8334,1,1032,安庆,NULL,12:50,高速动车
G8334,2,1031,合肥南,14:11,NULL,高速动车
G1182,1,1033,宣城,NULL,12:48,高速动车
G1182,2,1037,芜湖,13:21,13:23,高速动车
G1182,3,1031,合肥南,14:15,NULL,高速动车
G7417,1,1031,合肥南,NULL,14:24,高速动车
G7417,2,1037,芜湖,15:15,15:17,高速动车
G7417,3,1033,宣城,15:53,NULL,高速动车
G8337,1,1031,合肥南,NULL,14:30,高速动车
G8337,2,1032,安庆,15:57,NULL,高速动车
G7440,1,1023,杭州东,NULL,12:18,高速动车
G7440,2,1033,宣城,13:21,13:23,高速动车
G7440,3,1037,芜湖,13:50,13:52,高速动车
G7440,4,1031,合肥南,14:38,NULL,高速动车
G7439,1,1031,合肥南,NULL,14:57,高速动车
G7439,2,1037,芜湖,15:41,15:43,高速动车
G7439,3,1033,宣城,16:16,16:18,高速动车
G7439,4,1023,杭州东,17:22,NULL,高速动车
G7742,1,1032,安庆,NULL,13:18,高速动车
G7742,2,1040,铜陵,13:59,14:01,高速动车
G7742,3,1041,铜陵北,14:15,14:17,高速动车
G7742,4,1031,合肥南,15:01,15:05,高速动车
G7742,5,1036,淮南南,15:44,15:46,高速动车
G7742,6,1043,阜阳西,16:26,NULL,高速动车
G1184,1,1031,合肥南,NULL,15:09,高速动车
G1184,2,1037,芜湖,16:03,16:05,高速动车
G1184,3,1033,宣城,16:34,NULL,高速动车
G7778,1,1032,安庆,NULL,13:40,高速动车
G7778,2,1040,铜陵,14:21,14:23,高速动车
G7778,3,1031,合肥南,15:17,NULL,高速动车
G7442,1,1023,杭州东,NULL,12:52,高速动车
G7442,2,1033,宣城,13:55,13:57,高速动车
G7442,3,1037,芜湖,14:24,14:26,高速动车
G7442,4,1031,合肥南,15:12,15:19,高速动车
G7442,5,1036,淮南南,15:58,16:00,高速动车
G7442,6,1043,阜阳西,16:42,NULL,高速动车
G7781,1,1031,合肥南,NULL,15:36,高速动车
G7781,2,1041,铜陵北,16:19,16:21,高速动车
G7781,3,1040,铜陵,16:36,16:38,高速动车
G7781,4,1032,安庆,17:19,NULL,高速动车
G8336,1,1032,安庆,NULL,14:10,高速动车
G8336,2,1031,合肥南,15:38,NULL,高速动车
G7416,1,1045,黄山北,NULL,13:58,高速动车
G7416,2,1041,铜陵北,14:54,14:56,高速动车
G7416,3,1031,合肥南,15:47,NULL,高速动车
G7688,1,1031,合肥南,NULL,15:49,高速动车
G7688,2,1037,芜湖,16:48,16:50,高速动车
G7688,3,1033,宣城,17:18,17:20,高速动车
G7688,4,1023,杭州东,18:18,NULL,高速动车
G7419,1,1031,合肥南,NULL,16:07,高速动车
G7419,2,1041,铜陵北,16:57,16:59,高速动车
G7419,3,1045,黄山北,17:55,NULL,高速动车
G3160,1,1023,杭州东,NULL,13:46,高速动车
G3160,2,1033,宣城,14:44,14:46,高速动车
G3160,3,1037,芜湖,15:13,15:15,高速动车
G3160,4,1031,合肥南,16:01,16:08,高速动车
G3160,5,1036,淮南南,16:47,16:49,高速动车
G3160,6,1043,阜阳西,17:22,NULL,高速动车
G7436,1,1033,宣城,NULL,14:52,高速动车
G7436,2,1037,芜湖,15:25,15:27,高速动车
G7436,3,1031,合肥南,16:13,NULL,高速动车
G8339,1,1031,合肥南,NULL,16:15,高速动车
G8339,2,1032,安庆,17:35,NULL,高速动车
D658,1,1031,合肥南,NULL,16:18,动车组
D658,2,1037,芜湖,17:06,17:08,动车组
D658,3,1033,宣城,17:35,17:37,动车组
D658,4,1023,杭州东,18:46,18:49,动车组
D658,5,1021,宁波,20:17,NULL,动车组
G7705,1,1043,阜阳西,NULL,14:48,高速动车
G7705,2,1031,合肥南,16:19,16:25,高速动车
G7705,3,1037,芜湖,17:16,17:18,高速动车
G7705,4,1033,宣城,17:52,17:54,高速动车
G7705,5,1023,杭州东,19:06,NULL,高速动车
G3118,1,1023,杭州东,NULL,14:30,高速动车
G3118,2,1037,芜湖,15:42,15:44,高速动车
G3118,3,1031,合肥南,16:23,16:27,高速动车
G3118,4,1043,阜阳西,17:35,NULL,高速动车
G7708,1,1023,杭州东,NULL,14:19,高速动车
G7708,2,1033,宣城,15:10,15:20,高速动车
G7708,3,1037,芜湖,15:47,15:49,高速动车
G7708,4,1031,合肥南,16:28,16:32,高速动车
G7708,5,1036,淮南南,17:11,17:13,高速动车
G7708,6,1043,阜阳西,17:53,NULL,高速动车
G7437,1,1031,合肥南,NULL,16:39,高速动车
G7437,2,1037,芜湖,17:23,17:25,高速动车
G7437,3,1033,宣城,18:00,NULL,高速动车
G3114,1,1023,杭州东,NULL,14:37,高速动车
G3114,2,1033,宣城,15:34,15:36,高速动车
G3114,3,1037,芜湖,16:09,16:11,高速动车
G3114,4,1031,合肥南,16:50,16:56,高速动车
G3114,5,1036,淮南南,17:35,17:37,高速动车
G3114,6,1043,阜阳西,18:22,NULL,高速动车
G3156,1,1032,安庆,NULL,15:41,高速动车
G3156,2,1040,铜陵,16:22,16:24,高速动车
G3156,3,1031,合肥南,17:12,17:15,高速动车
G3156,4,1036,淮南南,17:54,17:56,高速动车
G3156,5,1043,阜阳西,18:29,NULL,高速动车
G7780,1,1032,安庆,NULL,15:31,高速动车
G7780,2,1040,铜陵,16:12,16:14,高速动车
G7780,3,1031,合肥南,17:25,NULL,高速动车
G1790,1,1023,杭州东,NULL,14:52,高速动车
G1790,2,1033,宣城,16:00,16:02,高速动车
G1790,3,1037,芜湖,16:35,16:37,高速动车
G1790,4,1031,合肥南,17:23,NULL,高速动车
G1963,1,1043,阜阳西,NULL,16:05,高速动车
G1963,2,1036,淮南南,16:47,16:49,高速动车
G1963,3,1031,合肥南,17:28,17:32,高速动车
G1963,4,1037,芜湖,18:16,18:18,高速动车
G1963,5,1033,宣城,18:46,18:48,高速动车
G1963,6,1023,杭州东,19:46,19:52,高速动车
G1963,7,1021,宁波,20:45,NULL,高速动车
G1962,1,1021,宁波,NULL,14:01,高速动车
G1962,2,1023,杭州东,15:00,15:07,高速动车
G1962,3,1037,芜湖,16:40,16:43,高速动车
G1962,4,1031,合肥南,17:30,17:34,高速动车
G1962,5,1036,淮南南,18:13,18:15,高速动车
G1962,6,1043,阜阳西,18:50,NULL,高速动车
G2395,1,1023,杭州东,NULL,13:39,高速动车
G2395,2,1024,杭州南,13:48,13:50,高速动车
G2395,3,1045,黄山北,15:27,15:47,高速动车
G2395,4,1041,铜陵北,16:49,16:51,高速动车
G2395,5,1031,合肥南,17:35,17:40,高速动车
G2395,6,1036,淮南南,18:19,18:21,高速动车
G2395,7,1043,阜阳西,19:02,NULL,高速动车
G7741,1,1043,阜阳西,NULL,16:12,高速动车
G7741,2,1036,淮南南,16:52,16:54,高速动车
G7741,3,1031,合肥南,17:33,17:41,高速动车
G7741,4,1041,铜陵北,18:24,18:26,高速动车
G7741,5,1040,铜陵,18:41,18:43,高速动车
G7741,6,1032,安庆,19:24,NULL,高速动车
G7424,1,1032,安庆,NULL,16:15,高速动车
G7424,2,1040,铜陵,16:56,16:58,高速动车
G7424,3,1041,铜陵北,17:12,17:14,高速动车
G7424,4,1031,合肥南,17:51,NULL,高速动车
G7783,1,1031,合肥南,NULL,17:52,高速动车
G7783,2,1041,铜陵北,18:35,18:37,高速动车
G7783,3,1040,铜陵,18:52,18:54,高速动车
G7783,4,1032,安庆,19:35,NULL,高速动车
G8338,1,1032,安庆,NULL,16:32,高速动车
G8338,2,1031,合肥南,17:52,NULL,高速动车
G3196,1,1023,杭州东,NULL,15:28,高速动车
G3196,2,1033,宣城,16:32,16:35,高速动车
G3196,3,1037,芜湖,17:08,17:10,高速动车
G3196,4,1031,合肥南,17:56,18:01,高速动车
G3196,5,1036,淮南南,18:40,18:42,高速动车
G3196,6,1043,阜阳西,19:15,NULL,高速动车
G7460,1,1045,黄山北,NULL,16:15,高速动车
G7460,2,1041,铜陵北,17:19,17:21,高速动车
G7460,3,1031,合肥南,18:07,NULL,高速动车
G3123,1,1043,阜阳西,NULL,16:37,高速动车
G3123,2,1036,淮南南,17:22,17:24,高速动车
G3123,3,1031,合肥南,18:09,NULL,高速动车
G7441,1,1043,阜阳西,NULL,17:03,高速动车
G7441,2,1036,淮南南,17:36,17:38,高速动车
G7441,3,1031,合肥南,18:16,18:20,高速动车
G7441,4,1037,芜湖,19:04,19:06,高速动车
G7441,5,1033,宣城,19:34,19:36,高速动车
G7441,6,1023,杭州东,20:39,NULL,高速动车
G1436,1,1033,宣城,NULL,17:12,高速动车
G1436,2,1037,芜湖,17:39,17:41,高速动车
G1436,3,1031,合肥南,18:34,NULL,高速动车
G7707,1,1043,阜阳西,NULL,17:26,高速动车
G7707,2,1036,淮南南,18:06,18:08,高速动车
G7707,3,1031,合肥南,18:46,NULL,高速动车
G3124,1,1031,合肥南,NULL,19:03,高速动车
G3124,2,1036,淮南南,19:49,19:51,高速动车
G3124,3,1043,阜阳西,20:39,NULL,高速动车
G582,1,1021,宁波,NULL,15:37,高速动车
G582,2,1023,杭州东,16:40,16:44,高速动车
G582,3,1033,宣城,17:48,17:50,高速动车
G582,4,1037,芜湖,18:17,18:19,高速动车
G582,5,1031,合肥南,19:05,NULL,高速动车
G248,1,1012,徐州东,NULL,17:33,高速动车
G248,2,1035,淮南东,18:31,18:33,高速动车
G248,3,1031,合肥南,19:19,NULL,高速动车
G7430,1,1012,徐州东,NULL,17:50,高速动车
G7430,2,1039,蚌埠南,18:26,18:28,高速动车
G7430,3,1035,淮南东,18:44,18:46,高速动车
G7430,4,1031,合肥南,19:25,19:29,高速动车
G7430,5,1037,芜湖,20:14,NULL,高速动车
G8340,1,1032,安庆,NULL,18:20,高速动车
G8340,2,1031,合肥南,19:33,NULL,高速动车
G7782,1,1032,安庆,NULL,18:00,高速动车
G7782,2,1040,铜陵,18:41,18:43,高速动车
G7782,3,1031,合肥南,19:37,NULL,高速动车
G7743,1,1043,阜阳西,NULL,18:30,高速动车
G7743,2,1036,淮南南,19:10,19:12,高速动车
G7743,3,1031,合肥南,19:50,19:54,高速动车
G7743,4,1041,铜陵北,20:44,20:46,高速动车
G7743,5,1040,铜陵,21:01,21:03,高速动车
G7743,6,1032,安庆,21:44,NULL,高速动车
G7438,1,1033,宣城,NULL,18:36,高速动车
G7438,2,1037,芜湖,19:09,19:11,高速动车
G7438,3,1031,合肥南,19:57,NULL,高速动车
G2805,1,1043,阜阳西,NULL,18:45,高速动车
G2805,2,1036,淮南南,19:26,19:28,高速动车
G2805,3,1031,合肥南,20:07,20:11,高速动车
G2805,4,1037,芜湖,20:55,20:57,高速动车
G2805,5,1033,宣城,21:25,21:27,高速动车
G2805,6,1023,杭州东,22:24,NULL,高速动车
D2264,1,1031,合肥南,NULL,20:19,动车组
D2264,2,1037,芜湖,21:07,21:09,动车组
D2264,3,1033,宣城,21:36,21:38,动车组
D2264,4,1023,杭州东,22:47,NULL,动车组
G7646,1,1026,温州南,NULL,14:33,高速动车
G7646,2,1021,宁波,16:31,16:36,高速动车
G7646,3,1023,杭州东,17:43,17:45,高速动车
G7646,4,1033,宣城,18:38,18:41,高速动车
G7646,5,1037,芜湖,19:15,19:17,高速动车
G7646,6,1031,合肥南,20:03,20:19,高速动车
G7646,7,1036,淮南南,20:58,21:00,高速动车
G7646,8,1043,阜阳西,21:40,NULL,高速动车
G7785,1,1031,合肥南,NULL,20:25,高速动车
G7785,2,1041,铜陵北,21:08,21:10,高速动车
G7785,3,1040,铜陵,21:25,21:27,高速动车
G7785,4,1032,安庆,22:08,NULL,高速动车
G7426,1,1023,杭州东,NULL,18:10,高速动车
G7426,2,1033,宣城,19:21,19:23,高速动车
G7426,3,1037,芜湖,19:50,19:52,高速动车
G7426,4,1031,合肥南,20:38,NULL,高速动车
G7747,1,1043,阜阳西,NULL,19:16,高速动车
G7747,2,1036,淮南南,19:56,19:58,高速动车
G7747,3,1031,合肥南,20:37,20:41,高速动车
G7747,4,1041,铜陵北,21:17,21:19,高速动车
G7747,5,1045,黄山北,22:15,NULL,高速动车
G3170,1,1043,阜阳西,NULL,20:05,高速动车
G3170,2,1036,淮南南,20:52,20:54,高速动车
G3170,3,1031,合肥南,21:32,NULL,高速动车
G7744,1,1032,安庆,NULL,19:48,高速动车
G7744,2,1040,铜陵,20:29,20:31,高速动车
G7744,3,1041,铜陵北,20:45,20:47,高速动车
G7744,4,1031,合肥南,21:31,21:35,高速动车
G7744,5,1036,淮南南,22:14,22:16,高速动车
G7744,6,1043,阜阳西,22:49,NULL,高速动车
G7784,1,1032,安庆,NULL,19:58,高速动车
G7784,2,1040,铜陵,20:39,20:41,高速动车
G7784,3,1041,铜陵北,20:55,20:57,高速动车
G7784,4,1031,合肥南,21:42,NULL,高速动车
G9502,1,1023,杭州东,NULL,20:19,高速动车
G9502,2,1033,宣城,21:09,21:11,高速动车
G9502,3,1037,芜湖,21:38,21:40,高速动车
G9502,4,1031,合肥南,22:19,NULL,高速动车
G7786,1,1032,安庆,NULL,20:54,高速动车
G7786,2,1040,铜陵,21:35,21:37,高速动车
G7786,3,1031,合肥南,22:24,NULL,高速动车
G7538,1,1026,温州南,NULL,17:22,高速动车
G7538,2,1021,宁波,19:13,19:16,高速动车
G7538,3,1023,杭州东,20:23,20:27,高速动车
G7538,4,1033,宣城,21:24,21:26,高速动车
G7538,5,1037,芜湖,21:53,21:56,高速动车
G7538,6,1031,合肥南,22:36,NULL,高速动车
1148,1,1011,徐州,NULL,06:56,普快
1148,2,1013,新沂,08:13,08:17,普快
1148,3,1017,连云港,09:15,09:19,普快
1148,4,1018,连云港东,09:51,NULL,普快
K1598,1,1013,新沂,NULL,01:06,快速
K1598,2,1011,徐州,03:18,NULL,快速
G1852,1,1012,徐州东,NULL,10:37,高速动车
G1852,2,1017,连云港,13:01,NULL,高速动车
1552,1,1018,连云港东,NULL,08:27,普快
1552,2,1017,连云港,08:55,09:01,普快
1552,3,1013,新沂,10:00,10:04,普快
1552,4,1011,徐州,11:31,NULL,普快
K1596,1,1011,徐州,NULL,22:36,快速
K1596,2,1013,新沂,00:19,NULL,快速
K245,1,1014,盐城,NULL,13:15,快速
K245,2,1013,新沂,17:15,17:19,快速
K245,3,1011,徐州,18:35,NULL,快速
G2630,1,1017,连云港,NULL,20:22,高速动车
G2630,2,1014,盐城,21:55,NULL,高速动车
G2632,1,1014,盐城,NULL,07:20,高速动车
G2632,2,1017,连云港,08:55,NULL,高速动车
1551,1,1011,徐州,NULL,03:45,普快
1551,2,1013,新沂,05:09,05:12,普快
1551,3,1017,连云港,06:32,06:43,普快
1551,4,1018,连云港东,07:12,NULL,普快
G7659,1,1023,杭州东,NULL,06:33,高速动车
G7659,2,1021,宁波,07:45,07:47,高速动车
G7659,3,1026,温州南,09:53,NULL,高速动车
Z31,1,1028,金华,NULL,04:59,直达特快
Z31,2,1021,宁波,08:38,NULL,直达特快
G7482,1,1026,温州南,NULL,06:37,高速动车
G7482,2,1021,宁波,08:40,08:48,高速动车
G7482,3,1024,杭州南,09:57,10:19,高速动车
G7482,4,1045,黄山北,11:52,NULL,高速动车
G7402,1,1021,宁波,NULL,12:05,高速动车
G7402,2,1023,杭州东,13:04,13:10,高速动车
G7402,3,1033,宣城,14:14,14:16,高速动车
G7402,4,1040,铜陵,15:30,15:32,高速动车
G7402,5,1032,安庆,16:14,NULL,高速动车
D4653,1,1026,温州南,NULL,12:39,动车组
D4653,2,1021,宁波,14:36,NULL,动车组
D4651,1,1021,宁波,NULL,15:05,动车组
D4651,2,1026,温州南,16:52,NULL,动车组
D3169,1,1023,杭州东,NULL,16:24,动车组
D3169,2,1021,宁波,17:27,17:33,动车组
D3169,3,1026,温州南,19:29,NULL,动车组
G7484,1,1045,黄山北,NULL,15:20,高速动车
G7484,2,1024,杭州南,17:04,17:24,高速动车
G7484,3,1021,宁波,18:26,18:32,高速动车
G7484,4,1026,温州南,20:36,NULL,高速动车
G7408,1,1032,安庆,NULL,08:42,高速动车
G7408,2,1040,铜陵,09:23,09:25,高速动车
G7408,3,1033,宣城,10:39,10:41,高速动车
G7408,4,1023,杭州东,11:46,NULL,高速动车
G7404,1,1032,安庆,NULL,16:34,高速动车
G7404,2,1040,铜陵,17:15,17:17,高速动车
G7404,3,1033,宣城,18:23,18:26,高速动车
G7404,4,1023,杭州东,19:33,NULL,高速动车
G7406,1,1023,杭州东,NULL,17:40,高速动车
G7406,2,1033,宣城,18:48,18:52,高速动车
G7406,3,1040,铜陵,19:59,20:01,高速动车
G7406,4,1032,安庆,20:42,NULL,高速动车
K246,1,1011,徐州,NULL,23:59,快速
K246,2,1013,新沂,01:15,01:18,快速
K246,3,1014,盐城,04:13,NULL,快速
G1838,1,1017,连云港,NULL,10:41,高速动车
G1838,2,1012,徐州东,12:59,NULL,高速动车
K1624,1,1042,阜阳,NULL,23:27,快速
K1624,2,1011,徐州,02:37,03:04,快速
K1624,3,1013,新沂,04:31,04:36,快速
K1624,4,1017,连云港,05:36,05:40,快速
K1624,5,1018,连云港东,06:08,NULL,快速
K8399,1,1011,徐州,NULL,06:42,快速
K8399,2,1013,新沂,08:06,08:09,快速
K8399,3,1017,连云港,09:07,09:12,快速
K8399,4,1018,连云港东,09:40,NULL,快速
K8380,1,1018,连云港东,NULL,08:46,快速
K8380,2,1017,连云港,09:14,09:20,快速
K8380,3,1013,新沂,10:13,10:18,快速
K8380,4,1011,徐州,11:42,NULL,快速
K8373,1,1011,徐州,NULL,14:05,快速
K8373,2,1013,新沂,15:29,15:32,快速
K8373,3,1017,连云港,16:23,16:27,快速
K8373,4,1018,连云港东,16:55,NULL,快速
K8379,1,1011,徐州,NULL,15:20,快速
K8379,2,1013,新沂,16:44,16:47,快速
K8379,3,1017,连云港,17:46,17:51,快速
K8379,4,1018,连云港东,18:19,NULL,快速
K8395,1,1011,徐州,NULL,17:31,快速
K8395,2,1013,新沂,18:57,19:01,快速
K8395,3,1017,连云港,20:01,20:08,快速
K8395,4,1018,连云港东,20:36,NULL,快速
K1626,1,1018,连云港东,NULL,16:36,快速
K1626,2,1017,连云港,17:05,17:13,快速
K1626,3,1013,新沂,18:18,18:22,快速
K1626,4,1011,徐州,19:47,20:00,快速
K1626,5,1042,阜阳,22:39,NULL,快速
K1068,1,1042,阜阳,NULL,16:51,快速
K1068,2,1011,徐州,20:06,20:30,快速
K1068,3,1013,新沂,22:21,NULL,快速
K1066,1,1013,新沂,NULL,19:21,快速
K1066,2,1011,徐州,21:04,21:23,快速
K1066,3,1042,阜阳,00:11,NULL,快速
D5681,1,1012,徐州东,NULL,07:00,动车组
D5681,2,1017,连云港,09:35,NULL,动车组
D5667,1,1012,徐州东,NULL,07:50,动车组
D5667,2,1014,盐城,10:00,NULL,动车组
D5691,1,1017,连云港,NULL,07:40,动车组
D5691,2,1012,徐州东,10:17,NULL,动车组
D5669,1,1012,徐州东,NULL,10:45,动车组
D5669,2,1014,盐城,12:42,NULL,动车组
D5668,1,1014,盐城,NULL,09:05,动车组
D5668,2,1012,徐州东,11:14,NULL,动车组
D5671,1,1012,徐州东,NULL,11:40,动车组
D5671,2,1014,盐城,13:42,NULL,动车组
D5670,1,1014,盐城,NULL,10:18,动车组
D5670,2,1012,徐州东,12:13,NULL,动车组
D5683,1,1017,连云港,NULL,09:55,动车组
D5683,2,1012,徐州东,12:26,NULL,动车组
D5673,1,1012,徐州东,NULL,12:31,动车组
D5673,2,1014,盐城,14:27,NULL,动车组
D5685,1,1012,徐州东,NULL,12:49,动车组
D5685,2,1017,连云港,15:20,NULL,动车组
G2641,1,1012,徐州东,NULL,13:01,高速动车
G2641,2,1014,盐城,15:05,NULL,高速动车
D5672,1,1014,盐城,NULL,13:05,动车组
D5672,2,1012,徐州东,15:02,NULL,动车组
D5675,1,1012,徐州东,NULL,15:28,动车组
D5675,2,1014,盐城,17:30,NULL,动车组
D5674,1,1014,盐城,NULL,14:06,动车组
D5674,2,1012,徐州东,16:10,NULL,动车组
D5677,1,1012,徐州东,NULL,16:36,动车组
D5677,2,1014,盐城,18:37,NULL,动车组
D5676,1,1014,盐城,NULL,14:50,动车组
D5676,2,1012,徐州东,16:53,NULL,动车组
D5679,1,1012,徐州东,NULL,17:30,动车组
D5679,2,1014,盐城,19:39,NULL,动车组
G2642,1,1014,盐城,NULL,16:30,高速动车
G2642,2,1012,徐州东,18:33,NULL,高速动车
D5687,1,1017,连云港,NULL,16:04,动车组
D5687,2,1012,徐州东,18:42,NULL,动车组
D5689,1,1012,徐州东,NULL,19:00,动车组
D5689,2,1017,连云港,21:31,NULL,动车组
D5678,1,1014,盐城,NULL,18:00,动车组
D5678,2,1012,徐州东,20:09,NULL,动车组
G1851,1,1017,连云港,NULL,18:29,高速动车
G1851,2,1012,徐州东,20:53,NULL,高速动车
D5680,1,1014,盐城,NULL,19:10,动车组
D5680,2,1012,徐州东,21:12,NULL,动车组
G2059,1,1017,连云港,NULL,12:59,高速动车
G2059,2,1014,盐城,14:35,NULL,高速动车
G2060,1,1014,盐城,NULL,14:38,高速动车
G2060,2,1017,连云港,16:13,NULL,高速动车
Z45,1,1028,金华,NULL,05:06,直达特快
Z45,2,1022,杭州,06:59,NULL,直达特快
D5491,1,1022,杭州,NULL,08:45,动车组
D5491,2,1028,金华,10:19,10:23,动车组
D5491,3,1027,衢州,11:08,NULL,动车组
T7786,1,1028,金华,NULL,07:40,特快
T7786,2,1022,杭州,09:50,NULL,特快
T7785,1,1022,杭州,NULL,16:08,特快
T7785,2,1028,金华,17:58,NULL,特快
D5492,1,1027,衢州,NULL,17:11,动车组
D5492,2,1028,金华,17:53,17:56,动车组
D5492,3,1022,杭州,19:31,NULL,动车组
Z47,1,1022,杭州,NULL,22:45,直达特快
Z47,2,1028,金华,00:25,NULL,直达特快
G7361,1,1023,杭州东,NULL,05:50,高速动车
G7361,2,1028,金华,06:40,06:42,高速动车
G7361,3,1027,衢州,07:03,NULL,高速动车
D5586,1,1045,黄山北,NULL,05:52,动车组
D5586,2,1023,杭州东,07:18,NULL,动车组
D5590,1,1045,黄山北,NULL,06:00,动车组
D5590,2,1023,杭州东,07:32,NULL,动车组
D5577,1,1023,杭州东,NULL,09:00,动车组
D5577,2,1045,黄山北,10:52,NULL,动车组
D5578,1,1045,黄山北,NULL,11:12,动车组
D5578,2,1023,杭州东,12:59,NULL,动车组
D5581,1,1023,杭州东,NULL,13:22,动车组
D5581,2,1045,黄山北,15:08,NULL,动车组
D5582,1,1045,黄山北,NULL,12:58,动车组
D5582,2,1023,杭州东,14:54,NULL,动车组
D5579,1,1023,杭州东,NULL,16:07,动车组
D5579,2,1045,黄山北,17:50,NULL,动车组
D5585,1,1023,杭州东,NULL,19:25,动车组
D5585,2,1045,黄山北,21:09,NULL,动车组
D5580,1,1045,黄山北,NULL,18:15,动车组
D5580,2,1023,杭州东,20:07,NULL,动车组
D5589,1,1023,杭州东,NULL,21:00,动车组
D5589,2,1045,黄山北,22:32,NULL,动车组
